modelId,viewCount
1811313,10115
827184,9544
443821,8045
133005,5056
620406,5055
257749,4220
2053259,4091
376130,4002
1307155,3833
2168935,3726
2242173,3687
958009,3611
4201,3499
897413,3479
2458426,3371
24350,3169
118111,3053
1318945,2982
1224788,2855
1972981,2672
1134825,2632
15003,2614
667086,2439
2270401,2362
1513492,2301
1995784,2227
2382648,2134
503815,2007
140272,1920
580857,1872
1981116,1868
2003153,1854
372465,1792
4384,1782
411088,1756
1368727,1716
621441,1679
2237711,1675
1277670,1654
139562,1651
1862761,1621
573152,1581
934764,1556
82543,1537
795765,1534
1262735,1530
1098213,1481
2458343,1476
2446218,1472
43331,1461
2447875,1448
1110783,1443
618692,1439
715287,1421
833294,1384
2457790,1365
1824027,1364
2401267,1335
2221503,1334
856375,1320
1025051,1317
994401,1295
1662740,1246
2429545,1232
700365,1223
6424,1214
2206377,1204
2409202,1152
1641408,1129
2359125,1126
166609,1122
341353,1117
1145743,1117
2079192,1082
974693,1069
960593,1064
2436401,1063
1609320,1056
2436408,1054
277058,1039
2442789,1036
2459382,1024
847101,1024
1776467,1023
1302719,1019
2384856,1006
705447,1005
1331682,985
112299,942
2354193,942
2348977,941
1884582,939
1874811,938
1125067,938
2138899,921
2416142,920
2385278,918
2088956,903
2448150,900
2661,899
2459059,899
1549210,890
2183555,877
1823089,873
1620407,865
1045588,861
2027766,860
122359,855
2319552,847
2304577,845
1950841,835
1962545,831
288584,824
2438778,820
480835,819
2004155,819
2318870,812
1874153,811
579632,808
1162518,807
144203,807
2457423,801
2320999,798
1386234,796
1285942,794
2292336,791
1654909,788
112902,788
652699,788
1963101,787
2040641,781
1409408,781
9409,776
681901,775
2443867,768
2253524,766
423398,753
1428098,752
2046189,749
2310920,746
1847730,729
147759,725
260267,714
1903424,711
2081804,706
926443,706
1718584,706
1497390,704
153568,703
312530,701
1817671,700
1295758,696
2458332,696
1272455,693
2342797,692
2027139,683
915918,681
1442763,681
2400306,680
2401251,674
1060551,673
2459697,672
2322988,670
2457982,668
2433637,663
2459140,660
1269557,659
1449665,659
1818841,659
330790,658
1936965,658
2363696,657
1442761,653
2345999,645
1098033,644
1307857,636
1377820,633
1544647,632
101055,632
1939453,628
2268008,624
1353456,622
1922973,621
226533,616
2306310,614
25694,607
2401247,604
2444491,603
2167203,602
2253048,601
2456167,599
7240,594
1480704,594
579280,590
2457882,590
964312,590
439889,589
2454012,589
2453960,588
1562047,588
1911812,580
1354549,580
2023407,576
2458064,576
2066654,574
2105650,573
2430193,572
2457995,572
2279079,570
2190659,570
2458086,570
1395313,566
1449750,565
2458359,563
599757,563
2322332,561
2459363,560
2332473,559
1978283,555
2378690,553
1434650,553
3671,553
2220,552
1984400,544
2456598,543
1363187,540
1446549,538
2190716,538
2184844,534
24149,531
2458476,529
4468,528
1499387,525
1479841,525
2457796,522
929497,519
2457925,519
2401254,518
1476909,517
2401258,517
2457722,512
1188071,512
2339965,507
100435,506
2027137,501
2458188,501
2445970,501
964011,496
1319117,493
404154,492
2031069,488
2455037,487
2091024,486
1173463,485
2456654,485
7808,485
2455682,484
1518336,483
123313,482
1376731,482
927773,477
1855263,476
2340297,476
200255,475
2238101,473
1691421,472
2167995,472
352159,472
2456240,471
1985613,471
2428293,470
1717562,469
2458607,469
1240873,468
2458720,468
2174081,466
2458776,465
9025,464
1734535,463
1412827,463
2458203,462
1350655,461
1593793,461
2269796,458
1090420,458
2458732,456
1332917,454
2218365,454
2392915,453
1585622,452
2456487,451
2455272,451
992378,450
2459540,449
1376203,448
2312166,447
2331032,445
943607,444
97479,444
2186721,443
2459235,439
2459236,436
465379,435
1692152,433
2390716,433
116225,433
1869475,430
2026594,430
1261882,430
468146,428
2457714,428
1541588,427
2458560,426
1851673,425
1595884,425
2458576,424
1899045,424
1803312,423
1861415,423
2458304,421
1648982,421
2313534,420
971952,420
2381927,417
2413983,416
2444935,415
2459640,415
2459505,413
1063772,412
2459756,409
2227622,408
876652,408
575395,408
1991867,407
7371,407
2458678,406
2459867,405
2448189,403
741620,402
1400090,401
1632416,400
174687,399
2304665,398
1270607,397
1359028,397
2393137,396
77976,395
2442929,394
1822984,394
1645577,393
585488,392
1665945,392
846917,390
25494,390
1330309,390
2128936,389
58390,389
996220,388
2282970,388
1943415,388
2374977,387
1350447,386
2456724,385
2137833,385
2368430,384
2165902,383
1092352,381
2443441,380
1319951,379
264290,377
2457778,377
2459665,377
1426284,376
2459018,375
1620022,375
2177108,375
2458242,373
2430565,372
2456199,371
2431521,370
2289463,369
2458452,368
213206,368
612477,368
2446238,366
2448025,364
495439,364
2078140,363
2438533,363
2452763,361
2193942,360
1864281,359
1266484,359
2459512,358
628775,358
2247533,357
178169,356
1353314,355
1862393,355
2459871,354
2339723,353
2027114,353
2456455,353
2397705,353
481016,352
2458131,352
1738734,352
1608866,352
1622300,351
176554,350
996495,350
1341372,349
2058077,349
2458864,348
1467532,348
2458407,348
1570986,347
1631459,347
2231076,346
1047553,346
2458158,346
2458710,346
938116,344
194768,342
139131,342
2316517,341
2459219,340
1610676,340
177792,340
1343431,339
1379962,339
2174733,338
1983608,338
1350617,337
86788,337
2454433,336
837884,335
1608870,335
2299142,335
1295193,333
2458863,332
2451418,332
2458822,332
2457848,332
1366758,332
146522,331
1681612,331
16014,330
967405,330
2458898,328
212532,328
2148595,327
2459552,327
2434294,326
2455812,326
2456015,324
1741285,324
7563,324
2169712,324
2458537,323
1200733,322
1065154,322
2448369,321
2425555,321
2448294,321
1951928,321
1439962,320
1717303,320
2246542,319
2457337,319
2306894,317
2268063,317
2367858,317
296576,317
2458365,316
1896397,316
861840,316
1033851,316
1689192,316
2457521,315
831683,314
2458417,314
820208,313
2458463,313
2344781,311
679262,311
790652,311
2447486,311
1273929,311
2460168,310
2458517,309
2455942,309
2457577,308
2143490,307
2442592,307
138630,306
2459829,306
1501149,306
2459723,305
2456552,304
136070,304
2457873,303
1775002,303
2458879,303
2453633,302
1135451,302
1940244,302
1103074,302
2459742,301
2442947,301
2458772,300
1486904,300
2439952,300
1368557,299
2423441,298
1952032,298
2458047,298
2435474,297
300005,297
2457955,296
2364703,296
1913233,296
1295569,295
1976055,295
2455623,295
1031130,294
10364,292
618578,291
827482,291
2311905,291
2147591,290
2409134,290
2222911,290
1901521,290
2229037,289
1175632,289
2247663,289
1967237,288
2259527,288
2086389,287
2458982,286
1309369,286
2364658,286
2429792,286
2401308,286
2459970,285
178167,284
436803,284
989367,283
949821,283
2458595,282
1721372,281
8281,281
2457518,281
2457598,280
1457591,280
2176039,278
2458346,277
2182526,277
1091495,277
2458102,277
2443478,277
660535,276
1264720,276
2070335,276
1852647,275
2436859,275
2459076,275
1343950,274
2173571,274
2078995,274
1324564,274
664077,273
2445871,273
1389735,273
2459594,273
2413819,273
1423866,273
1651835,272
2430147,271
534506,271
2446418,271
987736,270
2380568,270
2459341,270
1566648,270
1615922,269
2445141,269
2457698,269
1953143,269
404277,268
203014,268
2458356,268
1316436,268
562884,267
1444759,267
2453208,266
2458438,266
2339837,266
1170176,265
585589,265
2451718,265
2394933,265
2401204,264
2265648,264
2324991,264
2324315,263
2308157,263
2390681,263
46422,263
2457920,263
148955,263
99619,262
10961,261
1946997,261
2459023,261
2310716,260
41636,260
2457845,260
1499909,260
2456411,259
1371634,259
2295882,259
2438043,259
2067704,259
2079276,259
2457643,258
1866565,257
2458770,256
2458062,256
1921196,256
1257570,255
2459396,255
2455618,255
2086049,255
2205140,254
2459016,254
2455733,254
2403747,254
709404,253
2459292,253
1778048,253
2458035,252
2457827,252
1412193,252
858800,252
1501763,251
2459419,251
1087898,251
135477,251
1884704,250
2459149,250
2272580,250
2459316,250
2458868,249
2454501,249
1954774,249
2439797,248
2459798,248
2209262,248
2458845,247
345962,247
2409672,247
1856843,247
2405839,246
2400567,246
1716396,246
578825,245
2387901,244
2442378,243
2305301,243
2268912,243
2408505,243
1348700,242
2437696,242
2109996,242
2330009,242
1951069,242
2459729,242
2294035,241
1215102,241
2185778,241
655753,240
2457909,240
1772230,240
1688671,239
2458479,239
694493,238
2458349,238
918104,238
2326122,238
2459378,237
2456602,237
1502316,237
81458,237
2447815,237
1643871,236
2457841,236
2236064,236
2294204,235
2358480,235
1906148,235
1110813,234
2457065,234
1523962,234
1281545,234
2332540,234
2008663,234
2437754,234
1586542,233
1817819,233
978314,233
2455427,232
2333721,232
2270894,231
626603,231
2458502,231
481765,231
1343182,230
2459644,230
2356674,230
2199345,230
2415318,230
2457606,230
2394814,229
9942,229
2583,229
1340403,228
96933,228
1992179,228
2459526,228
2426265,228
2460104,228
2458905,228
2047608,227
2387538,227
2390693,227
2403419,227
1999215,227
2457938,227
1369089,227
1333923,227
326320,227
2457363,226
2460300,226
2189190,226
2276359,226
1952945,225
825880,225
2035274,225
1465491,225
141300,225
2095336,225
1266894,225
2232336,225
2448956,225
2457610,224
947605,224
2458533,224
2459356,224
111274,224
108836,223
2201455,223
2438592,223
1712191,223
2459287,223
2421070,222
2431573,222
927305,221
2457233,221
2338192,221
2458526,221
1760346,221
2424454,221
2291192,220
534599,220
469902,220
941345,220
1716960,220
2459833,220
2359268,220
2446144,220
830230,219
2441229,219
2460124,218
2385036,218
2304098,217
2357375,217
647926,217
778691,216
2203691,216
2445735,216
2341933,216
2458421,215
2456768,215
2230417,215
789313,214
1337157,214
2436475,214
2457842,213
1280702,213
1352629,213
1482734,212
2457990,212
2257259,212
2003939,212
2451827,211
2437952,211
2458176,211
2234266,211
2121900,211
2440349,210
2141634,210
1963017,210
2392003,210
2029062,210
2311601,209
2314752,209
61099,209
2438604,208
339604,208
1155749,208
2048863,208
2458494,207
2447493,207
2438484,207
14171,207
2457488,207
2223599,207
2368333,207
2171333,206
2458114,206
784543,205
2388465,205
1772470,205
2447159,204
1105685,204
2456403,204
2457215,203
966483,203
2457934,203
898122,203
1815169,202
2457915,202
2438378,202
84728,202
929724,202
2454810,202
2458778,202
2430567,202
2231351,202
2457856,202
2198604,202
929685,202
453428,201
2459578,201
276082,201
2391667,200
2206794,200
1313556,200
2457351,199
1854124,199
1231943,199
2455794,199
2352621,199
2456787,199
2449215,199
2391739,198
2425578,198
2447017,198
1939953,198
1541932,198
2458051,198
1559047,198
1944129,197
2452980,197
2322189,197
2197716,197
2233797,197
1256683,197
2458615,196
2457335,196
120096,195
949620,195
2414383,195
2457542,195
856285,195
8877,195
38784,194
1255024,194
638187,194
2143379,194
1025710,194
2355813,193
2141802,193
2236648,193
1859777,193
2036919,192
1015562,192
2057666,192
749060,192
2103050,192
2459220,192
2457895,192
550870,191
1486921,191
2247803,191
1325426,190
2458458,190
2008892,190
1445226,190
2185167,189
2347619,189
1540768,189
2007360,188
2383960,188
2459350,188
2182806,188
1360673,188
2457889,188
1874099,188
2193783,188
1513601,188
1826240,187
479756,187
2337265,187
2442505,187
2460181,187
2438221,186
131986,186
2459000,186
1359846,186
2459092,186
2459976,186
2418819,186
2458666,185
2383017,185
207101,185
322121,185
1001945,185
1359594,184
2457425,184
2454514,184
1335266,184
2459750,184
2440882,183
2435907,183
2452433,183
1185671,183
1972311,183
298301,183
2015860,182
2134639,182
1100721,181
2289084,181
1110156,181
2192562,181
2356447,181
1034922,181
1802623,181
365758,181
1873385,181
2458360,180
1153773,180
1028231,180
2457394,180
2445302,180
2332978,180
672573,180
486765,180
2458617,179
2457293,179
2459718,179
2301452,179
2178383,179
2170147,179
2459568,179
2411140,179
704938,179
82098,179
2436734,178
2145075,178
1987345,178
2450739,178
2459181,178
1932929,178
338712,177
2439472,177
2456620,177
835655,177
2455809,177
2457242,176
2356056,176
1062439,176
502468,176
2459979,176
1410317,176
1852904,176
1913617,176
645787,175
1375570,175
2457369,175
500352,175
62760,175
764517,175
2293522,175
2442109,175
1885100,175
95050,175
1349168,175
641919,175
23900,175
2335474,175
2436104,174
4629,174
1747709,174
2460196,174
2446717,174
768917,174
2435881,174
1075466,174
1376005,174
403361,173
2256350,173
507472,173
428826,173
99174,173
2459740,173
533302,172
2323362,172
2318168,172
2458659,172
723360,171
1673823,171
2311742,171
2458186,171
2459492,171
1965943,171
2256925,170
1132089,170
2070771,170
753078,170
1092465,170
2377659,169
2442762,169
2457987,169
161431,169
1359316,169
1934100,169
2457021,169
2457821,169
2457066,168
2069477,168
1361346,168
2448352,168
1264662,168
350450,168
2405737,168
2459331,168
402667,167
132632,167
2232205,166
489668,166
20120,166
2458826,166
2327401,166
2457199,166
2438449,165
140737,165
2457210,165
2440253,165
520661,165
2460163,165
2440865,165
643227,165
869634,164
674027,164
2459892,164
1057628,164
2291679,164
2458347,163
888231,163
477074,163
2459674,163
2255041,162
136054,162
2459875,162
2438580,162
573434,162
2458674,162
2457859,162
2299623,162
2384710,161
2459428,161
2456254,161
2240867,161
2215920,161
532569,161
1894970,161
2271628,161
2168276,161
2454477,161
2457926,160
1532032,160
2190193,160
2239013,160
376031,159
2424444,159
2100959,159
1790792,159
2319913,159
1028256,159
2458698,159
2135695,159
2456745,159
168949,159
2458272,159
2329764,159
1657256,159
2141089,159
2063193,159
2110981,158
2437126,158
1128288,158
2460269,158
2456195,158
432586,158
1319675,158
2313997,158
2458890,157
2458771,157
796382,157
1570391,157
2415528,157
2163063,157
2460064,157
1703224,157
2454473,157
2382745,157
2459557,156
2457950,156
2438612,156
2458986,156
2459162,156
591433,156
2456259,156
2459123,156
2417931,155
2220024,155
2458275,155
2203685,155
2090750,155
2083588,154
1115264,154
438059,154
2459200,154
2457558,154
2338837,154
2458430,154
608493,154
4451,153
2096105,153
416136,153
2451936,153
2460167,153
2458017,153
1293719,153
1115064,153
26124,153
2448980,153
1684460,152
2362961,152
1942194,152
2449637,152
2454555,152
2049756,152
2400067,152
556479,151
1716535,151
2460256,151
2458891,151
2384316,151
2436391,151
2004228,150
2446219,150
730204,150
2002532,150
2454044,150
2441419,150
2318520,150
2458529,150
2327389,150
2370969,150
1018217,150
119229,150
1309512,149
1387077,149
2116267,149
2231253,149
2299086,149
1904367,149
2458190,149
2457591,149
2440293,149
36520,149
2458785,148
2458660,148
2457328,148
2446700,148
2047996,148
2459213,148
2414435,148
2459527,148
2166732,147
2389430,147
1823416,147
446163,147
2454645,147
1861480,147
2340958,147
2119037,147
273253,147
2457168,147
2456363,146
1631034,146
2134584,146
2459156,146
2458623,146
2452109,146
2454507,146
2454356,146
2460378,146
949488,146
1285927,145
2460000,145
47274,145
44960,145
1681403,145
2458734,145
2197092,145
2459317,145
22530,145
767717,145
2062140,145
1232765,144
456882,144
2112600,144
2440571,144
2438586,144
2430576,144
483162,144
2453356,144
1003513,144
2412680,144
1034111,144
683695,144
217340,144
2456504,144
796670,143
2460111,143
2011853,143
1361228,143
2196133,143
821679,143
2453360,143
2456689,143
729153,143
7957,142
2436453,142
2457206,142
45448,142
1925404,142
408483,142
2402485,142
2457049,142
2436228,142
2457322,142
11161,141
2340551,141
2268047,141
2442399,141
1059581,141
1293552,141
621659,141
2336349,141
1335716,141
2459402,141
2457117,141
2100616,140
2457801,140
2353383,140
2459503,140
2200286,140
2417333,140
2196685,140
2308682,139
2456851,139
8030,139
2444591,139
2363950,139
2427044,139
1333749,139
2456075,139
2415401,139
1816434,139
2457372,139
2459320,139
2428615,139
2205459,139
2400540,138
2457865,138
2459795,138
147821,138
2454783,138
2013051,138
362745,138
1219622,138
2457603,138
1364982,138
1844246,138
2457114,138
2458661,138
2121078,138
2457034,137
12542,137
2370678,137
1683233,137
1297230,137
10019,137
5529,137
2356189,137
167318,137
2386331,137
2458461,137
1702941,137
2120869,136
2196857,136
948310,136
920709,136
1551899,136
1868641,136
588622,136
1981666,136
71185,136
2457247,135
2448989,135
2458362,135
2459894,135
2151205,135
200251,135
2377376,135
1918611,135
2069108,134
2458041,134
2069804,134
2426953,134
2244773,134
2227123,134
18927,134
2457134,134
1204563,134
118913,134
2451284,133
1378353,133
1204179,133
2423917,133
2456531,133
2285206,133
1789005,133
2433914,133
2412529,133
2442136,133
2459066,133
1923354,133
2448878,133
2440097,133
2454305,133
2443393,133
2457140,132
2457434,132
2452281,132
2448748,132
161068,132
998657,132
2452396,132
141491,132
2444670,131
2431502,131
654360,131
1444070,131
730402,131
2352303,131
881194,131
1088938,131
941474,131
2456754,131
1551668,131
2191087,131
2456779,131
2456245,131
2078664,131
2318233,131
2368511,131
2458478,130
1037820,130
2459964,130
2453660,130
2458995,130
698244,130
2457238,130
2236189,130
125907,130
2456498,130
143750,130
2176378,130
1221007,130
6755,130
2419644,130
2458869,129
490259,129
1442486,129
2459254,129
2184193,129
2299174,129
2440809,129
2459389,129
124421,128
2455520,128
1400967,128
1907563,128
2456243,128
2391731,128
2458232,128
2456500,128
880102,128
1883576,128
962537,128
1984727,128
2107903,128
1537183,127
2134952,127
2458555,127
2312874,127
2459507,127
53601,127
2457677,127
1343525,127
2457811,127
23906,127
2440616,127
1202733,126
1282204,126
2426014,126
2443460,126
118427,126
1545091,126
2457430,126
1929094,126
1046064,126
139565,126
2181458,126
304986,126
2269823,125
1833177,125
13941,125
1626704,125
2456256,125
1240874,125
2457572,125
2237862,125
2459887,124
2204004,124
2459727,124
2196275,124
711582,124
995002,124
2421543,124
633524,124
1890385,124
84958,123
2438571,123
530390,123
1284655,123
2445445,123
1443020,123
494435,123
1297813,123
2450961,123
2180093,123
2457755,123
2165249,123
2457303,123
2131482,123
1261988,123
2376078,123
165876,123
1027695,123
9139,122
1516534,122
12606,122
2459704,122
2403605,122
1148756,122
2459364,122
24001,122
30240,122
2376122,122
1941545,122
2301609,122
289285,122
2302722,122
2459421,122
1895314,121
2335970,121
2458342,121
1845306,121
2432655,121
2455003,121
2453648,121
2064895,121
2457779,121
2074265,121
552104,121
2460251,121
2422805,121
2222039,121
2176527,121
2397719,120
1616146,120
1833737,120
34469,120
689192,120
2457493,120
1331980,120
124189,120
2459590,120
1908503,119
2459643,119
1074026,119
1931032,119
2451365,119
2458632,119
2452430,119
1431750,119
575376,119
998019,119
242034,119
245423,119
2459722,119
94809,119
2187897,119
150234,119
1375170,119
2459724,119
2413787,119
639124,119
1076338,118
2457395,118
9871,118
107474,118
2460012,118
1109194,118
2455584,117
1035403,117
2172100,117
2457588,117
1347265,117
2436436,117
2443538,117
120723,117
174742,117
836110,117
2447127,117
2452448,117
1743595,117
1102096,117
2450810,117
2458619,117
150872,117
1799857,117
938811,116
2455018,116
2432659,116
1349631,116
2079649,116
2059397,116
2404315,116
2458631,116
2288606,116
1112124,116
2454640,116
1064836,116
2304785,116
2457221,116
2457669,116
2459574,116
1747234,116
1441337,116
2459271,116
983498,115
438394,115
43820,115
2310783,115
10415,115
1395117,115
2198219,115
2458104,115
1584689,115
4437,115
2431099,115
2418345,115
995093,115
2337945,115
2456824,115
1952560,115
2456690,115
1161501,114
2077281,114
2460020,114
680129,114
2458005,114
2460234,114
2347977,114
2458521,114
1911157,114
2457142,114
482827,114
2452203,114
2459900,114
2458500,114
2456650,114
2240908,114
2237540,113
2438659,113
2428645,113
2356432,113
1066579,113
548419,113
1955914,113
1376072,113
2458363,113
2458843,113
2451822,113
2459799,113
2434252,113
317902,112
2046171,112
2458696,112
2259646,112
2457058,112
2454911,112
2457510,112
1115090,112
2436589,112
2425892,112
668646,112
1479078,112
2460349,112
1434685,112
106683,112
2172340,112
2457971,112
2415734,112
498684,112
510261,112
1300857,111
498018,111
1031307,111
2351513,111
2231181,111
2456980,111
2110283,111
138918,111
2259985,111
306952,111
449322,111
2350642,111
2448028,110
1350877,110
2459500,110
2175220,110
2173844,110
2442424,110
2459874,110
2394166,110
2458231,110
2396302,110
2456656,110
103852,110
2456746,110
1941304,110
2314356,110
2457999,110
2457295,110
2114925,109
1940532,109
1917711,109
178518,109
1755980,109
2460276,109
2430023,109
121579,109
2460219,109
2165923,109
1901430,109
892447,109
2432215,109
2450583,108
150925,108
1585619,108
2437729,108
2458050,108
1423965,108
2458682,108
2460080,108
1031108,108
2207213,108
2454943,108
672232,108
1861926,108
2229239,108
2455271,108
18194,108
2086218,108
72437,108
43977,108
301776,108
2123337,108
2201141,108
1981702,107
618752,107
2452595,107
444807,107
2460144,107
1341044,107
2170134,107
2438746,107
2455875,107
9581,107
2078731,107
2458009,107
136849,107
1345012,107
2456648,107
2273803,106
2459745,106
594973,106
2275805,106
120663,106
66,106
1344651,106
1768409,106
2458598,106
1317015,106
2459281,106
1484799,106
1858645,106
2173364,106
2282220,106
1882087,106
65214,105
661736,105
229213,105
2460318,105
24779,105
2457972,105
1456670,105
2341496,105
2435368,105
2454780,105
1206886,105
2458261,105
1204681,105
6526,105
427349,105
2458199,105
1022054,105
2226355,105
2426892,105
332646,105
1598938,104
241415,104
2451676,104
975648,104
2453940,104
2197517,104
2071986,104
2459601,104
2460346,104
844787,104
543996,104
2168001,104
1783842,104
1951971,104
2415033,104
2126422,104
686814,104
1694024,104
2456547,104
2385399,104
1952995,103
637882,103
637064,103
2448805,103
2399388,103
1187259,103
2457151,103
1621732,103
2361385,103
1365557,103
2231223,103
2198656,102
2262539,102
1355622,102
2457851,102
2135033,102
1376234,102
1422278,102
2454016,102
2333479,102
2276315,102
2458550,102
514556,102
1924597,102
2458574,102
294077,102
1874803,102
1681413,102
2451467,102
2298144,102
2094349,102
2458590,102
1358184,101
2457673,101
2224461,101
1187364,101
2457108,101
2455185,101
2438638,101
2456888,101
2217377,101
2371603,101
631986,101
2406218,101
630820,101
2401955,101
149904,101
2051211,101
1723280,100
1853522,100
727004,100
1745090,100
1713721,100
2189354,100
376450,100
2423360,100
646411,100
2175402,100
2277617,100
704983,100
779892,100
1233370,100
1428394,100
2455921,100
2457708,99
705606,99
836139,99
2457781,99
2454175,99
2456512,99
1581092,99
1362474,99
1416253,99
389869,99
2443209,99
1857818,99
147720,99
2294036,99
2195000,99
1716482,99
832858,99
620668,99
2457447,99
2459412,99
1432965,99
2233658,99
132388,99
541620,99
2452550,99
6925,98
2456540,98
261336,98
920108,98
2430574,98
2243087,98
2458592,98
1252347,98
2457468,98
2438827,98
2456879,98
1133519,98
2456732,98
792169,98
2411963,98
1346615,98
1352711,98
2456094,98
118406,98
2437614,98
1824577,98
2459619,98
2184593,98
2389857,98
2457310,98
927816,98
1474890,98
2459686,98
2457970,97
2303581,97
2178509,97
2081281,97
1193885,97
1877171,97
2418547,97
2457439,97
2438645,97
2352908,97
2452544,97
2005198,97
731933,97
1105790,97
2457984,97
285852,97
2419022,97
946498,97
8723,97
2441412,97
2172760,97
2179465,96
393905,96
505266,96
2443794,96
305206,96
1697073,96
2459044,96
88558,96
730405,96
2348914,96
2455334,96
832683,96
2451743,96
1819062,96
2407595,96
1916930,96
1853189,96
195519,96
1979448,96
297881,96
1302641,96
2231623,95
2458122,95
140686,95
2456883,95
1066229,95
2236978,95
2254822,95
2452494,95
2455535,95
2151575,95
2337252,95
2209861,95
1756832,95
2452432,95
1498292,95
2047770,95
1927710,95
1606452,95
2456503,95
2452737,94
1888857,94
1194601,94
645943,94
1368095,94
1597360,94
129830,94
1790891,94
2459198,94
122606,94
2334593,94
2088559,94
2458006,94
247230,94
568165,94
2457495,94
141592,94
2460106,94
927534,94
1432743,94
1281214,94
846953,94
2046703,94
613147,94
959736,94
1912600,93
1558969,93
1161640,93
2097058,93
122918,93
2418122,93
4449,93
982058,93
771009,93
2459737,93
2402623,93
2456324,93
1931633,93
1201815,93
343666,93
1331758,93
2215858,93
2402694,93
2401644,93
1986500,93
2457503,92
2090098,92
454462,92
8500,92
1673312,92
2457646,92
2450041,92
2458490,92
1935054,92
486237,92
1928743,92
2241572,92
310964,92
2009839,92
2457276,92
536170,92
6693,92
2458233,92
2383280,92
2432232,92
1090269,91
1063112,91
2341195,91
1787395,91
1358294,91
1707303,91
2343188,91
553648,91
731660,91
2390437,91
1802228,91
2453792,91
2326084,91
2329263,91
2318844,91
1157318,91
454411,91
2020215,91
2413548,91
124347,91
2392839,91
128568,91
2456518,91
2270238,91
908341,91
1947249,91
2441420,91
2028946,90
2459270,90
2354366,90
2456845,90
2453320,90
2458052,90
301988,90
1032948,90
1466262,90
566090,90
414588,90
1455442,90
2457922,90
2457024,90
1989442,90
2407420,90
1459030,90
912942,90
1191516,90
2346517,90
1943554,90
1452829,90
1915394,89
248951,89
2460004,89
1636240,89
1134895,89
2456647,89
2415721,89
653203,89
2322631,89
2459535,89
1592586,89
2337374,89
2455242,89
2458395,89
2354628,89
2426853,89
1562422,89
2456977,89
2306167,89
2458638,89
2390013,89
1855140,89
1911962,89
2460013,89
2459597,89
2456615,89
133331,89
2045805,89
2440782,89
1614920,89
675024,89
1971502,89
1651125,89
636193,89
277680,89
2458247,89
780820,89
2455978,89
2459449,89
2331924,89
2433139,89
675975,89
2446024,89
2150429,88
2457012,88
863136,88
2458404,88
1710078,88
1782485,88
2220105,88
1390932,88
2459273,88
2167454,88
2456012,88
562866,88
2215818,88
1257491,88
348857,88
2427208,88
2456062,87
474884,87
2035036,87
2251589,87
1925758,87
735237,87
1362968,87
2194957,87
212737,87
1891220,87
152040,87
1160859,87
2459383,87
605283,87
2451731,87
2322539,87
2270598,87
1332000,87
656365,87
754919,87
1443024,87
701671,87
2460266,86
2458773,86
109745,86
1571910,86
16993,86
2460017,86
16274,86
672618,86
2454322,86
941929,86
2172944,86
2164731,86
2415733,86
2455799,86
2234734,86
18324,86
2453412,86
2182401,86
722048,86
2438655,86
1705430,86
2319958,86
2453091,86
2408141,86
2378479,86
950531,86
2407951,86
2144543,86
1350700,86
1326734,85
466467,85
2399892,85
1093089,85
1786139,85
57836,85
890914,85
1200744,85
2341006,85
477851,85
981656,85
2436201,85
216129,85
1391648,85
2020014,85
2129457,85
2426824,85
576299,85
2455172,85
2459532,85
1310467,85
2336117,85
2452018,85
1814871,85
2099265,85
2456937,85
1797355,85
2452429,84
2446935,84
903490,84
467896,84
2127886,84
171065,84
2444642,84
2457435,84
2457975,84
1932245,84
1625070,84
2460007,84
431957,84
2458572,84
1527558,84
1080122,84
934757,84
2290635,84
2458971,84
2067036,84
1716467,84
2457005,84
65203,83
2292409,83
2458653,83
2457914,83
2456108,83
2295025,83
2120112,83
2459202,83
1636274,83
935673,83
137423,83
2440159,83
1155055,83
2348942,83
2457499,83
2440822,83
76882,83
2318875,83
2241888,83
1950379,83
1363473,83
2456968,83
2105477,83
1257377,83
659428,83
1950988,83
2323627,83
2390920,83
2456856,83
645017,83
228525,83
119012,83
1832088,83
1222076,83
2233776,83
1644883,83
1337481,82
942483,82
1734812,82
2424111,82
1969272,82
1001010,82
898408,82
2454508,82
2460056,82
2456822,82
1872034,82
2198097,82
1911655,82
2458558,82
2221191,82
2459143,82
2431507,82
28811,82
118418,82
2458389,82
1230780,82
2456008,82
2437117,82
2453522,82
2186776,82
1009396,82
253347,82
1637024,82
5414,82
62437,82
1107758,82
395005,82
670378,81
2457349,81
2432781,81
2460171,81
1484845,81
1392895,81
2331070,81
2458743,81
1309674,81
1350445,81
1400486,81
1223034,81
2438035,81
2459694,81
2378207,81
1470903,81
1568914,81
967428,81
1040532,81
2459284,81
2394819,81
1197557,81
2459998,81
2372288,81
2409435,81
359876,81
1402637,81
147817,81
2371079,81
1456174,81
2419559,81
2287824,80
2449278,80
2169035,80
2457735,80
26434,80
1827161,80
99510,80
1108440,80
2213687,80
119202,80
1886861,80
2405049,80
2174024,80
90532,80
2457205,80
2451474,80
2438785,80
1412708,80
1386883,80
1940557,80
2443470,80
2452570,80
1196877,80
2361209,80
239028,80
2278077,80
47130,79
1979484,79
1121885,79
2038807,79
2457466,79
119032,79
2460236,79
2188577,79
2284667,79
909623,79
2136360,79
2433576,79
1755110,79
1329096,79
23699,79
1284777,79
2388014,79
2430168,79
2298764,79
2458620,79
2457458,79
2455350,79
138977,79
2123813,79
1929589,79
269777,78
2441153,78
1672021,78
2454430,78
2453239,78
1052485,78
1280616,78
1274733,78
448716,78
2457121,78
1480191,78
573817,78
2198636,78
2281505,78
2458313,78
83096,78
349063,78
131864,78
1923241,78
2229846,78
2456056,78
2453629,78
2416244,78
2457961,77
2459372,77
2456162,77
2237039,77
2447260,77
1535294,77
846750,77
1568999,77
1988828,77
1302759,77
1175447,77
402462,77
406449,77
149919,77
2459927,77
1632945,77
463163,77
2194714,77
721065,77
810000,77
46315,77
2459681,77
12597,77
2371600,77
917668,77
2364931,77
2458810,77
1738161,77
2232456,77
2458628,77
1995164,77
2316878,77
2373678,77
1898752,77
2454976,77
2001172,77
2132079,77
2102908,77
2418948,77
1974861,76
2448604,76
2415722,76
2434792,76
1649445,76
1615374,76
174870,76
2458148,76
1197562,76
144684,76
1214846,76
2440406,76
84476,76
1456548,76
1061795,76
74945,76
1390545,76
2175576,76
2453118,76
1920897,76
2314467,76
2338517,76
1074781,76
430454,76
2458475,76
2422765,76
2430813,76
2451387,76
2200639,76
1000095,75
2374533,75
2366948,75
2405243,75
874216,75
2430865,75
1224512,75
2143890,75
811067,75
952176,75
933065,75
2347217,75
2317245,75
1361682,75
2460307,75
2174309,75
2354827,75
2438560,75
1579724,75
2012914,75
2457001,75
1583542,75
2457479,75
1332651,74
241844,74
719983,74
507721,74
2105640,74
2457670,74
1132656,74
232864,74
2456942,74
7701,74
1862489,74
2458539,74
2457879,74
982559,74
2410338,74
2459922,74
97744,74
2266375,74
2456522,74
2329053,74
2430394,74
1833635,74
177131,74
2434207,74
2315986,74
1348710,74
1426572,74
1449763,74
1389914,74
1959747,74
2458012,74
2288641,73
2293339,73
1958461,73
1048386,73
2196797,73
982047,73
1164469,73
1342698,73
2455228,73
1725437,73
2457629,73
1906441,73
1076050,73
2457467,73
829330,73
719656,73
2322533,73
785013,73
599947,73
623891,73
2438666,73
2022854,73
2003773,73
1490179,73
2458881,73
2456492,73
2447456,73
1489531,73
10844,73
647237,73
561630,73
42668,73
1332999,72
2231696,72
325259,72
2446899,72
1031308,72
2459289,72
2456191,72
2449430,72
2376759,72
2031319,72
1497397,72
2445562,72
2356924,72
56519,72
2293441,72
1019079,72
2446465,72
158489,72
557389,72
2295977,72
1316217,72
2413760,72
2442077,72
1740834,72
2456005,72
2454695,72
269232,72
2457481,72
1105924,72
2457906,72
2406526,72
484694,72
756797,72
251417,72
2367426,71
2458161,71
854381,71
2404513,71
1392781,71
1853617,71
1612109,71
1880458,71
2406389,71
2438053,71
42903,71
1138883,71
2456421,71
2365887,71
2333662,71
2453346,71
974076,71
2379620,71
1855105,71
1414532,71
2453645,71
2454151,71
2455083,71
1528527,71
1050884,71
977115,71
1556823,71
2138328,71
2457486,71
2432353,71
2334220,71
1061826,71
17379,71
1813141,71
2439528,71
2434948,71
2373220,71
2453238,71
1120962,71
1293202,70
2232311,70
2444470,70
2044734,70
9251,70
999240,70
959233,70
2447277,70
2452421,70
2380577,70
1439010,70
2455893,70
2444010,70
2458857,70
1929982,70
2231369,70
461179,70
1262731,70
2455013,70
2364056,70
2215112,70
2063675,70
1830301,70
2457115,70
1426727,70
127923,70
329458,70
2179730,70
2459530,70
1076486,70
1671918,70
1784975,70
2393653,70
2450784,70
1938707,70
82926,70
2455463,70
1195583,70
880201,69
264709,69
1276237,69
1226783,69
863526,69
1107767,69
2457165,69
2339095,69
2032955,69
2209261,69
938369,69
2071400,69
535745,69
2201479,69
329000,69
2459974,69
1712845,69
2456155,69
1385506,69
444691,69
2452309,69
2456606,69
2090219,69
1962482,69
2182676,69
2455859,69
1867280,69
120765,69
61382,69
602698,69
2389551,69
1665089,69
999177,69
1709852,69
1266526,69
489464,69
1780164,69
2399075,69
2456970,69
1881507,69
2253742,69
1094522,69
2220766,69
470923,69
2453203,69
2455321,69
2446022,68
2425290,68
2181905,68
781293,68
2449377,68
935661,68
1872818,68
2459502,68
2447274,68
1978869,68
1004649,68
1499020,68
2456485,68
1145224,68
2210191,68
1663409,68
285031,68
2340548,68
319953,68
640156,68
2287697,68
108649,68
270767,68
497276,68
1869624,68
2379721,68
2446748,68
1448527,68
412562,68
1851741,68
1479829,68
2447161,68
1994714,68
1548406,68
295100,68
2424156,68
1436911,68
2442462,68
2391906,68
1980698,68
2200822,68
2037668,68
368139,68
1116233,67
1953467,67
2457192,67
1743709,67
2256672,67
1430080,67
137562,67
1421422,67
2456635,67
2457304,67
2254346,67
1883974,67
1837542,67
1037066,67
84040,67
2457490,67
1844408,67
1890782,67
2421024,67
2438050,67
1702438,67
1246272,67
1686512,67
1581186,67
15454,67
833483,67
4855,67
1383767,67
298131,67
2095472,67
2381375,67
2440447,67
1371405,67
2438675,67
407751,67
2449625,67
2452453,67
2301350,67
836198,67
2457977,67
84586,67
2171626,66
1287604,66
1174494,66
2032463,66
1210236,66
2411543,66
2396562,66
2279224,66
2191265,66
239419,66
2168120,66
22354,66
5062,66
2450929,66
2317170,66
2262743,66
1336683,66
11772,66
1017790,66
1373648,66
8980,66
206115,66
2144422,66
2441352,66
1337820,66
2430763,66
2454601,66
2457951,66
1484016,66
2449844,66
2352088,66
2457235,66
601420,66
2294829,66
1746460,66
2353659,66
2459963,66
2267491,66
2191560,66
549034,66
2456388,66
2385363,66
2458646,66
2457475,66
1433071,66
1884310,66
448101,65
2129613,65
2456752,65
1791766,65
1833318,65
860856,65
2455706,65
1031330,65
1773389,65
2446106,65
1362299,65
1480535,65
2388782,65
2450101,65
2379205,65
2325307,65
2456023,65
878386,65
1196912,65
562118,65
2438683,65
1348692,65
2459128,65
1487284,65
2455519,65
1745229,65
805817,65
1945811,65
1823531,65
483771,65
2146978,65
1547435,65
954817,65
2401004,65
2301814,65
2400317,65
1862704,65
1156737,65
2263768,65
1483161,65
2459683,65
1467541,65
2413195,64
2459241,64
2224995,64
1001550,64
398465,64
2374944,64
274845,64
2456972,64
1842913,64
2457136,64
2460356,64
2099347,64
2448854,64
1164876,64
1714609,64
2458427,64
2432378,64
1004554,64
2222779,64
891832,64
17649,64
2452994,64
1991931,64
2383650,64
1455446,64
2359222,64
2118055,64
2270860,64
118213,64
1933000,64
2082080,64
2446193,64
129130,64
722045,64
2456933,64
1348755,64
81933,64
2456467,64
2457146,63
947081,63
2453304,63
1107755,63
328932,63
2455505,63
156317,63
1337617,63
1298771,63
2328130,63
1949537,63
1663133,63
1358146,63
923225,63
2203854,63
1628887,63
1121948,63
951777,63
1882216,63
1346623,63
2214707,63
2415599,63
2370321,63
482233,63
1571191,63
1618775,63
1478655,63
484879,63
1582208,63
1294447,63
2454565,63
583583,63
2371862,63
109759,63
1412760,63
1324671,63
2383077,63
2459771,63
2456120,63
2446215,63
2450715,63
2424977,63
2459638,63
1280821,63
198051,63
2295960,63
1822764,63
1594853,63
2296197,63
533591,63
2213699,62
2146265,62
1493,62
946143,62
189973,62
110975,62
155256,62
339447,62
2324280,62
2098342,62
1017712,62
1959609,62
2452562,62
2458435,62
1399040,62
2212121,62
396630,62
1522908,62
1324670,62
375393,62
2337814,62
2149527,62
2453658,62
4514,62
2210034,62
2282165,62
2453694,62
2057201,62
113004,62
192854,62
1171831,62
20282,61
2110229,61
421162,61
35930,61
1810637,61
1669921,61
1853472,61
912123,61
2046821,61
1997586,61
1080663,61
1668836,61
2287977,61
2457492,61
2440638,61
15431,61
2451144,61
2375704,61
1276404,61
2450647,61
162639,61
594253,61
2376532,61
2005392,61
25995,61
2361330,61
2201815,61
518864,61
2061428,61
354670,61
1834424,61
994255,61
908603,61
2447480,61
356878,61
2456877,61
2055033,61
1480189,61
405133,61
1152066,61
2438191,61
176915,61
2458200,61
269772,61
683210,61
2457469,61
2326676,61
1853661,61
2456506,61
1255358,61
1598775,60
477145,60
2454211,60
1111989,60
1519690,60
1811161,60
1604942,60
2083247,60
2417550,60
133808,60
1548594,60
2458112,60
2389878,60
8505,60
2170391,60
2459467,60
678412,60
1580161,60
727598,60
2451423,60
1367358,60
1719202,60
1670104,60
696766,60
1108880,60
1973861,60
2452424,60
2437803,60
90316,60
2182923,60
1547745,60
2449659,60
1526286,60
817937,60
823566,60
22922,60
2457257,60
2241048,60
2341583,60
2457507,60
315703,60
468265,59
2103847,59
2227157,59
2357359,59
2455955,59
2204168,59
2458179,59
2313101,59
1480226,59
862813,59
2394329,59
2454865,59
1197600,59
178027,59
7230,59
1064295,59
301797,59
2303348,59
1556589,59
2181850,59
2108560,59
2377999,59
2433266,59
2267968,59
2460142,59
1180112,59
2271699,59
498608,59
58083,59
232746,59
88132,59
1998998,59
1535813,59
1143097,59
1191424,59
1977316,59
2260527,59
39104,59
1584358,59
2413178,59
2319940,59
2433863,59
1302117,59
2422865,59
2395643,59
2126690,59
1569075,59
52652,59
2456669,59
2051871,59
2456561,59
2432047,59
1287831,59
1667001,59
2458465,59
2455886,59
365041,59
2182021,59
2341592,59
123456,59
1959716,58
1830497,58
2212113,58
2361427,58
1607200,58
31771,58
911348,58
2456953,58
2402928,58
1418240,58
827612,58
1254837,58
95643,58
2457116,58
2458597,58
2459380,58
2399952,58
2455165,58
2342761,58
1884029,58
2456871,58
2024056,58
8484,58
1935667,58
1488059,58
2278017,58
325730,58
2445013,58
2379553,58
1407347,58
2444763,58
1078146,58
2458126,58
2122378,58
2458824,58
2194801,58
1972809,58
1949505,58
2443289,58
318990,58
289006,58
2407728,58
1670555,58
2458318,58
2456013,58
277315,58
2400928,58
135552,58
2069153,58
2433940,58
991328,58
1611780,58
1610577,58
1795584,58
2438886,58
2426556,57
2279512,57
1483563,57
1070739,57
2434313,57
126654,57
2454383,57
1518243,57
2270151,57
375340,57
1610639,57
2065218,57
824245,57
2035794,57
1403619,57
2356529,57
2177862,57
1517794,57
2455503,57
2350924,57
2261474,57
28169,57
225688,57
2449316,57
73756,57
1598362,57
830300,57
708319,57
2064784,57
2397717,57
1333275,57
176449,57
2452423,57
2417739,57
1604504,57
2311518,57
1494558,57
2456952,57
2453109,57
2438414,57
1934246,57
2039862,57
976412,57
2457076,57
1968812,57
12262,57
450524,57
2067633,57
1329647,57
1273254,57
1849527,57
116230,57
2203251,56
1376380,56
28779,56
652009,56
2407941,56
2050408,56
2359189,56
18665,56
1658195,56
2459188,56
56287,56
89005,56
2172650,56
2457240,56
55036,56
2451392,56
623820,56
1961152,56
2217999,56
2439580,56
604439,56
2358025,56
2327242,56
2459479,56
2345157,56
1332429,56
47800,56
2175859,56
2435537,56
2387203,56
2248485,56
2182784,56
533040,56
959490,56
2235954,56
2337259,56
2458244,56
1890652,56
985385,56
8762,56
212253,56
383452,56
2417093,56
719380,56
485121,56
2234753,56
20294,56
2456788,56
1130747,56
2332227,56
1188058,56
11866,56
1684874,56
2349986,56
1495073,56
1003636,56
1310495,56
2443743,56
44638,56
9155,55
1813922,55
2454260,55
661001,55
2458214,55
2202300,55
2458941,55
436979,55
157698,55
2324040,55
2365414,55
1609937,55
2450624,55
2403639,55
2106308,55
2347223,55
2044154,55
11177,55
2395853,55
1470052,55
2325037,55
2450453,55
1921237,55
2419823,55
2066572,55
2407693,55
35960,55
2382421,55
627113,55
1508104,55
1908710,55
941482,55
553274,55
2105197,55
1031314,55
2407940,55
687440,55
2409345,55
2344548,55
8667,55
2453897,55
2424382,55
1969417,55
1993473,55
2455276,55
1231891,55
2456299,55
1793322,55
2456317,55
1992153,55
1012315,55
734224,55
1455433,55
1438411,55
2334335,55
1437755,55
2186215,55
2416425,55
139116,55
69989,55
2104241,55
2429197,55
2449828,55
2212300,55
2458746,55
1856313,55
359900,55
8217,55
2456392,55
2457368,55
990371,54
2430439,54
2067126,54
1096396,54
2455511,54
2450814,54
1530714,54
347111,54
2410789,54
633145,54
2254361,54
379337,54
2451328,54
2442128,54
2432921,54
1610705,54
2457055,54
1719863,54
1347564,54
20868,54
1649189,54
2453612,54
2275497,54
1352602,54
1414185,54
1971880,54
2436967,54
2100260,54
1755279,54
465916,54
2374490,54
2453058,54
1651133,54
2455478,54
2458183,54
2458296,54
4844,54
132837,54
2459888,54
405747,54
2431331,54
2460255,54
2460424,54
2458450,54
1922530,54
1279806,54
2409755,54
2400890,54
1534772,54
1911410,54
2450422,54
2364447,54
711391,54
7874,54
218726,54
2444482,54
26914,54
2445543,54
2125236,54
2202258,54
9651,54
2438699,54
1951227,54
1816953,53
2451156,53
579396,53
991827,53
2453017,53
149359,53
439573,53
22214,53
529042,53
2267302,53
2454815,53
1229610,53
2459126,53
1373895,53
985616,53
2453107,53
2457166,53
2395803,53
2387387,53
1316571,53
886686,53
570883,53
2415149,53
1350711,53
1880708,53
676511,53
1911636,53
185743,53
1451639,53
618486,53
2204695,53
1414636,53
375374,53
1989276,53
144249,53
2170039,53
594498,53
2395401,53
2456394,53
961829,53
1866674,53
1469490,53
2458276,53
2456804,53
721039,53
2450722,53
2438024,53
522596,53
2231154,53
2025905,53
1454728,53
1831054,53
2007166,53
2032579,53
1911293,53
5224,53
2395668,53
517869,53
998799,53
2459684,53
24062,53
2453072,53
1537041,53
2450545,53
381951,53
2000618,53
1839167,53
2451945,53
46696,52
18427,52
2459642,52
2406391,52
1354590,52
400329,52
2385391,52
1348981,52
95243,52
1459741,52
2197692,52
121215,52
1128353,52
2431588,52
330313,52
1936887,52
2451295,52
2179374,52
2451847,52
2275756,52
1318308,52
2460184,52
2169250,52
663378,52
1025360,52
1434744,52
623481,52
2083553,52
626444,52
110334,52
2264793,52
3036,52
2460194,52
1255161,52
1020312,52
517729,52
1550795,52
2433265,52
171014,52
949602,52
1773806,52
2354189,52
1159048,52
1843677,52
2321808,52
2318224,52
1441915,52
2456052,52
671247,52
2406171,52
9272,52
459720,52
969431,52
27284,52
2449428,52
170287,52
2444907,52
2441829,52
2441673,52
36281,52
1242587,52
730373,52
1203050,52
2453679,52
2323540,51
1723937,51
2339093,51
2105211,51
2283998,51
2447186,51
388453,51
2021880,51
21726,51
2459121,51
2353277,51
1964264,51
2430121,51
1912333,51
1515071,51
1082334,51
3938,51
2457054,51
2460360,51
1177959,51
2308497,51
2399720,51
2433047,51
2452458,51
2236342,51
1878189,51
1009112,51
2134096,51
1964786,51
128417,51
578653,51
1940429,51
1287303,51
2458211,51
213307,51
1689514,51
2110062,51
28360,51
2438688,51
1675671,51
2449781,51
1953874,51
2415629,51
1531982,51
799712,51
2388679,51
1790082,51
2268460,51
182296,51
1016670,51
2149531,51
2455911,51
1433766,51
200215,51
1850983,51
1694531,51
2450797,51
1908848,51
1007728,51
768457,51
2452236,51
668468,51
2089453,51
2455530,51
2454004,51
179060,51
2294028,51
918427,51
1643736,51
1765826,51
1203389,51
2366596,50
1818449,50
10028,50
2436087,50
838773,50
2454859,50
2458639,50
602285,50
1355945,50
143625,50
400476,50
2458711,50
1719840,50
2035214,50
2456003,50
1931348,50
1097027,50
2454657,50
1731460,50
1528155,50
2456798,50
906812,50
2233187,50
1956054,50
1176862,50
331116,50
2332320,50
1398171,50
2427459,50
1778764,50
1986315,50
1370027,50
627178,50
1933152,50
2103978,50
1634180,50
2451921,50
391565,50
2453255,50
1969170,50
2459079,50
2448688,50
2313738,50
1864506,50
1796490,50
349587,50
383086,50
2305587,50
2448780,50
1106264,50
1282887,50
458760,50
2424398,50
2095388,50
2437233,50
2446053,50
541709,50
2282394,50
2455464,50
2446183,50
118441,50
1994924,50
1959047,50
1099794,50
2455724,50
1685523,50
2450574,50
2340052,50
129435,50
2446862,50
1453830,49
11569,49
2451882,49
1116,49
736681,49
2433186,49
1260957,49
37424,49
1891441,49
858268,49
54867,49
517942,49
522201,49
1930903,49
2292251,49
1904517,49
1128424,49
2456525,49
434391,49
1346525,49
2455996,49
2458504,49
2340120,49
2151746,49
2445743,49
714929,49
2380123,49
435069,49
2429250,49
2325079,49
2120562,49
2300308,49
2314075,49
1309415,49
1436196,49
291088,49
2374741,49
2169077,49
2454969,49
2440039,49
2459218,49
2326742,49
21100,49
1145829,49
1494032,49
2459583,49
2451325,49
2030628,49
738727,49
427655,49
913269,49
1895461,49
1503941,49
1720461,49
1135145,49
260852,49
2388138,49
1464286,49
2442005,49
492887,49
159333,49
1384966,49
1613190,49
727974,49
1257064,49
1446551,49
2380128,49
677434,49
2323600,49
669566,49
2454804,49
1209779,49
940505,49
2318837,49
125703,49
475453,49
953605,49
1946769,49
155622,49
1228908,49
1679775,49
1664920,49
2200577,49
1201355,49
2001919,49
1950160,49
445957,49
2455912,48
2386662,48
2114138,48
2460270,48
2459944,48
2375917,48
1285963,48
2281041,48
2100307,48
86613,48
2384920,48
673188,48
2383301,48
1669611,48
1376085,48
556932,48
364971,48
1349122,48
2020010,48
1783860,48
2354386,48
1584433,48
2405366,48
8730,48
1964256,48
1834338,48
388744,48
2307979,48
1140728,48
2437106,48
619656,48
1580878,48
352258,48
2460191,48
2420943,48
455382,48
1356714,48
2339711,48
2257391,48
23521,48
2394566,48
2392723,48
168135,48
1200451,48
153562,48
2454164,48
2459781,48
1942731,48
1117975,48
10185,48
1974758,48
2447031,48
2456470,48
660673,48
1217645,48
536084,48
2436965,48
595237,48
1517821,48
1892038,48
2407950,48
2450780,48
2447096,48
2346676,48
1694742,48
1257659,48
2459204,48
2450930,48
199554,48
2343558,48
2456710,48
9652,48
2435164,48
997769,48
1792881,48
2417058,48
2046477,48
144142,48
2458357,48
196908,48
2237454,48
1888846,48
2450131,48
2398271,48
2455890,48
142203,48
1583393,48
160207,48
2206672,48
1772665,48
2037573,48
2414237,48
1529974,48
617652,48
2347204,48
2452426,48
27487,48
1531979,48
1472688,48
530531,47
2452865,47
22800,47
1878687,47
1317134,47
2406668,47
2109549,47
2136723,47
2454072,47
2344570,47
1442268,47
2412018,47
2348775,47
708532,47
1969383,47
1648591,47
1812074,47
275635,47
2274515,47
2392223,47
2459182,47
2352045,47
1481315,47
2455150,47
5961,47
2374256,47
2449864,47
2415720,47
1840221,47
773126,47
2197485,47
14674,47
2396877,47
1263990,47
1993511,47
2455301,47
2359500,47
2068649,47
2456181,47
1600602,47
1671285,47
2441647,47
2204735,47
1300203,47
438104,47
1736187,47
2388737,47
560402,47
617705,47
1764315,47
593159,47
2449990,47
1629360,47
2233738,47
2149385,47
1031927,47
1342544,47
1943374,47
2004135,47
22975,47
2266313,47
1333695,47
2244942,47
653604,47
258054,47
2421402,47
2391881,47
1968853,47
1463869,47
2460431,47
1417458,47
1283659,47
2441290,47
1678575,47
2335016,47
13502,47
312304,47
2447332,47
2353627,47
2263744,47
2458053,47
801308,47
2459240,47
2457749,47
2441600,47
1139515,47
2232740,47
2453730,47
1677002,47
2095998,47
2420430,46
1659179,46
1815300,46
1602758,46
2426799,46
2456220,46
2395695,46
1101955,46
2195650,46
2355293,46
1574584,46
2272151,46
1384979,46
1779786,46
1697234,46
427548,46
161161,46
1120599,46
457669,46
871757,46
649603,46
2428630,46
2446788,46
1387723,46
2220721,46
2144797,46
1803277,46
751675,46
2079745,46
23594,46
177451,46
2384460,46
1001313,46
1376640,46
2437637,46
2407934,46
2142146,46
1125051,46
2440846,46
109087,46
1995379,46
2040478,46
2334190,46
287556,46
2447653,46
1610751,46
1052681,46
1867122,46
2443806,46
143018,46
2437128,46
2450496,46
1177320,46
2367342,46
1380252,46
2182289,46
456102,46
2422426,46
2372240,46
1691010,46
886344,46
1498096,46
1507836,46
1358193,46
2456247,46
2141207,46
1431085,46
1168606,46
1522744,46
2460328,46
1296870,46
2414513,46
575593,46
738537,46
2397471,46
1197994,46
2034649,46
2417505,46
2373454,46
968235,46
2408296,46
838134,46
667908,46
340248,46
1808354,46
1228695,46
2457038,46
2458705,46
2433842,46
2448496,46
1374189,46
124609,46
721852,46
1538062,46
1712733,46
451486,46
2408961,46
2416312,46
697481,46
2422084,46
2454529,46
1329405,46
1364959,46
2212988,46
2112613,46
2459052,46
2426878,46
2450571,46
2418283,45
1905937,45
18751,45
135160,45
342849,45
2446009,45
2360558,45
2257360,45
2204157,45
334668,45
2347280,45
2033026,45
481421,45
1193917,45
2456725,45
933018,45
2186398,45
385258,45
311073,45
1359530,45
2455434,45
2455957,45
1458345,45
1222948,45
2444495,45
1786421,45
1113747,45
301713,45
183551,45
2450251,45
347223,45
2073361,45
2422958,45
1711037,45
1984269,45
1928341,45
892124,45
75095,45
2457471,45
2292789,45
2458146,45
1290797,45
2237960,45
118533,45
2069433,45
1266485,45
9878,45
17105,45
22256,45
2456985,45
588619,45
1964991,45
2361963,45
1778592,45
1937151,45
1317502,45
534952,45
4982,45
1389084,45
2438015,45
895914,45
1971364,45
2405057,45
1887316,45
1168850,45
2454572,45
1094192,45
98256,45
2199464,45
2406794,45
1687505,45
1547711,45
662112,45
2442503,45
1486174,45
1650331,45
2339379,45
2458492,45
1290802,45
2211010,45
2331368,45
2332555,45
43711,45
1383577,45
2384774,45
2406792,45
954678,45
663135,45
2207167,45
38464,45
215485,45
2263351,45
1122456,45
644327,45
1132590,45
2452240,45
2132626,45
2347231,45
2050288,45
1995840,45
2437251,45
2141737,44
9432,44
2406326,44
185558,44
1442395,44
912448,44
368867,44
2456081,44
131452,44
2163996,44
187997,44
2024299,44
2258859,44
2440823,44
141066,44
1374476,44
158796,44
2443198,44
2311348,44
2456516,44
1492949,44
111463,44
1183998,44
2167563,44
1238388,44
628759,44
2428381,44
1855042,44
2454916,44
1397312,44
1010673,44
61170,44
1792080,44
834503,44
2235896,44
1514972,44
93524,44
2114201,44
2148623,44
1692584,44
2460402,44
2091474,44
2456955,44
944294,44
1242899,44
1773874,44
2459789,44
33208,44
2455679,44
2359952,44
1838912,44
969077,44
1435661,44
1129279,44
1179250,44
2455777,44
1163407,44
1662539,44
103902,44
2457566,44
1031321,44
2449655,44
2257410,44
2458245,44
2192377,44
2260363,44
2451236,44
2364523,44
2450894,44
1385409,44
1941041,44
1223425,44
2434859,44
1720535,44
2392609,44
2368359,44
1272873,44
2423116,44
2417920,44
2210973,44
1433893,44
2365945,44
2410567,44
903161,44
1922307,44
1955239,44
2459791,44
2379232,44
166898,44
1327407,44
1745962,44
2453476,44
2223955,44
2457265,44
2418207,44
18357,44
5585,44
613822,44
339269,44
945630,44
4219,44
995810,44
262608,43
191956,43
2239459,43
2387551,43
2452926,43
246523,43
1944963,43
2406683,43
1566493,43
2455789,43
2452150,43
2335733,43
145938,43
2451551,43
129666,43
2001580,43
2447121,43
2365928,43
2456261,43
1792731,43
464146,43
139300,43
1840703,43
1358265,43
18343,43
2337141,43
2272387,43
340683,43
341433,43
2459485,43
1960102,43
1266072,43
2035312,43
61227,43
1676280,43
921621,43
1686108,43
2300536,43
107842,43
960071,43
2424113,43
8328,43
1881411,43
2003375,43
240154,43
2425971,43
71980,43
1367872,43
1384814,43
2456834,43
2428193,43
2360212,43
950325,43
1562116,43
341898,43
2128118,43
2416037,43
1242509,43
2173020,43
138423,43
2395734,43
137258,43
1104409,43
1639916,43
1000401,43
1112434,43
2427102,43
1300603,43
2272369,43
1665850,43
1693405,43
2455828,43
1850267,43
2176228,43
2389931,43
689952,43
1018079,43
1939545,43
18523,43
2451175,43
1886311,43
2380153,43
2354275,43
834362,43
1445562,43
2456986,43
2446277,43
2432518,43
2252071,43
2200329,43
1806540,43
2246543,43
247561,43
2221829,43
2409838,43
372584,43
2454738,43
1699762,43
2305270,42
2389299,42
1163463,42
2456981,42
2111450,42
2423236,42
1225456,42
2428604,42
1546895,42
2428289,42
278497,42
357976,42
2257887,42
1226788,42
2358987,42
37343,42
1157296,42
2396594,42
124027,42
2404753,42
351170,42
2404842,42
133065,42
862638,42
2455769,42
2031553,42
1072957,42
2442834,42
2459377,42
2424037,42
2458610,42
1654873,42
2409675,42
2421536,42
1913485,42
1827913,42
1044804,42
2455887,42
1025724,42
1266656,42
2353616,42
2453647,42
1162381,42
2458075,42
2359486,42
2181922,42
109043,42
2050644,42
1368501,42
2459332,42
1615794,42
104711,42
248011,42
2265730,42
2459309,42
308383,42
2004269,42
2458470,42
2409284,42
2351047,42
1941790,42
2055571,42
1837476,42
1384935,42
851035,42
1882235,42
1153406,42
2301458,42
2207209,42
2408538,42
1219507,42
832006,42
199258,42
1023507,42
1129218,42
502132,42
611048,42
2459732,42
2447175,42
1200810,42
1365546,42
1604435,42
2416209,42
2235184,42
988434,42
2375147,42
594114,42
1681541,42
848613,42
2436984,42
2107235,42
1727437,42
2074723,42
1454252,42
2353626,42
934492,42
2446703,42
2421391,42
845407,42
122822,42
1527032,42
2459813,42
2383141,42
22,42
1874116,42
1063491,42
100191,42
1704108,42
2459347,42
147641,42
1338542,42
2436128,42
2169381,42
11886,42
2446006,42
1681513,42
48875,42
1554160,42
881730,42
1275435,42
2145113,42
1697081,42
1438850,42
1798332,42
1498136,42
2424922,42
2392376,41
888992,41
2371456,41
2349768,41
2076258,41
1805518,41
1219119,41
1591074,41
729607,41
1926163,41
2270719,41
2440651,41
2198985,41
1612396,41
2252969,41
1544976,41
2444215,41
2192201,41
1242233,41
2460336,41
1200728,41
1309589,41
1716021,41
2446992,41
730734,41
1986798,41
1200242,41
503754,41
1696423,41
646686,41
2455142,41
105648,41
2024890,41
2419452,41
90740,41
2439766,41
1264451,41
2387608,41
2333980,41
341631,41
2282006,41
2302316,41
1288623,41
743296,41
1859287,41
1695253,41
2222028,41
475960,41
1460804,41
2210987,41
2432954,41
1450087,41
2227940,41
2400572,41
1403602,41
1989711,41
1198163,41
1017531,41
2101181,41
1333396,41
2184318,41
531322,41
2187314,41
1115945,41
707662,41
2163626,41
2314316,41
2424397,41
2438617,41
2434056,41
1796502,41
342830,41
2452258,41
631010,41
1444472,41
1737369,41
2429714,41
118025,41
1843568,41
71961,41
2206346,41
2454551,41
2440658,41
2339823,41
2245448,41
91780,41
2455107,41
2456900,41
2236419,41
2076229,41
2266462,41
45382,41
2432178,41
1886273,41
489100,41
46343,41
1895016,41
1639407,41
2453970,41
2200980,41
41865,41
2190328,41
2401061,41
1850005,41
472190,41
1094691,41
1239301,41
219166,41
2456484,41
2066358,41
2455216,41
1654724,41
2446965,41
509292,41
2451967,41
782939,41
1757056,41
2457411,41
1359013,41
264843,41
471568,40
1161060,40
1032613,40
2389310,40
2326814,40
2126038,40
1847250,40
145887,40
233790,40
2456849,40
297515,40
2456335,40
1617935,40
1243616,40
1780904,40
2058220,40
1440438,40
1291843,40
2095123,40
1904334,40
1908534,40
2144951,40
909487,40
2446820,40
2379006,40
2272794,40
2453050,40
1945501,40
2384767,40
1232506,40
1631038,40
19044,40
2257767,40
1718655,40
2455438,40
1769163,40
1036416,40
1840536,40
2252198,40
2077430,40
81575,40
357827,40
934686,40
637170,40
2441966,40
1161059,40
2138866,40
1042173,40
139625,40
1337666,40
2311082,40
2419216,40
2407939,40
565034,40
2096307,40
500320,40
2066655,40
765332,40
2349471,40
1120467,40
2457181,40
391975,40
1985622,40
2194550,40
9052,40
398569,40
483765,40
1755056,40
2404844,40
1883406,40
1677769,40
337736,40
1637636,40
2305054,40
1750396,40
2456458,40
1882844,40
2459340,40
1334992,40
1292157,40
2223314,40
349436,40
636080,40
581286,40
239561,40
2218218,40
18205,40
5373,40
1336055,40
2437625,40
951821,40
2439651,40
2452070,40
2448602,40
973439,40
2433444,40
292030,40
1253217,40
1010642,40
1171869,40
2435508,40
2015124,40
1444414,40
2079293,40
1608469,40
2369352,40
1656375,40
2169329,40
2400259,40
264505,40
2339050,40
2453668,40
370737,40
2445522,40
1897323,40
2448511,40
1189986,40
105616,40
1750662,40
2398027,40
2053543,40
2128972,40
160481,40
2239657,40
553165,40
2455883,40
619646,40
2458149,40
2099787,40
125598,40
1333953,39
1419035,39
2321005,39
2450568,39
1925075,39
2390357,39
1906150,39
1277209,39
2459304,39
973391,39
785643,39
1702832,39
45757,39
2202638,39
2455004,39
2366838,39
2031296,39
859573,39
633683,39
2425904,39
314404,39
1058624,39
2450599,39
1304386,39
1087616,39
551963,39
1983235,39
2400670,39
2447299,39
1672216,39
1363293,39
361578,39
2457127,39
1798811,39
2432073,39
724118,39
2435560,39
1115543,39
2110789,39
2441831,39
2352385,39
2453477,39
1431314,39
1844141,39
2455772,39
2453552,39
2214145,39
1856508,39
837920,39
2045000,39
2379828,39
2449284,39
366098,39
2170880,39
1385637,39
2143868,39
1853417,39
2238432,39
1403959,39
2334930,39
577544,39
1352576,39
1890900,39
1520080,39
1363672,39
2416710,39
2406983,39
935880,39
1435660,39
1933267,39
354130,39
214956,39
2452796,39
1839565,39
540718,39
1890055,39
2180562,39
976448,39
2401136,39
128556,39
1878459,39
16775,39
1805271,39
18507,39
1998379,39
1767815,39
823260,39
2451401,39
1055425,39
393322,39
2442059,39
96295,39
465603,39
2451943,39
2458310,39
1829274,39
130088,39
714944,39
2192886,39
452700,39
2170698,39
2455693,39
798838,39
2270334,39
728094,39
1720099,39
1380371,39
1496995,39
1202815,39
1719319,39
1697838,39
110426,39
1261082,39
408790,39
2325916,39
1587732,39
1393676,39
2375403,39
1308285,39
2445208,39
1503991,39
2395485,39
1363675,39
2454847,39
2425560,39
2455907,39
2459196,39
1723970,39
2414133,39
2456677,39
248856,39
84542,38
267954,38
2302179,38
118841,38
539387,38
2447692,38
1713008,38
1945185,38
1618540,38
1681397,38
2329422,38
18738,38
2455347,38
2415701,38
137781,38
1480240,38
407381,38
2329959,38
479129,38
2287907,38
2444165,38
90018,38
2455728,38
1238906,38
1098072,38
1553851,38
2434707,38
86232,38
488361,38
2256788,38
1935239,38
2280916,38
20309,38
2111342,38
2448365,38
1267144,38
1957049,38
1288125,38
834822,38
51136,38
2453409,38
1783367,38
1989081,38
161061,38
1655054,38
1592789,38
1439937,38
2450603,38
2383610,38
528877,38
13213,38
2343610,38
2456776,38
567757,38
2052765,38
2371338,38
2437134,38
1458674,38
1824962,38
501219,38
2300321,38
2454900,38
1597615,38
1164222,38
2349824,38
1020951,38
81600,38
1380736,38
2238345,38
2233439,38
1962756,38
2309236,38
2449285,38
2122164,38
2402438,38
2338958,38
2441575,38
2359857,38
22428,38
2407832,38
39265,38
2432144,38
238419,38
2331546,38
2179383,38
36056,38
2428244,38
2272714,38
2413837,38
1449748,38
2451358,38
1478417,38
601268,38
2346302,38
478058,38
2225054,38
467190,38
1369925,38
69674,38
1164450,38
1639457,38
1099819,38
2448994,38
2019959,38
668558,38
728512,38
1939540,38
2411991,38
299124,38
2449447,38
2436834,38
14557,38
2449532,38
1054637,38
1080711,38
637346,38
222256,38
1167739,38
1987384,38
1626197,38
654412,38
2378562,38
15365,38
2451261,38
657607,38
1651401,38
1721070,38
2456817,38
2427145,38
2373677,38
1220004,38
81270,38
2453692,38
1543289,38
1272430,38
2437669,38
2186920,38
2033706,38
875879,38
2427691,38
2457158,38
1926531,38
321063,38
2171312,38
2221604,38
114612,37
1238331,37
655732,37
2454845,37
1873801,37
2313228,37
1849520,37
1219772,37
176555,37
2057158,37
2315170,37
2332126,37
2198788,37
2203943,37
2435068,37
2284156,37
555834,37
2210162,37
127018,37
314105,37
1317710,37
650441,37
2440179,37
487071,37
2143097,37
2401200,37
2061788,37
2096520,37
2067395,37
57295,37
1357639,37
1487537,37
1166008,37
2174862,37
1532972,37
1888661,37
629203,37
2242970,37
2261610,37
2322506,37
1208658,37
2389723,37
326698,37
2454628,37
105294,37
22956,37
89125,37
947324,37
1162336,37
906840,37
270851,37
2431904,37
2418505,37
646328,37
270336,37
151668,37
328567,37
2174856,37
1820717,37
2025389,37
2049081,37
2382223,37
2407919,37
1810892,37
362837,37
1855103,37
116480,37
2029187,37
850693,37
2221320,37
2024807,37
2119816,37
1675915,37
1032320,37
1324565,37
1166185,37
2456793,37
1225789,37
885893,37
1478309,37
2099292,37
788550,37
2060715,37
162577,37
2384352,37
2395415,37
36852,37
120643,37
2206013,37
128383,37
1507055,37
2114912,37
40570,37
107289,37
1499683,37
939006,37
2371412,37
2420396,37
1851449,37
2460110,37
2090999,37
1192892,37
1765896,37
948784,37
1799914,37
1899661,37
1895869,37
2395852,37
2451493,37
2458454,37
2429595,37
122200,37
745565,37
1799792,37
1403746,37
2392588,37
539254,37
2321431,37
2451754,37
1156976,37
1253852,37
211703,37
1581900,37
2264757,37
1336016,37
2449713,37
1497062,37
1361968,37
1551835,37
957510,37
2387681,37
487321,37
755027,37
131611,37
2450550,37
2396974,37
1722558,37
1217656,37
2459685,37
838017,37
2296433,37
2458753,37
2007744,37
2415693,37
1835421,37
2353382,37
1389345,37
1719741,37
1404502,37
1581660,37
543296,37
2459249,37
2112706,36
470762,36
2455136,36
2144960,36
2349309,36
2455588,36
436281,36
1110054,36
2027393,36
2281857,36
2142049,36
1445299,36
162333,36
929131,36
1855273,36
2247914,36
2301453,36
2425122,36
1546832,36
2452955,36
2350505,36
1979042,36
1909453,36
2459326,36
2402426,36
1397155,36
559984,36
2452163,36
675860,36
2248355,36
2450631,36
2313869,36
131822,36
1258803,36
2090300,36
2171706,36
706978,36
1632458,36
35283,36
2329750,36
469542,36
2147717,36
1755105,36
1997508,36
813634,36
1415528,36
2448435,36
2163863,36
2293128,36
2262073,36
2419817,36
2455415,36
1469509,36
2140724,36
343501,36
18472,36
120554,36
2192289,36
1227081,36
1871577,36
2151464,36
2197319,36
2440106,36
2196169,36
1242575,36
42387,36
2248307,36
1992622,36
2071956,36
118086,36
2400818,36
2171398,36
1228962,36
2415138,36
34553,36
2429538,36
91861,36
769631,36
2058216,36
2403713,36
2393785,36
2450683,36
2213419,36
2377008,36
2439087,36
1516521,36
632802,36
2356736,36
2179597,36
2347144,36
2450410,36
1007385,36
2454348,36
1807655,36
2452074,36
570655,36
1880044,36
2362500,36
2195766,36
396328,36
2370596,36
2131682,36
2455697,36
1841581,36
688735,36
6174,36
664078,36
2048404,36
2455082,36
1320989,36
235495,36
2411138,36
2112054,36
771057,36
2298919,36
2449730,36
766608,36
2373647,36
1896670,36
1627205,36
1878461,36
932410,36
205756,36
1499647,36
1778561,36
466455,36
1601996,36
821523,36
2453782,36
2455711,36
1849610,36
153549,36
1683884,36
1395025,36
957327,36
2410370,36
2454801,36
2440235,36
2441817,36
2452491,36
590203,36
2120166,36
2220725,36
2438002,36
1318108,36
2460130,36
492705,36
148131,36
2421102,36
2449269,36
1387138,36
2406698,36
1031310,36
2203872,36
2387000,35
2390306,35
526472,35
2394729,35
2352181,35
2451509,35
1163747,35
2241801,35
2449909,35
432701,35
2454243,35
1526830,35
1242549,35
2447625,35
2176651,35
2460322,35
2401288,35
2321783,35
2446769,35
2457824,35
2402121,35
1434700,35
1439940,35
2166066,35
2020185,35
1475240,35
1262673,35
2449926,35
2062551,35
2448773,35
470073,35
1033502,35
408059,35
2455516,35
476691,35
1602821,35
1748212,35
2191360,35
1363374,35
2274840,35
153022,35
366289,35
1869481,35
2437351,35
1496362,35
386637,35
671809,35
2191617,35
1653570,35
499233,35
1203183,35
1324972,35
2452207,35
2033004,35
2430744,35
2384106,35
111376,35
2366068,35
1692915,35
2459758,35
540124,35
1826073,35
2457840,35
1400275,35
1832143,35
7913,35
2234368,35
2456984,35
18629,35
2443182,35
753616,35
2213739,35
26944,35
2426983,35
128392,35
684499,35
1465693,35
147687,35
2427699,35
1948923,35
120774,35
2331118,35
2398642,35
2119841,35
2402109,35
267728,35
2113216,35
2407011,35
681666,35
1944098,35
1106890,35
1963971,35
2440780,35
594918,35
2453008,35
2029675,35
2449674,35
2199647,35
1695233,35
8124,35
2229489,35
1799622,35
2425701,35
158945,35
2456536,35
764149,35
2135932,35
1179698,35
1365244,35
694461,35
717233,35
2454639,35
2448121,35
2453953,35
2394368,35
2450813,35
2221765,35
1876643,35
2063310,35
1609801,35
404998,35
2451735,35
2250696,35
2439613,35
1257097,35
2446048,35
2448801,35
2166520,35
721066,35
585898,35
416082,35
2443347,35
2458138,35
2384872,35
2425994,35
125634,35
2201058,35
2232133,35
1807656,35
1321086,35
7094,35
2384857,35
1643661,35
32022,35
1167575,35
2407686,35
1768551,35
117238,35
836888,35
2448262,35
1462272,35
1253493,35
1034299,35
1461476,35
2458832,35
54073,35
374119,35
447662,35
1526883,35
2457573,35
2372884,35
1625534,35
1433845,35
2450474,35
401139,35
1704915,35
1263515,35
2425614,35
1972643,35
655879,35
367967,35
426277,35
2220578,35
2455961,35
2171834,35
1971411,35
789704,34
1715377,34
2173859,34
1570853,34
2403615,34
2037152,34
2447642,34
1308821,34
2113348,34
2031587,34
2455913,34
1404141,34
721863,34
339129,34
2313745,34
1097928,34
127139,34
1734639,34
868259,34
2196672,34
1543326,34
107677,34
623983,34
567727,34
565749,34
87577,34
2451941,34
12975,34
1118763,34
2457506,34
2239017,34
2407368,34
2441235,34
197818,34
896883,34
1851886,34
264645,34
1356153,34
2320836,34
639937,34
80819,34
2455946,34
94912,34
1450081,34
1352100,34
8179,34
2334259,34
445063,34
152286,34
2170933,34
2349271,34
2436604,34
2455278,34
850312,34
2424983,34
2391674,34
2359294,34
403751,34
2215849,34
2450425,34
2389822,34
2168663,34
2454761,34
1271783,34
1266705,34
1095851,34
1409097,34
1713815,34
19001,34
1211090,34
2455848,34
28112,34
2436161,34
1929122,34
1330255,34
2445664,34
332248,34
1638441,34
136348,34
2337386,34
2091192,34
2437536,34
2066457,34
2455233,34
2396511,34
560172,34
2133358,34
997160,34
1518448,34
2354742,34
2197913,34
313289,34
1358010,34
2397059,34
1501328,34
1796232,34
2323643,34
633300,34
2452299,34
979440,34
396772,34
539234,34
2450854,34
7279,34
424332,34
52354,34
2321929,34
17875,34
2421330,34
1084283,34
1392031,34
1003333,34
2192221,34
1999299,34
1445112,34
2317000,34
2298875,34
2247074,34
1488208,34
276413,34
1655867,34
2418885,34
46187,34
2445058,34
2456156,34
2084968,34
1434002,34
2457860,34
1712732,34
198157,34
2437070,34
1002209,34
397510,34
161796,34
2334351,34
2166500,34
129879,34
2054525,34
961285,34
2395985,34
1972843,34
1908594,34
2455653,34
337704,34
716879,34
2456401,34
829837,34
1878460,34
2454844,34
2451741,34
2252864,34
2457727,34
775057,34
1980261,34
2211738,34
2247757,34
1934793,34
2432970,34
2075534,34
1457891,34
912997,34
129057,34
2434155,34
2412489,34
2452495,34
2300135,34
23893,34
2430594,34
1746848,34
2065461,34
1139934,34
1886437,34
1172124,34
2188774,33
2454613,33
1914105,33
2447774,33
663758,33
2281907,33
26076,33
2123303,33
1113430,33
2440103,33
1847230,33
2129149,33
2346200,33
442163,33
1805497,33
1993003,33
2418759,33
2383262,33
2265527,33
122827,33
699930,33
1677673,33
1947185,33
1469128,33
1435128,33
1215824,33
2099268,33
2391597,33
2457642,33
2355456,33
689972,33
438378,33
494824,33
2367983,33
2201944,33
57573,33
2396290,33
720206,33
527251,33
2457570,33
2408595,33
2446738,33
949418,33
2329701,33
446334,33
2049999,33
45521,33
2390028,33
628862,33
2337366,33
1789765,33
909155,33
1787799,33
2091346,33
1629045,33
1265248,33
1487879,33
2410331,33
2399364,33
2128969,33
1014760,33
683184,33
16678,33
1844821,33
2186788,33
1554456,33
305314,33
1025821,33
1196454,33
1731273,33
13090,33
102628,33
1598638,33
1738546,33
2443869,33
902178,33
2307126,33
1932948,33
2394119,33
1941474,33
285909,33
2444773,33
870724,33
2165010,33
2041790,33
2128942,33
2390650,33
2429713,33
1918631,33
641453,33
819674,33
1720562,33
1385440,33
1116585,33
1077937,33
1718278,33
1781295,33
1215341,33
2454384,33
640987,33
2448529,33
1680069,33
587528,33
2034574,33
2457007,33
2036786,33
1093330,33
32827,33
2388820,33
2425415,33
637588,33
471385,33
1918778,33
2456342,33
2137137,33
2437726,33
2437970,33
1296947,33
2365537,33
2460169,33
1405296,33
218562,33
793828,33
474074,33
2198068,33
2420939,33
1538635,33
2374210,33
362766,33
1675347,33
2370608,33
2452897,33
1699034,33
2036940,33
280454,33
2087176,33
1911243,33
1881337,33
2068208,33
1707826,33
464517,33
1766818,33
59257,33
2387438,33
1767685,33
1770003,33
189422,33
22364,33
54233,33
431570,33
263107,33
1618093,33
1527367,33
516876,33
717617,33
2011625,33
1792046,33
451631,33
194138,33
1343383,33
2001825,33
2453524,33
129681,33
2458312,33
1693222,33
1125569,33
1353984,33
1591314,33
618792,32
1378616,32
600648,32
2225186,32
1259610,32
2343059,32
1820704,32
302872,32
2433447,32
1424681,32
2340701,32
1609623,32
2341651,32
2432034,32
21856,32
2420281,32
10850,32
2200829,32
2409641,32
426456,32
2324132,32
521658,32
1015225,32
2458264,32
2338225,32
323575,32
2453917,32
2451008,32
2459498,32
1721246,32
897828,32
1530330,32
2400924,32
1693029,32
1877892,32
138263,32
1932032,32
2386942,32
2341625,32
2450900,32
28433,32
715862,32
2412984,32
2371293,32
133534,32
1424203,32
552463,32
1308310,32
59689,32
2449191,32
2449053,32
2430580,32
1507123,32
1193368,32
2420916,32
349062,32
462611,32
2425816,32
490174,32
384127,32
2206324,32
77600,32
555084,32
456230,32
983011,32
1883844,32
2433970,32
64628,32
2094601,32
453598,32
1306841,32
1252497,32
1956762,32
660682,32
215166,32
2220769,32
481119,32
2126015,32
2046497,32
21503,32
2171491,32
120738,32
1791192,32
2452063,32
1198705,32
2416150,32
634172,32
2071971,32
2216329,32
118794,32
1450343,32
2456803,32
2408310,32
996227,32
2417906,32
1319843,32
2449834,32
2056953,32
1870765,32
604286,32
133031,32
1932964,32
1984998,32
96797,32
2178677,32
2314466,32
2428607,32
1714676,32
720280,32
212426,32
1220572,32
2421505,32
2134638,32
1953892,32
2238338,32
2454802,32
696050,32
1550441,32
1196991,32
889205,32
1539078,32
1346090,32
1146409,32
972173,32
2442222,32
1493953,32
1195827,32
1586526,32
675028,32
2037002,32
751269,32
1033775,32
2457489,32
2244543,32
2454977,32
177236,32
113055,32
2337303,32
125301,32
2085015,32
1793800,32
1805743,32
1941869,32
617060,32
532840,32
2208814,32
2103052,32
1597427,32
1992304,32
1063613,32
2459844,32
20824,32
2438721,32
2447030,32
1296513,32
1882546,32
523947,32
2445223,32
2454662,32
155663,32
607666,32
2110703,32
86641,32
543896,32
342282,32
1398477,32
195786,32
2432892,32
2309594,32
1830295,32
2047812,32
180855,32
2317682,32
596166,32
1857747,32
1858420,32
1877829,32
1178230,32
1790750,32
2405005,32
1394572,32
180891,32
2382424,32
2447374,32
2386526,32
976224,31
2407345,31
465789,31
2312234,31
2445963,31
1340645,31
1762537,31
821799,31
1251734,31
1354857,31
2345242,31
465835,31
2416306,31
27996,31
1693257,31
1384286,31
2321665,31
887019,31
2417288,31
2270111,31
102539,31
1389827,31
1068055,31
2262501,31
582994,31
413466,31
2386517,31
1731594,31
2347738,31
938037,31
2371705,31
528797,31
479344,31
20837,31
39252,31
2451336,31
1887206,31
2131901,31
593612,31
93843,31
2440676,31
1099370,31
1972334,31
2456154,31
1534668,31
683538,31
360549,31
2418271,31
2126408,31
2396055,31
2441645,31
1844250,31
1885597,31
1428580,31
67628,31
176870,31
679856,31
1829052,31
2433748,31
835578,31
6213,31
2452992,31
2422524,31
2404408,31
496789,31
2307532,31
2454138,31
1984507,31
2422758,31
2451155,31
1397311,31
637377,31
1447530,31
2332424,31
1092414,31
500641,31
1076394,31
1804177,31
2405074,31
2455837,31
2032799,31
1350437,31
1961958,31
2457432,31
2456124,31
1904997,31
468633,31
2453180,31
433300,31
2374464,31
2138387,31
25980,31
2203910,31
419229,31
11799,31
2457965,31
2193272,31
1016888,31
623398,31
2458538,31
2219638,31
685874,31
1570554,31
1381711,31
837924,31
316882,31
1731659,31
2457997,31
2338721,31
1916258,31
2450143,31
540855,31
2001374,31
168340,31
2201950,31
1996818,31
1258083,31
2454424,31
2373089,31
44389,31
2387046,31
87685,31
968083,31
1267469,31
1280878,31
397069,31
840306,31
2447707,31
1287151,31
1878750,31
2147697,31
2395263,31
2245456,31
2281512,31
1018511,31
2446575,31
884803,31
2291037,31
475868,31
2332534,31
1487878,31
48999,31
432483,31
1869530,31
2450673,31
2443201,31
2320989,31
2425543,31
433138,31
1934149,31
1420790,31
1935637,31
2454515,31
232802,31
2408277,31
2359163,31
900279,31
2451955,31
1691564,31
2454341,31
642272,31
1786677,31
1389714,31
221240,31
111792,31
2452820,31
2432159,31
1459862,31
1213276,31
966138,31
1033274,31
315602,31
1711247,31
64627,31
1813931,31
2354242,31
2343982,31
2170957,31
821476,31
125648,31
75650,31
1623508,31
592460,31
112013,31
904315,31
2100839,31
1971028,31
2313807,31
381539,31
2199494,31
1769023,31
2206999,31
2088157,31
50882,31
2430054,31
906925,31
2299749,31
363681,31
2234406,31
691463,31
2456565,31
2444343,31
2456870,31
1124626,31
362161,31
4830,31
1328363,31
5115,31
2439733,31
76937,31
2017189,31
2409949,31
1686053,31
2342169,31
143472,31
2032342,31
1900523,31
2448026,31
2398296,31
2359912,31
297619,31
2186843,31
2235050,31
2248736,31
2138070,31
1530990,31
1792670,31
2429098,31
2287923,31
2460329,31
2403039,30
482488,30
2455386,30
1258416,30
2301301,30
1070083,30
1180764,30
1467551,30
2168426,30
1909274,30
2399224,30
1117232,30
2455080,30
859205,30
48185,30
1181508,30
195730,30
2455144,30
1429374,30
2383718,30
1719346,30
1060430,30
1173967,30
2335408,30
2450885,30
1014107,30
524740,30
1634548,30
1830623,30
1232517,30
1736197,30
2086960,30
2224652,30
549637,30
2451657,30
2414242,30
2403949,30
2459989,30
1960617,30
2057014,30
940040,30
1555130,30
27259,30
127906,30
1646240,30
2054940,30
96395,30
82805,30
1841202,30
2415141,30
2335221,30
646935,30
2446217,30
2369543,30
2448264,30
2410647,30
823763,30
793950,30
2359891,30
1891479,30
747366,30
1573725,30
611482,30
1114718,30
1756111,30
1663553,30
2435961,30
85691,30
536195,30
1947995,30
2387874,30
343592,30
25399,30
1263985,30
1865096,30
2253206,30
297501,30
1143712,30
279487,30
714477,30
1720216,30
1858848,30
1377794,30
528018,30
1061078,30
899155,30
1564319,30
2421359,30
1317655,30
1615349,30
2337533,30
2027021,30
2455404,30
90642,30
2431741,30
664292,30
1019635,30
2312900,30
1715577,30
68691,30
1663889,30
130313,30
21093,30
250936,30
1752722,30
914995,30
50755,30
1376693,30
2434463,30
407448,30
1615161,30
2458512,30
807276,30
2191811,30
860092,30
2455685,30
2110612,30
802444,30
1712447,30
2098929,30
1099735,30
1078878,30
2453654,30
1375937,30
1388704,30
2216324,30
1860144,30
70248,30
2337953,30
1905292,30
1904613,30
4346,30
2443034,30
360570,30
1387430,30
1297977,30
70582,30
2371052,30
280616,30
2423079,30
2191603,30
1764162,30
2085039,30
636548,30
548794,30
1792538,30
14905,30
2454878,30
1164908,30
1330184,30
2374255,30
860508,30
1651701,30
1224740,30
2449454,30
2027577,30
1373414,30
1766521,30
2169103,30
1021376,30
48671,30
2317290,30
2413977,30
1891481,30
1743473,30
230569,30
1488724,30
2372744,30
2456747,30
1501713,30
2460335,30
506930,30
2456519,30
772003,30
2212425,30
546676,30
2409371,30
2406707,30
2432882,30
221711,30
2415012,30
942367,30
1100779,30
2457978,30
2448341,30
2430224,30
31385,30
2444876,30
639884,30
2236782,30
747473,30
2288953,30
838803,30
2441317,30
62778,30
1953957,30
1019314,30
1582668,30
182776,30
856460,30
2449522,30
1316180,30
467118,29
1304247,29
1905501,29
2457729,29
2145876,29
956140,29
285806,29
2443118,29
884077,29
2459300,29
1785495,29
1781036,29
2214019,29
1768433,29
697752,29
1239748,29
1376732,29
2400063,29
1690238,29
241797,29
979512,29
1282086,29
888250,29
2417787,29
88250,29
583686,29
2448742,29
2375135,29
2299899,29
823343,29
2363343,29
1760562,29
1364638,29
2345347,29
2457713,29
1191333,29
1978480,29
1449667,29
1640973,29
299933,29
2456479,29
1011900,29
2372597,29
73184,29
730162,29
1225476,29
736323,29
1059765,29
2130664,29
2446864,29
1028499,29
2421310,29
1444005,29
2289127,29
1976920,29
1265234,29
458635,29
2403536,29
208005,29
2333497,29
1331000,29
125498,29
2429622,29
467633,29
1652162,29
2243535,29
2415400,29
2437258,29
451279,29
1231095,29
1637539,29
564136,29
1252977,29
1059388,29
2326247,29
1096551,29
1907453,29
2399399,29
1972962,29
1421799,29
1541867,29
1666146,29
2403546,29
1557082,29
485379,29
1402736,29
22402,29
2437041,29
525964,29
932460,29
2219781,29
1836368,29
645633,29
2151255,29
224882,29
621240,29
2078957,29
1070792,29
2392745,29
2128898,29
985815,29
1674822,29
295836,29
1456656,29
1037320,29
105573,29
21669,29
1288013,29
2205995,29
2128825,29
34502,29
2460027,29
2456009,29
123896,29
2446137,29
2233111,29
2083806,29
1877634,29
1245022,29
1911850,29
1039846,29
2355814,29
1873285,29
1354339,29
46294,29
2439789,29
893267,29
2454284,29
2240472,29
2280852,29
2346263,29
473059,29
2228851,29
2441931,29
578500,29
2414922,29
2300584,29
2424380,29
466863,29
2396869,29
793605,29
1282514,29
1951135,29
2452153,29
2431532,29
1197408,29
2457163,29
1596192,29
861119,29
1266528,29
471578,29
2399731,29
8349,29
1385041,29
2413221,29
2064602,29
2402277,29
2457236,29
2454687,29
806055,29
1889969,29
1784698,29
2096899,29
1811287,29
245542,29
1373592,29
871897,29
796605,29
103021,29
2446966,29
2400801,29
1885871,29
2453268,29
6638,29
1888626,29
2191548,29
595057,29
1461776,29
1336738,29
1527322,29
2454818,29
2065672,29
691668,29
1728991,29
1165173,29
298297,29
478777,29
2446492,29
163171,29
2283258,29
572899,29
2379100,29
2431397,29
359702,29
1259365,29
312431,29
2459935,29
2336342,29
1581250,29
1538856,29
2448519,29
1215031,29
1012975,29
1727908,29
481772,29
667004,29
2365504,29
1561517,29
2401149,29
2457112,29
2453417,29
87609,29
682349,29
2358237,29
28059,29
1696380,29
2432849,29
2043390,29
2117256,29
2454807,29
2457798,29
24866,29
1142481,29
1159235,29
2444177,29
1111934,29
1726733,29
2453547,29
1961681,29
1029145,29
201287,29
2066835,29
2381113,29
2450301,29
2047895,29
1280409,29
917085,29
2032489,29
226478,29
214255,28
2217715,28
1808992,28
2392046,28
2454182,28
1163931,28
1817906,28
58914,28
2402456,28
2174642,28
1252857,28
2350895,28
1652839,28
2344616,28
2173342,28
1818397,28
2202542,28
2442547,28
2452077,28
2390442,28
10706,28
2031877,28
1454304,28
792343,28
2444713,28
315354,28
1962560,28
2241243,28
1834694,28
923164,28
2443342,28
2005664,28
44219,28
2358195,28
2343495,28
1255707,28
1207638,28
2361201,28
1019792,28
2459760,28
1398174,28
1581912,28
1994697,28
444051,28
1892599,28
1787324,28
970862,28
1801817,28
1209392,28
2459932,28
2431725,28
2447927,28
1210294,28
1194535,28
782388,28
1817858,28
2452541,28
2398738,28
42675,28
2040021,28
2442525,28
1900575,28
1791063,28
1863742,28
2456353,28
1010987,28
2334573,28
2201137,28
2452234,28
355785,28
1151616,28
1652997,28
2112606,28
1074673,28
1515979,28
1494990,28
1291375,28
393901,28
1039266,28
2205285,28
1347131,28
1587409,28
2192148,28
493358,28
972465,28
468584,28
7271,28
2227875,28
11744,28
2240395,28
1813893,28
2385403,28
1076614,28
1182358,28
1032129,28
1819487,28
1411402,28
2370785,28
2457204,28
1226964,28
2332384,28
1442499,28
2430901,28
1364,28
2448965,28
1875959,28
2452594,28
1477532,28
1153444,28
257995,28
2390774,28
2193756,28
1653435,28
2194203,28
1222282,28
1933307,28
1960586,28
2329219,28
1290283,28
1450095,28
1318460,28
1159892,28
516934,28
1808623,28
537491,28
2328510,28
1080969,28
1303349,28
1582652,28
2449101,28
1746990,28
1493941,28
2392431,28
1499956,28
1502576,28
795770,28
2304904,28
2329377,28
2049781,28
56967,28
2181135,28
1830015,28
835025,28
33192,28
308615,28
2259640,28
2191725,28
1230256,28
888235,28
1895900,28
2336656,28
2346002,28
350039,28
1141576,28
2427943,28
1794359,28
2431267,28
186796,28
1112632,28
2454578,28
238105,28
934628,28
1059315,28
1709989,28
2197403,28
1552578,28
722776,28
1808204,28
56307,28
1084513,28
2224601,28
77692,28
1316665,28
1613565,28
1078575,28
495482,28
786919,28
2171155,28
567471,28
1400916,28
1171601,28
2455067,28
2437681,28
1159847,28
2026941,28
2450959,28
369758,28
2197290,28
629544,28
1467259,28
2087823,28
1741565,28
2077083,28
1282583,28
2440363,28
2454929,28
2215040,28
1355348,28
1527456,28
1683324,28
91825,28
2455639,28
17333,28
685045,28
1017505,28
1219900,28
2257498,28
1288970,28
1506398,28
1598875,28
1451253,28
18474,28
2164753,28
2351898,28
1376163,28
592483,28
1881174,28
2420817,28
2431506,28
492126,28
2439302,28
2428401,28
5012,28
1616305,28
18798,28
2148331,28
1764883,28
2450269,28
2395630,28
2082094,28
2448524,28
2448514,27
1757495,27
2451818,27
1487078,27
925928,27
692001,27
1343929,27
625784,27
2429849,27
2455468,27
1905336,27
2450323,27
2441139,27
541179,27
2182094,27
1974371,27
2457008,27
2182935,27
1627149,27
2403085,27
16599,27
510730,27
1312520,27
597695,27
22626,27
583964,27
2406116,27
2399740,27
2225379,27
2454351,27
2381000,27
1398870,27
1337609,27
2449110,27
1380316,27
2292133,27
1344072,27
1622387,27
1785605,27
1746532,27
908931,27
17362,27
2420807,27
1898210,27
2131436,27
1616244,27
710747,27
565145,27
2076784,27
2111381,27
1545303,27
137725,27
147525,27
1500360,27
2421053,27
1416327,27
2301024,27
2093287,27
362559,27
125939,27
1317767,27
2027466,27
128638,27
2334679,27
1930067,27
2457777,27
1027658,27
464413,27
1405485,27
1713256,27
2422837,27
2197598,27
2149913,27
55700,27
999206,27
1859022,27
105104,27
2396496,27
1892298,27
2445847,27
1363766,27
2452870,27
2441104,27
2449276,27
429755,27
20768,27
2042409,27
2453520,27
1471272,27
1972067,27
833086,27
2398126,27
2455132,27
53761,27
2237480,27
1561381,27
2329971,27
2188379,27
2051467,27
209318,27
2445686,27
1772667,27
2355840,27
2304376,27
2442369,27
2414458,27
1689890,27
1339512,27
736694,27
2359461,27
44,27
1430093,27
1763307,27
2409260,27
1385406,27
1838159,27
1259226,27
279880,27
287182,27
1801725,27
1924833,27
1500450,27
2436306,27
1840022,27
997909,27
2395665,27
2240461,27
1956581,27
260443,27
1604752,27
1713319,27
118009,27
2442093,27
1313753,27
2460096,27
1954109,27
838736,27
1019433,27
1442151,27
1837748,27
2401682,27
2438008,27
6250,27
185413,27
15464,27
1395652,27
2282950,27
619505,27
2220145,27
2092055,27
1339062,27
430863,27
2021678,27
2451075,27
2306955,27
1905972,27
28326,27
488030,27
2447818,27
941478,27
630432,27
2422153,27
928145,27
1737560,27
1387996,27
1419498,27
2386739,27
955971,27
980998,27
406065,27
2188503,27
2342628,27
1110305,27
588511,27
2442026,27
402785,27
2447242,27
2279743,27
1355939,27
1955638,27
7152,27
2454675,27
1388756,27
960580,27
651043,27
2027494,27
138331,27
1874522,27
2413075,27
2454747,27
2380853,27
1049397,27
2452089,27
235899,27
870462,27
2384321,27
85106,27
2238615,27
2038394,27
1753461,27
1891581,27
2445002,27
2241253,27
1186433,27
1058513,27
1080308,27
1389981,27
907925,27
2452791,27
637213,27
1965203,27
19669,27
1028032,27
23167,27
1246404,27
466123,27
2447460,27
257904,27
1187586,27
2422164,27
1669468,27
1385343,27
1125276,27
2133974,27
1884978,27
1013925,27
359333,27
279071,27
218958,27
2193670,27
2392929,27
522756,27
2191751,27
2309741,27
1826893,27
1275582,27
2429959,27
2457071,27
1000190,27
2311773,27
413385,27
2315857,27
2434086,27
2197238,27
2454861,27
359677,27
2449509,27
2013312,27
2214702,27
2369507,27
2450563,27
2250852,27
1957913,27
1643025,27
2454753,27
83766,27
2450759,27
2292321,27
368363,27
1429572,27
2454528,27
2227428,27
1223540,27
1337616,27
2452689,27
591560,27
2027408,27
350873,27
485449,27
2451052,27
2452816,27
2140321,26
560421,26
2452037,26
1276378,26
2018097,26
1734567,26
701339,26
2085866,26
2422063,26
2329784,26
2280000,26
2312202,26
11088,26
1661534,26
1097018,26
2166256,26
2385276,26
1509216,26
2447893,26
2456678,26
237712,26
2459141,26
1234636,26
2456957,26
2204056,26
90707,26
951634,26
2168404,26
336757,26
5706,26
2327626,26
1295320,26
1820946,26
637422,26
1435166,26
543154,26
2169587,26
2147481,26
1249491,26
2111350,26
1270359,26
2451298,26
371282,26
769423,26
114460,26
251091,26
1801111,26
712821,26
2185799,26
2397174,26
1519509,26
2453681,26
221064,26
837057,26
1125114,26
53464,26
1741619,26
2110440,26
281557,26
2374580,26
1522819,26
1944466,26
1902012,26
955770,26
1916760,26
2407104,26
508017,26
2218624,26
1067354,26
2432792,26
2445961,26
1282238,26
401685,26
1752563,26
11896,26
365275,26
1380955,26
2323774,26
656692,26
1029673,26
739804,26
1263991,26
160855,26
1902661,26
1898672,26
2440439,26
1778081,26
627081,26
1834771,26
1639067,26
461074,26
1871889,26
63257,26
2440645,26
2448754,26
1359797,26
2359240,26
207579,26
1449178,26
2199222,26
1419171,26
2435447,26
2272099,26
37006,26
2452341,26
2428216,26
1749598,26
57287,26
2418903,26
2074692,26
1333010,26
1974522,26
8748,26
435275,26
1825962,26
150169,26
1180914,26
557703,26
1337611,26
2246042,26
2400985,26
2434665,26
1751661,26
2099912,26
142273,26
78295,26
1584531,26
25360,26
2426061,26
2430222,26
2311704,26
2249601,26
2260944,26
2416785,26
2442277,26
1343997,26
2174846,26
17455,26
427073,26
1112399,26
2088506,26
188525,26
412136,26
2424396,26
117603,26
883401,26
2058831,26
2447230,26
2001317,26
2442199,26
1236206,26
2364108,26
2129322,26
1411286,26
2433419,26
860278,26
1005974,26
630252,26
1983205,26
1353497,26
935657,26
2416421,26
1164420,26
17390,26
40199,26
1681748,26
2277993,26
684770,26
1446130,26
2339656,26
267206,26
933015,26
2255572,26
419704,26
9434,26
1557176,26
2449626,26
1879004,26
2184468,26
2213166,26
1580435,26
2097839,26
879845,26
998002,26
461046,26
1309065,26
2454089,26
351421,26
1901863,26
1424783,26
1689143,26
365708,26
1028232,26
2098065,26
2408918,26
2408208,26
2308915,26
1782437,26
2455888,26
2235937,26
2333393,26
1996945,26
1579813,26
2361186,26
1132888,26
931128,26
158716,26
2327333,26
1382864,26
1077706,26
24530,26
706828,26
1277477,26
982793,26
547872,26
941143,26
2441824,26
772865,26
165513,26
207406,26
2448940,26
2411841,26
1847384,26
2336248,26
2458964,26
450032,26
443419,26
25794,26
2169195,26
2325963,26
1927898,26
1903564,26
1027649,26
2237661,26
452459,26
2454506,26
1013509,26
1025709,26
2331625,26
1563152,26
894458,26
1930839,26
1901662,26
1248513,26
1015483,26
17223,26
1304865,26
2185326,26
1363498,26
2076546,26
2443202,26
138970,26
538263,26
933301,26
1124312,26
1285154,26
1819788,26
2232677,26
1098391,26
1674256,26
135027,26
487226,26
2455627,26
1972212,26
2134635,26
2113386,26
1922822,26
502254,26
1176108,26
2174873,26
2131691,26
2173012,26
2298412,26
1778676,26
1531289,26
1335719,26
1051720,25
2255294,25
339312,25
358666,25
2437077,25
2292743,25
363666,25
2313673,25
1191844,25
1245697,25
1021146,25
2192676,25
2412755,25
824549,25
570873,25
157844,25
1979758,25
2450911,25
2134439,25
1497493,25
1357076,25
1756576,25
2341618,25
1232852,25
2314551,25
1021366,25
365162,25
2181771,25
1376409,25
2365382,25
2454161,25
2123421,25
2452004,25
171159,25
122291,25
2447479,25
20026,25
1085207,25
2443641,25
1390184,25
2105699,25
1784001,25
211032,25
2262253,25
2169438,25
2458307,25
2348481,25
2450354,25
2455894,25
1977403,25
1416753,25
2453797,25
1376629,25
1310598,25
1335663,25
2450606,25
561024,25
2376918,25
126671,25
1224719,25
1520177,25
1675502,25
2454775,25
1937755,25
2432871,25
402947,25
681272,25
1099682,25
832884,25
1263826,25
2084177,25
2009347,25
2084396,25
2447440,25
18008,25
2457148,25
2451154,25
2278420,25
2356302,25
548799,25
2250004,25
2033429,25
1462156,25
2456544,25
895391,25
2441384,25
826938,25
653375,25
1928723,25
2116004,25
1632454,25
1177698,25
1431675,25
2448356,25
736706,25
2304032,25
2224862,25
2399169,25
2460421,25
412901,25
2339103,25
2454624,25
2364753,25
2027685,25
2437950,25
1749952,25
1414247,25
920932,25
1804400,25
136200,25
861559,25
1615041,25
955044,25
1422841,25
133118,25
978482,25
2254375,25
407916,25
2195647,25
1192396,25
1392858,25
2241642,25
2037363,25
1253677,25
980679,25
324431,25
52528,25
997049,25
1636385,25
325951,25
961474,25
2094787,25
2413052,25
1377483,25
1522763,25
924258,25
8451,25
2436153,25
1863084,25
380202,25
134338,25
643835,25
129950,25
2261295,25
108077,25
1993869,25
409605,25
1903318,25
2437109,25
2015161,25
2076212,25
2356658,25
2177558,25
2456995,25
118114,25
2314349,25
2429903,25
1484506,25
2418868,25
16198,25
2303045,25
1959917,25
489243,25
186873,25
2108995,25
2455168,25
1458134,25
1759947,25
1273299,25
1227672,25
1397803,25
1302610,25
1270686,25
2442330,25
672328,25
493096,25
2372545,25
1508341,25
837147,25
1603393,25
1250531,25
645985,25
2091249,25
1466488,25
1358951,25
1051410,25
1408166,25
1260555,25
479833,25
430540,25
1922255,25
1696153,25
2449023,25
765247,25
2185979,25
2372321,25
1726204,25
1866323,25
1547064,25
2230533,25
425220,25
822428,25
2128321,25
1291199,25
1989110,25
87320,25
2330996,25
744389,25
2307275,25
2254522,25
547289,25
2068781,25
1388271,25
1132855,25
2460166,25
984688,25
1278663,25
1121001,25
1884540,25
2084541,25
646167,25
2456714,25
2188304,25
388509,25
1368989,25
2459071,25
1048343,25
1455737,25
2421081,25
94218,25
129689,25
2186383,25
2407044,25
894218,25
504614,25
1208819,25
2413933,25
2245573,25
141029,25
135658,25
2432573,25
947880,25
1064190,25
2451099,25
2028227,25
2275905,25
2113746,25
1977081,25
1092809,25
2150724,25
1710280,25
1324556,25
2111850,25
659236,25
2439402,25
2204572,25
883426,25
403375,25
137542,25
2350033,25
1753006,25
1023937,25
870999,25
1241933,25
2014264,25
1752646,25
25758,25
611924,25
19625,25
1645579,25
2207742,25
1501145,25
911447,25
965846,25
2205260,25
1222100,25
18571,25
2291750,25
910062,25
2436932,25
1087868,25
1098056,25
26760,25
2117893,25
1878055,25
2402424,25
1947591,25
517833,25
1466142,25
2229882,25
1449704,25
2405213,25
2225008,25
2107905,25
40436,25
218423,25
2447465,25
2314058,25
658881,25
1190163,25
709956,25
292841,25
1906090,25
473899,25
2393266,25
2178897,25
823108,25
2458481,25
2448792,25
1800913,25
1133355,25
2230317,25
1557726,25
2446023,25
1280186,25
2455752,25
1554561,25
2453213,25
2171421,25
142240,25
936435,25
2419774,25
428790,25
771134,25
1406383,25
2432581,25
2344233,25
385871,25
6433,25
1219546,25
1397878,25
2414095,25
1878598,25
630682,25
1015964,25
2151658,25
2448769,25
368996,25
70400,25
1632252,25
1523055,25
119376,25
2426874,25
1591483,25
1681990,25
1615758,25
628763,25
2412885,25
1981371,25
2329918,25
654879,25
1609815,25
453336,25
2447828,25
155484,25
1712073,25
121056,25
1455929,25
620687,25
1921601,25
1897586,25
2250757,25
1821398,25
853056,25
615967,25
474316,25
1894175,25
1898871,24
2440555,24
540969,24
1177470,24
228831,24
400257,24
1877624,24
2292249,24
617562,24
2000748,24
2186208,24
778188,24
350716,24
1631995,24
2210375,24
2317109,24
1927692,24
660112,24
1698867,24
2280989,24
2453162,24
2455681,24
2261482,24
2230390,24
493452,24
1164903,24
2420721,24
882338,24
990045,24
2071061,24
2455713,24
2459223,24
2220234,24
2288929,24
309582,24
1473905,24
2273012,24
2010683,24
1502414,24
2453822,24
2363729,24
1065272,24
2300624,24
279913,24
2450313,24
2432462,24
1428728,24
1659913,24
1151889,24
2377026,24
2423900,24
2090627,24
1938828,24
2076163,24
1699831,24
2377852,24
1632202,24
2324912,24
2451713,24
2452235,24
2123192,24
726732,24
348852,24
1609106,24
2452952,24
60053,24
2416992,24
1298824,24
1822821,24
2451040,24
46895,24
1250618,24
1973762,24
1514224,24
128616,24
2293268,24
1801618,24
1791044,24
1756394,24
1265590,24
670083,24
2356440,24
2052319,24
1892822,24
1695694,24
1132071,24
1722018,24
1709758,24
1626800,24
2455686,24
2254648,24
1913205,24
2166352,24
2455435,24
122211,24
981627,24
1982115,24
2441389,24
2046304,24
1120736,24
1259918,24
2371459,24
256729,24
878524,24
2449412,24
2459274,24
1255173,24
518838,24
1901104,24
2444156,24
2453744,24
2341785,24
2305269,24
1220709,24
2446824,24
1451069,24
1238396,24
929770,24
1278109,24
2437542,24
2124655,24
843783,24
1397793,24
2191552,24
1440625,24
2398998,24
2435811,24
2202253,24
1247653,24
321553,24
10676,24
2454303,24
966215,24
1936045,24
1172142,24
498713,24
717557,24
531907,24
2351523,24
1002150,24
1899592,24
793366,24
1179737,24
173001,24
1580254,24
1924857,24
2418172,24
1680850,24
148318,24
1975094,24
1607272,24
2448053,24
2387015,24
489284,24
1082538,24
2123760,24
1405179,24
1998250,24
2413450,24
2050142,24
2459337,24
707896,24
1695778,24
902174,24
2456683,24
1493742,24
2287974,24
2364831,24
300187,24
889986,24
660029,24
2253069,24
2034142,24
356701,24
1240750,24
2373991,24
454079,24
1353798,24
1061871,24
2350595,24
1094340,24
64619,24
1394152,24
1289135,24
937198,24
2454027,24
2342702,24
437916,24
2371134,24
2428122,24
1384906,24
853272,24
2441259,24
1545553,24
112135,24
1488390,24
2452219,24
947933,24
574911,24
2355717,24
1190434,24
932951,24
2447753,24
1679319,24
132069,24
684924,24
681171,24
60132,24
358538,24
1940545,24
2437991,24
528132,24
14934,24
2327035,24
86483,24
356229,24
1269017,24
1116662,24
2078031,24
1371850,24
540745,24
2455710,24
1444171,24
2181171,24
740825,24
2171356,24
1035127,24
2219258,24
2236803,24
2358269,24
2400502,24
1804394,24
1704570,24
555787,24
1023785,24
2450503,24
1295098,24
1864062,24
124747,24
2145507,24
2452665,24
1163643,24
1340802,24
1450571,24
2449727,24
1900496,24
477434,24
1207602,24
2427708,24
1747186,24
1141758,24
993527,24
1127787,24
2148922,24
2206922,24
455392,24
2212718,24
1849541,24
2433602,24
2177495,24
2039703,24
793052,24
2448745,24
147838,24
850652,24
1967499,24
1662532,24
2457010,24
2389102,24
1014372,24
57319,24
200937,24
1433053,24
1381248,24
1917013,24
1446557,24
2363566,24
1133479,24
1052993,24
1477443,24
336784,24
2214055,24
2364648,24
738193,24
1646878,24
1290339,24
2046976,24
1209832,24
940308,24
2451513,24
1037793,24
1730465,24
2448400,24
309915,24
2387520,24
2368916,24
2091624,24
739007,24
23550,24
2323765,24
2219725,24
2288256,24
1122330,24
2452649,24
296176,24
999874,24
2397961,24
484730,24
1930384,24
1597018,24
2225814,24
841211,24
632900,24
1523721,24
430102,24
1360207,24
2169622,24
41879,24
2364246,24
83644,24
1910712,24
1225254,24
2448651,24
2193702,24
1657293,24
2324958,24
2454268,24
2440808,24
1358365,24
918261,24
2208692,24
1410651,24
519399,24
487646,24
2405432,24
513166,24
384733,24
2382239,24
1530188,24
2451190,24
70527,24
1581444,24
123374,24
956162,24
2427309,24
2447239,24
2449373,24
1249378,24
1843858,24
1768215,24
640810,24
2222658,24
2026362,24
1267270,24
1102581,24
2455727,24
1654222,24
1003482,24
1519863,24
1985245,24
1001573,24
2449354,24
1264817,24
1897882,24
940109,24
2196117,24
88184,24
1371312,24
2103220,24
464423,24
159553,24
832596,24
425222,24
2404515,24
2429070,24
2041228,24
288229,23
1653790,23
1337612,23
2444903,23
1880739,23
1360827,23
130277,23
1787477,23
1378379,23
1183262,23
2272945,23
2454228,23
1677640,23
1082777,23
1567646,23
1732024,23
2389229,23
1834822,23
2452416,23
2455675,23
2131936,23
2435182,23
608592,23
1329777,23
2116435,23
248203,23
1738039,23
2149496,23
2407188,23
1958511,23
2455660,23
2413155,23
1933260,23
2366362,23
2378991,23
1792893,23
2316282,23
2308222,23
2327855,23
2408365,23
2152078,23
666100,23
2327156,23
1444457,23
2413244,23
348561,23
2394173,23
1401640,23
878637,23
1108146,23
88853,23
1703253,23
2445576,23
2459579,23
2383594,23
1010221,23
748682,23
1456553,23
2250575,23
2444948,23
2124804,23
1248817,23
1211593,23
2405353,23
1079944,23
2456887,23
618997,23
2393177,23
1916505,23
2449186,23
544876,23
2223036,23
2299195,23
2118266,23
556011,23
302838,23
1792676,23
2408248,23
2443543,23
2444547,23
2384181,23
139029,23
709218,23
1638769,23
2397731,23
2041215,23
693181,23
934925,23
1440893,23
342922,23
2200950,23
1890616,23
2414968,23
1770073,23
2383428,23
2217475,23
2453703,23
2287405,23
1698865,23
1384584,23
115347,23
352841,23
2415336,23
996512,23
2449605,23
1792681,23
2446678,23
1051952,23
1264848,23
870635,23
663151,23
1163282,23
2444472,23
2451461,23
1275269,23
2444092,23
1400742,23
2453816,23
2024989,23
1972636,23
364054,23
542053,23
610948,23
89941,23
15509,23
2069024,23
2327245,23
668799,23
1174950,23
2438863,23
551407,23
2203757,23
2456292,23
92834,23
1179892,23
2282526,23
122793,23
140982,23
2054698,23
818408,23
2431735,23
2332538,23
1452165,23
2458541,23
134442,23
1833171,23
2444827,23
1510555,23
1317913,23
333041,23
1862931,23
62202,23
1817382,23
2415014,23
687295,23
2355779,23
1467534,23
2233173,23
1850818,23
1135251,23
1941141,23
276493,23
1973974,23
2383305,23
1825856,23
531949,23
2452708,23
1253210,23
1019890,23
2446836,23
1177728,23
909261,23
2449518,23
2381400,23
2450195,23
1798937,23
1351666,23
2172270,23
2446870,23
35966,23
2369051,23
1468629,23
1591448,23
129957,23
215478,23
2206012,23
2327850,23
1337078,23
2344181,23
2446122,23
2290795,23
2453194,23
943548,23
2435503,23
211457,23
1927612,23
1959853,23
2304334,23
1660856,23
511028,23
643366,23
2367207,23
107576,23
1751255,23
1346879,23
1850568,23
1962012,23
2199574,23
2421340,23
481221,23
182276,23
2444126,23
1327644,23
2187487,23
2091015,23
1905553,23
2208962,23
2328082,23
2434858,23
346523,23
2281424,23
2351984,23
1623142,23
1801900,23
8888,23
950626,23
1531977,23
1134248,23
2383814,23
1093680,23
95124,23
361921,23
1084875,23
558394,23
403131,23
2409407,23
1127863,23
558208,23
727799,23
1835837,23
2133512,23
1628929,23
18323,23
2439156,23
1881720,23
142467,23
2357079,23
647171,23
2404596,23
1784900,23
1760435,23
2455152,23
1557570,23
1396695,23
1506888,23
2451524,23
2436961,23
2211903,23
1763826,23
1459449,23
1864259,23
1575787,23
364333,23
960577,23
2454075,23
2111558,23
1373491,23
1142502,23
810089,23
987904,23
216190,23
1660741,23
2037823,23
643144,23
1025064,23
2179031,23
1074566,23
1732431,23
1291189,23
1714513,23
1979871,23
2450356,23
2406995,23
2341037,23
1580429,23
438680,23
2439949,23
1065798,23
1714743,23
879144,23
1889247,23
80460,23
1276039,23
2444149,23
2319175,23
1887903,23
2243249,23
1635490,23
2438309,23
1801630,23
1912095,23
698637,23
2185112,23
2415727,23
2100659,23
1743952,23
2392337,23
154617,23
1953067,23
1754872,23
2210291,23
418712,23
1901787,23
462903,23
122208,23
422001,23
1178940,23
2185685,23
1683762,23
1887699,23
2072114,23
2221279,23
2391296,23
189109,23
2081544,23
1992262,23
321320,23
1354309,23
1979631,23
2030519,23
554142,23
1764077,23
119899,23
1387616,23
1090064,23
850420,23
2354962,23
1889070,23
1478290,23
1323079,23
1715234,23
307581,23
846809,23
2241441,23
3666,23
1439850,23
2179842,23
1706955,23
613140,23
1056935,23
2457388,23
393101,23
713333,23
2351108,23
976656,23
99930,23
2456189,23
2113434,23
348801,23
2450468,23
2403809,23
1618995,23
2433387,23
2395149,23
1717079,23
2031217,23
402800,23
577465,23
1734042,23
831426,23
2240240,23
2426999,23
290114,23
894096,23
2143777,23
589918,23
628067,23
733407,23
517182,23
352490,23
2455631,23
1238747,23
2448691,23
25306,23
2348851,23
1981990,23
2398300,23
1431684,23
2432720,23
89484,23
778830,23
170768,23
498157,23
1749123,23
14323,23
2045091,23
2444647,23
296650,23
2276173,23
1321219,23
2352374,23
2264216,23
1813307,23
1998102,23
870183,23
968741,23
2218392,23
2075953,23
888213,23
839363,23
1952142,23
1439944,23
803997,23
2441605,23
1686784,23
2440315,23
981282,23
1220026,23
68199,23
1232340,23
1969961,23
2349859,23
6610,23
1014027,23
2030566,23
1443069,23
1768987,22
641384,22
391760,22
2046187,22
1609853,22
1632545,22
1078925,22
2385438,22
2267690,22
1202414,22
1731568,22
999244,22
2130809,22
2418084,22
41340,22
2379088,22
2352213,22
2214853,22
2254072,22
2447071,22
779099,22
1157433,22
1772575,22
2434198,22
1333656,22
2180291,22
1377342,22
430316,22
1667481,22
77710,22
7328,22
633646,22
1780653,22
1389749,22
1683583,22
1677645,22
1978701,22
976218,22
137086,22
347905,22
1199056,22
2401862,22
901790,22
1973628,22
376819,22
1039570,22
16768,22
1105946,22
545668,22
1467265,22
2393292,22
231966,22
2121285,22
1455005,22
2407403,22
541698,22
2147891,22
1309324,22
2348962,22
706604,22
2430406,22
1415036,22
1192248,22
515034,22
1753109,22
439312,22
2424584,22
1752681,22
2406860,22
1156055,22
465620,22
1685979,22
618329,22
1987086,22
7706,22
83930,22
163030,22
969125,22
213283,22
1002630,22
1348691,22
244162,22
1736424,22
2455645,22
2214716,22
2422813,22
1794928,22
1015498,22
1028136,22
1096277,22
2228303,22
1718111,22
1637653,22
1131852,22
1100098,22
1065247,22
1779980,22
1909547,22
2082114,22
1185672,22
2370592,22
2296738,22
2345778,22
1456673,22
1560710,22
1621790,22
687925,22
1478442,22
2280277,22
2290596,22
1342727,22
190310,22
1402430,22
2405202,22
2359600,22
1539685,22
135077,22
490843,22
2443985,22
405136,22
2439599,22
2456447,22
1828605,22
292133,22
438226,22
597667,22
1204336,22
1971596,22
2380404,22
2360095,22
1021418,22
1146136,22
2270073,22
1808575,22
2455089,22
1172587,22
1777250,22
336872,22
2200289,22
661070,22
2455729,22
2018024,22
2409533,22
876388,22
1928813,22
639688,22
1949135,22
2375500,22
71523,22
787888,22
1418973,22
2451926,22
2267618,22
2056259,22
2385625,22
2456339,22
362234,22
2430703,22
2435031,22
1416897,22
2436487,22
554100,22
2055820,22
2434591,22
128607,22
2353358,22
186904,22
2434498,22
1981298,22
2392829,22
995441,22
2269699,22
2452770,22
2453976,22
364803,22
1121739,22
135476,22
1099910,22
654318,22
19176,22
1179682,22
1751100,22
1065037,22
1552232,22
1641599,22
101246,22
2366105,22
2410367,22
478196,22
1785142,22
1761227,22
13203,22
646837,22
1760523,22
1553194,22
1410542,22
1984724,22
379699,22
2449202,22
1229375,22
519037,22
1890241,22
856844,22
574942,22
144514,22
1007112,22
2406035,22
1860323,22
2436687,22
2229900,22
1370133,22
2169779,22
132513,22
2404794,22
2450121,22
2451868,22
730242,22
1774959,22
2019927,22
607483,22
2451221,22
1808412,22
1540,22
2137153,22
1650128,22
2206893,22
1685120,22
2349282,22
2262603,22
871151,22
2386422,22
2440601,22
1507106,22
1989916,22
2133504,22
2357212,22
1691927,22
733521,22
653141,22
1276137,22
1642904,22
2055796,22
1976532,22
321316,22
428241,22
2163072,22
2105710,22
387512,22
1013016,22
2201210,22
1331038,22
133337,22
2404745,22
1266763,22
2093840,22
1461133,22
1343046,22
738970,22
1628895,22
1891663,22
2298671,22
1705664,22
656062,22
2337329,22
1167928,22
2130566,22
201741,22
2175739,22
752256,22
869952,22
913998,22
5477,22
2447716,22
2174953,22
2418092,22
1758916,22
2222214,22
2457960,22
1230603,22
2436664,22
1812773,22
461662,22
2449207,22
1052680,22
1745682,22
1591153,22
2320878,22
2055323,22
1835938,22
2396179,22
2444136,22
618218,22
2399115,22
363703,22
2192443,22
1253652,22
1121114,22
1565117,22
1319109,22
1438784,22
2451307,22
248965,22
1405848,22
987530,22
2445988,22
2351930,22
2404450,22
1546374,22
1373156,22
155977,22
2186574,22
1955178,22
1056982,22
1518009,22
1200407,22
1148758,22
2061456,22
2399730,22
1661037,22
1371905,22
143490,22
493198,22
823860,22
2247712,22
1874072,22
423990,22
1404985,22
988728,22
2437557,22
1659327,22
23234,22
1127846,22
67589,22
158021,22
106886,22
1752925,22
352654,22
724742,22
1719161,22
786115,22
105653,22
50696,22
15773,22
47605,22
2446028,22
1171738,22
2450630,22
234820,22
1143800,22
2416676,22
1175277,22
2447801,22
647995,22
1155914,22
2418917,22
791699,22
1575992,22
1888431,22
2114378,22
1972110,22
922664,22
389463,22
7327,22
471595,22
130049,22
1376719,22
2400290,22
2340476,22
2442433,22
469255,22
2454946,22
2136672,22
1739776,22
1447870,22
1803124,22
76489,22
441428,22
2403830,22
528686,22
1712581,22
14470,22
2360918,22
115406,22
914282,22
662958,22
2456309,22
2449947,22
2454567,22
2011753,22
2390511,22
2230430,22
1021948,22
1974231,22
1037353,22
73981,22
2446841,22
185015,22
1890865,22
1400930,22
1461427,22
1386640,22
1739454,22
2449639,22
79748,22
1348082,22
2119634,22
1132868,22
1531905,22
2457006,22
2390582,22
1874640,22
1954268,22
1574510,22
1937975,22
1834422,22
1882249,22
2376432,22
2242392,22
1150631,22
2324780,22
1130424,22
2422814,22
1257833,22
2089104,22
455206,22
2425348,22
2434936,22
2104829,22
2454521,22
2446051,22
2389011,22
1904858,22
2451791,22
1434772,22
1180280,22
2422151,22
2174811,22
1253079,22
2454958,22
1616243,22
1822303,22
2241438,22
1545158,22
1716234,22
2433501,22
2143909,22
944002,22
2162777,22
1397352,22
1428694,22
1421109,22
2453903,22
2169770,22
1921943,22
2166287,22
2407617,22
745518,22
972925,22
481648,22
1149339,22
1951345,22
2452317,22
1788319,22
2455796,22
2382862,22
1325380,22
2426115,22
1030120,22
424364,22
2195392,22
2127388,22
2424820,22
1363074,22
2179502,22
1837989,22
978739,22
2102066,22
1384295,22
2381362,22
2393488,22
2405452,22
1525379,22
1204238,22
5067,22
2391844,22
52028,22
1364381,22
92671,22
958026,22
2453767,22
2449567,22
2375475,22
2405541,22
804754,22
2043836,22
988420,22
181700,22
2420911,22
2097002,22
2072776,22
2280965,22
1649449,22
2207938,22
2269541,22
1088575,21
15038,21
274586,21
706111,21
160358,21
1078058,21
1918336,21
1526969,21
1371020,21
1946276,21
2119679,21
1576282,21
2444475,21
2293053,21
2412652,21
1858600,21
1543044,21
2440298,21
1657990,21
2005956,21
1857255,21
1292929,21
1665215,21
2359657,21
922785,21
1522917,21
1266535,21
2449808,21
123612,21
2432078,21
2200262,21
2184797,21
2004083,21
799901,21
560297,21
1273078,21
2308570,21
1726932,21
2229810,21
2448738,21
2381243,21
1331788,21
2429004,21
1180988,21
977875,21
2455596,21
309713,21
2102073,21
1787136,21
2368299,21
441721,21
2300505,21
451949,21
1304531,21
2282032,21
2364251,21
1018379,21
2375706,21
547087,21
243812,21
2455968,21
2398808,21
2446988,21
2231619,21
1929013,21
2450409,21
2313129,21
1370094,21
2443473,21
2199584,21
113725,21
60624,21
638637,21
2225831,21
1773554,21
1427485,21
13021,21
1673927,21
2162591,21
735140,21
158621,21
70913,21
974015,21
908256,21
2216513,21
2434542,21
1075765,21
2012731,21
650618,21
2343597,21
2431312,21
2062882,21
655286,21
112658,21
1905928,21
2454643,21
1494501,21
2374021,21
541008,21
896658,21
2197413,21
2400206,21
634648,21
1936812,21
1036475,21
2450763,21
2213612,21
905679,21
596221,21
366990,21
1583815,21
2174436,21
150961,21
915381,21
2140309,21
2116590,21
1280960,21
156743,21
2417809,21
1943654,21
1103436,21
2424147,21
2453160,21
2317577,21
2215685,21
2416569,21
1210660,21
1866968,21
2237677,21
2437305,21
1793780,21
1811304,21
1009189,21
1976329,21
1287607,21
1962794,21
1687498,21
1505381,21
1925202,21
2449351,21
1108066,21
745680,21
301092,21
504775,21
2306328,21
2415404,21
1964558,21
1762957,21
2450812,21
652157,21
879396,21
1231009,21
2330693,21
386411,21
935204,21
1550387,21
1575932,21
2176548,21
1249266,21
19831,21
2339348,21
962780,21
638572,21
2240167,21
375378,21
2364505,21
2328533,21
2432389,21
19465,21
1328403,21
501917,21
1919483,21
533697,21
1641150,21
2432934,21
2049880,21
1892576,21
1286297,21
888681,21
655893,21
1342716,21
2298797,21
2443634,21
388020,21
2112137,21
2346199,21
67785,21
2454935,21
1707507,21
1831495,21
2445774,21
61303,21
34192,21
1417519,21
2012363,21
971347,21
124656,21
2122691,21
2192262,21
2205137,21
85650,21
2353548,21
1711378,21
2149332,21
1578484,21
2128431,21
2186463,21
476041,21
2440864,21
1958799,21
2285757,21
1964566,21
2217351,21
938579,21
1492894,21
488546,21
2120664,21
1483363,21
176541,21
2196928,21
1944906,21
1314682,21
430961,21
21458,21
2458351,21
1208183,21
233140,21
13157,21
1296921,21
1633190,21
758869,21
1226266,21
764520,21
2384168,21
189169,21
218483,21
2432890,21
572367,21
1466666,21
934886,21
2203515,21
1857286,21
799377,21
2454123,21
2451599,21
154165,21
2419519,21
2450902,21
1760982,21
1729154,21
377718,21
157935,21
2033921,21
2400441,21
2177548,21
1797555,21
2316577,21
2383819,21
1175794,21
347128,21
2460041,21
1036355,21
2453475,21
96018,21
2188340,21
2432531,21
1361248,21
1104923,21
2391447,21
32810,21
2120624,21
55828,21
1327450,21
1929375,21
121534,21
112199,21
917299,21
2451874,21
2373852,21
2449827,21
1789489,21
1257708,21
2391726,21
1858821,21
351583,21
1307635,21
110630,21
71065,21
1942571,21
196463,21
1055288,21
970066,21
2346466,21
469659,21
2407701,21
2299421,21
922648,21
1633065,21
1777893,21
913603,21
992244,21
856097,21
1812625,21
1332074,21
2297962,21
2459003,21
562209,21
2309544,21
2078339,21
2439056,21
2036878,21
1137656,21
633241,21
1152160,21
159584,21
963176,21
645745,21
1640992,21
2426838,21
2455953,21
1490496,21
1280373,21
1992402,21
3811,21
1767380,21
2176841,21
599927,21
2392026,21
1569668,21
1030872,21
1280465,21
1398639,21
2312649,21
2349313,21
2251665,21
1437901,21
2459604,21
2456159,21
2215461,21
890007,21
2453916,21
2251344,21
1977172,21
1205803,21
1703452,21
915086,21
1405943,21
85953,21
1521823,21
1041874,21
162967,21
553324,21
2453395,21
16928,21
2100786,21
2065026,21
1947647,21
290592,21
721847,21
329642,21
2313786,21
1086525,21
2234592,21
432968,21
394868,21
2085537,21
2446253,21
254376,21
2140124,21
2238410,21
1385570,21
17427,21
2444002,21
2405649,21
479754,21
2422354,21
2094656,21
117259,21
80324,21
1292336,21
1911617,21
2432335,21
258840,21
754308,21
1434351,21
2425544,21
1021520,21
2321484,21
478781,21
2419000,21
600868,21
2457608,21
2280813,21
1200119,21
1642401,21
1942325,21
2008103,21
2361164,21
1306290,21
1284773,21
1588741,21
1948339,21
553779,21
1576522,21
1812365,21
656000,21
1580359,21
1390359,21
1927742,21
884779,21
1052997,21
1881883,21
2426446,21
1023383,21
808135,21
2268932,21
2450011,21
2174949,21
1544607,21
552772,21
2122738,21
1295981,21
2452663,21
2329191,21
2248393,21
490129,21
1028490,21
2375541,21
2129971,21
1227759,21
125995,21
1510543,21
2446069,21
627905,21
2328449,21
1750802,21
1476357,21
1196674,21
2274068,21
1897497,21
306563,21
2314430,21
605625,21
356968,21
36958,21
2387395,21
1309535,21
484151,21
13747,21
269988,21
567975,21
1114885,21
1421665,21
391632,21
2317826,21
1890917,21
1967498,21
2342463,21
2133353,21
2437422,21
1019265,21
2059542,21
2358489,21
2201980,21
128226,21
1593583,21
1082590,21
1786057,21
2008913,21
2433653,21
1486888,21
2449358,21
1917949,21
351303,21
2326705,21
1559815,21
2442416,21
1318225,21
2409198,21
2446111,21
19166,21
2358510,21
1049532,21
1578112,21
1736052,21
2460306,21
303937,21
2034615,21
237793,21
2413182,21
1234510,21
1330206,21
1798525,21
13034,21
253018,21
356152,21
2424381,21
1225090,21
1413099,21
1655634,21
2450955,20
1209676,20
141661,20
1255086,20
1780085,20
2067422,20
1439733,20
466150,20
1614517,20
1230562,20
1105343,20
1192404,20
2016993,20
2283423,20
2359065,20
2430031,20
1719240,20
1710752,20
2405802,20
454806,20
544544,20
1447606,20
1665434,20
2359215,20
1245815,20
554308,20
1710218,20
1129705,20
1395328,20
1838378,20
20261,20
1149599,20
2340260,20
1656481,20
928899,20
1170183,20
1710852,20
2228939,20
388456,20
1449747,20
631811,20
2425658,20
580779,20
403158,20
308147,20
1858967,20
2443599,20
2383166,20
2447379,20
1388376,20
1459141,20
1257883,20
2403850,20
47286,20
2428168,20
684094,20
1806093,20
1031326,20
2456239,20
1863488,20
1673992,20
1253743,20
1310339,20
122588,20
1041315,20
1066256,20
1307038,20
1874205,20
18962,20
1359244,20
2445929,20
1507772,20
2457333,20
1704581,20
1949221,20
723248,20
1429263,20
2337264,20
1176478,20
887213,20
2410061,20
1764540,20
1339293,20
2278310,20
2454870,20
2448283,20
1799177,20
2091076,20
2244297,20
1278792,20
712580,20
2386432,20
1476907,20
2449981,20
85773,20
2415611,20
1305356,20
1717646,20
1328751,20
374552,20
112492,20
1516361,20
1497434,20
1362413,20
1343995,20
2294677,20
1222655,20
2455039,20
2359830,20
2389,20
2456466,20
2094800,20
2365338,20
1891642,20
2266372,20
2401857,20
24269,20
2413901,20
1407357,20
1902817,20
2448224,20
2427662,20
1354777,20
2455664,20
544951,20
2441228,20
1420902,20
1051701,20
1799021,20
918034,20
1205870,20
1839213,20
1063092,20
377097,20
551583,20
2379370,20
2212878,20
174411,20
15659,20
812529,20
2033661,20
801233,20
2361200,20
2417424,20
1901678,20
84527,20
1851269,20
4985,20
559686,20
984890,20
1313370,20
1145157,20
308170,20
2139769,20
1571638,20
1283774,20
2144324,20
1246353,20
1062142,20
2388760,20
329710,20
1660606,20
1754179,20
2181071,20
2236283,20
30711,20
2189798,20
361930,20
733734,20
2299354,20
513493,20
393044,20
2409414,20
1266701,20
2289898,20
2266950,20
1662537,20
182723,20
1106892,20
2400585,20
158734,20
1425257,20
954478,20
118860,20
1308538,20
1419298,20
2453110,20
1470117,20
24383,20
1812993,20
2190540,20
2284365,20
1191864,20
2078712,20
138441,20
2432346,20
2236982,20
836301,20
330218,20
1905854,20
2020476,20
1894110,20
2411313,20
2381325,20
2381286,20
2447215,20
2378518,20
1700712,20
2349397,20
642059,20
2449762,20
2087400,20
330727,20
2440028,20
1186957,20
365849,20
2389388,20
1063231,20
2126822,20
373991,20
1328163,20
47067,20
1261049,20
2001411,20
1400480,20
2127411,20
385970,20
1096261,20
2450946,20
2210453,20
972762,20
604771,20
195429,20
2431503,20
2414036,20
2070980,20
884686,20
797234,20
2408686,20
137409,20
156061,20
385039,20
2379165,20
2458352,20
2453860,20
1121973,20
2401630,20
975515,20
2256131,20
688577,20
2460055,20
1928517,20
2449339,20
1324428,20
333139,20
20378,20
883743,20
652791,20
2441065,20
2442020,20
2451403,20
2039594,20
2449210,20
246232,20
454718,20
1514678,20
45462,20
2420896,20
759050,20
1838562,20
2077282,20
352393,20
2407563,20
567981,20
1220296,20
2024270,20
1912501,20
217051,20
2308516,20
71432,20
234556,20
1594635,20
2405194,20
2400387,20
