modelVersionId,viewCount
2514310,8419
2747549,7730
2727742,7317
2745638,5136
1759168,5037
290640,4360
2741698,3862
2442439,3729
2073605,3662
2553271,3662
501240,3436
2764263,3370
2740209,3261
2668710,3174
2725374,3057
2657925,2863
2754977,2838
2684252,2716
2681234,2575
2581228,2430
2715837,2429
2695876,2365
2607212,2306
2739037,2134
2738156,2079
2553151,2015
2700412,1938
2763416,1932
2699886,1884
2513182,1853
128713,1819
2690353,1797
2750059,1756
2555640,1739
2702856,1735
914390,1687
2757751,1672
2674760,1642
2567309,1621
798204,1554
2759181,1551
2673989,1535
889818,1529
2578565,1518
2615702,1510
2695250,1501
176425,1487
691639,1479
2754108,1464
2739911,1463
2709983,1453
2752410,1450
2551619,1450
2155386,1445
2741840,1434
2706040,1421
2763575,1365
2668773,1361
2709841,1343
1190596,1300
2765287,1276
2730987,1248
11745,1238
2744564,1222
2728617,1219
2739888,1218
2675194,1211
2581135,1181
2731730,1159
2765021,1155
2764230,1143
2653283,1126
382152,1114
2091367,1109
1804885,1092
2587092,1085
2167369,1074
1761560,1070
2739420,1062
2756641,1059
992946,1056
2739427,1051
2759469,1047
2765304,1025
2746768,1012
2764205,1012
2514955,1011
2577735,1006
2765050,993
2740834,969
2719377,963
2752717,952
2098405,950
2753545,949
2745677,946
2753918,920
2712329,917
2714022,916
915814,915
2740476,906
2668801,902
2765045,901
2753532,892
2746781,877
135867,865
2663313,863
2722478,858
2763403,848
2677698,844
2531839,843
2745000,843
2325788,843
354657,837
782002,836
2657063,836
1833157,818
2611939,812
2761282,812
160240,811
2121297,811
2763189,800
2709612,797
2579572,793
717403,780
2460386,777
2705917,770
2747788,769
2723767,767
2719621,766
2755468,766
2682864,760
2705867,759
2682771,755
164821,752
1714002,751
2679329,751
2733658,745
2599977,744
2763828,742
2706104,728
324619,726
2635223,723
2762517,722
2750321,722
2705832,721
403131,704
2750450,701
1166878,700
2758800,700
2690980,697
2725772,695
2764175,694
2303113,691
384264,687
2761178,685
2611295,681
2762413,681
2753273,678
2755189,673
2699891,673
2765641,672
2725610,670
2609141,669
2763783,668
2156392,665
2714069,661
2706065,659
2058285,658
2732845,658
2074888,658
2765026,658
2764329,656
2462789,655
2736275,649
128078,646
2617751,638
2710976,635
2753478,633
2705819,629
2704736,626
2726064,625
2723187,620
2698981,619
2764958,618
2742432,616
2764340,616
2759597,615
2594914,614
2474488,613
2705783,612
143906,610
2762818,608
2748483,606
2490435,605
2739926,604
2440501,604
2699887,603
2760019,602
2708928,602
2403075,601
2705805,600
2178869,593
948574,592
2750306,592
2083303,591
2706085,591
2763677,589
2610078,589
2759326,588
2764140,585
2705842,582
2637792,581
2749060,580
2396530,578
2753822,577
2763876,575
2760003,571
2763797,571
2763905,570
920957,569
2754942,564
2765277,561
2764189,561
2376136,560
2729047,553
2612858,553
2674954,553
2754228,552
2668712,551
2750197,550
2466604,547
2517513,546
2762237,544
2705892,540
57618,539
2641093,537
2466638,535
2721091,535
1408658,530
2584698,529
2764314,525
2755062,525
2012120,525
2602579,525
2114187,524
1621447,524
2705882,522
2469412,521
2694093,518
2760510,518
2699897,518
2699894,517
2763719,516
2683764,516
2610018,514
2672638,513
2763505,510
9208,507
2755298,507
2724956,505
2705929,501
2722825,500
2764013,500
2642671,500
2763584,499
1920896,498
2739983,498
2235288,494
2300332,493
2689224,493
2750313,492
2761208,488
2526600,486
2761224,485
2759565,483
2762296,479
2532077,479
2762291,477
1643845,476
2632394,475
1767402,474
2739899,474
2739823,474
393833,473
2200389,472
1540184,472
2761844,472
2747496,472
2653358,471
2474435,471
2715962,470
2764570,470
2764459,468
2500612,468
2762997,466
2538295,465
2211883,465
2648201,465
2764631,464
789646,463
2764027,461
2765014,460
2298673,458
2195559,457
2533607,456
2260110,456
2764591,454
1111838,453
1240288,453
2688089,453
2308339,453
2741096,453
2762116,452
2765472,450
2760745,449
2763849,449
2178201,446
2443982,446
1056404,444
2745344,443
2765141,441
2714097,441
2765048,440
2149593,440
2692143,440
2648189,440
2749020,437
2498503,437
2621203,436
2765147,436
2554882,435
1915059,432
125843,432
2739811,432
2105899,431
2740453,431
2718597,430
2763494,430
2555652,428
2716480,425
2701393,425
1805971,424
2764406,422
2764426,422
2361379,421
2602600,420
2712294,420
2602894,420
2761745,420
2612548,420
2390959,417
2765435,413
2765579,413
2764134,411
2439067,410
177674,410
2765708,409
2739871,409
2756123,409
2719707,407
456194,407
2765831,406
2680424,405
2650565,405
2717639,405
2764530,404
2099686,401
2752759,401
2692196,400
2711417,399
2545249,397
2747059,395
2690834,395
1690589,393
1918677,392
2765245,392
1081768,392
2700844,391
2734657,389
2752989,388
2647324,388
62833,387
2679241,387
2669986,387
2700589,386
471120,386
2762377,385
425083,383
2738584,383
2706112,382
2496344,382
2742099,380
2180477,378
2747032,378
2765836,377
2758784,377
2465980,377
2764887,376
2765610,376
2763560,375
1833429,374
2391828,373
2620790,373
2720205,373
2764075,372
1602715,371
1845953,371
2732890,371
2761799,370
2116027,370
2764754,368
2739942,368
2164239,367
2110043,367
2764287,367
2750538,366
2706097,365
2764823,364
2741807,364
2763355,364
1136800,364
2449414,363
2550245,359
2764090,359
2564070,358
2765455,357
2763484,356
2733886,356
1916444,355
2759810,355
2765835,355
2631758,354
2736376,354
2695900,354
2762084,354
2763958,354
2487967,353
2196453,351
2303105,351
2762605,351
2763206,350
2328988,349
130072,349
2739850,349
2764721,349
2752542,348
2764239,348
2640105,348
2599648,345
2764563,345
1175348,345
2712603,344
2309690,344
28907,344
2703578,344
2763266,344
2705307,344
1050165,343
2699908,343
2763978,343
2604982,343
2161023,343
2513186,342
2540892,341
2746337,340
2114157,339
1953267,338
2661972,337
2656327,337
177164,336
2764615,336
2110984,336
2303894,336
2765120,335
2764323,334
2764736,333
1966530,332
2761540,332
2764719,332
2763638,332
2739935,331
2752601,331
2759300,330
2764678,330
2756455,330
2731744,329
2764759,329
2765486,327
1490781,327
871108,327
2763694,326
2761369,326
2625965,326
2737038,326
18060,325
2587351,325
2764383,325
2761595,324
2752896,324
2060393,323
2567410,323
2518034,323
2752984,321
1911770,320
2491739,320
357609,320
2714102,319
1410435,319
923681,319
1627770,318
2477539,318
2747894,317
2442540,317
333245,317
2524593,316
2757846,316
2764195,316
2606755,316
2650268,315
2759025,315
2739803,315
2176505,314
245598,313
2764313,312
2747469,312
2751972,312
2764251,311
2245426,311
2766166,310
2761513,310
1320383,310
2605292,310
1613410,309
2763499,309
2637462,309
2672639,309
2763336,308
2227416,308
2746354,308
2683561,307
2663613,307
2636109,307
2452071,307
2765793,306
2765667,306
2764358,306
1475095,306
2762512,306
2739994,306
2169164,305
2685326,305
2760704,305
2763348,305
244808,305
2763665,304
2755254,303
2762192,302
2758908,302
2764739,302
2114110,301
2368123,301
2739843,301
1963644,301
2670417,300
2696550,300
1681903,300
2733356,300
2765692,299
2195963,299
2562360,299
2617121,299
2742074,299
2738940,299
2764650,298
12873,298
2730607,298
2764627,297
2739951,297
2700939,296
2738377,296
2612554,296
2763755,295
2758485,295
2517681,293
501286,292
2761774,292
2729619,292
2760963,291
693048,291
2763663,290
2502526,290
1071060,290
2152373,290
2718980,289
2267675,289
1936987,289
1820705,289
2549032,289
1785482,288
1807318,288
2765946,286
2752320,286
746602,285
2152516,285
2625367,285
2764847,284
2191217,284
2764442,283
1063412,282
2753815,282
436219,282
2763362,281
2701283,281
2763270,281
2761549,281
2339212,280
2746860,280
2757323,279
2756588,279
2755464,279
2764179,278
2750287,278
2323420,278
2536215,277
2209481,277
2273895,277
2762909,276
1974042,276
2692079,276
2763923,276
2682031,275
2763629,275
2577477,274
2319122,273
2765530,273
2762401,273
1763661,273
2534692,273
2230125,272
2750746,272
1486082,271
1882710,271
2764956,271
2750068,271
2486059,271
2732395,270
2764845,270
2763811,270
2762647,269
2315380,269
2749232,269
2763477,269
2765252,269
2763422,269
1828803,269
2764193,268
2557969,267
2444683,267
2758427,267
228559,267
2699954,266
179446,265
55319,265
2433294,265
2165461,265
2763715,265
1694292,264
2743366,264
2615554,264
2699843,264
1845905,264
2762619,264
2764837,264
2763125,264
2133258,263
2739831,263
2599964,262
1209350,262
2712903,262
2759715,262
2409293,261
2761034,261
2511581,261
274039,261
2739964,260
2765130,260
2659405,260
2750196,260
2583455,260
253055,260
2597222,259
2763636,259
2358314,258
2265575,258
2746772,258
2553610,258
2745870,258
2763412,257
2757808,257
300972,257
2764625,257
2764892,257
2763874,257
2761141,257
1835318,256
2762037,256
2741170,256
2264611,256
2739856,256
2765733,255
2764198,255
2352366,254
2761286,254
2764885,254
2601141,254
2765314,254
2696859,253
2762450,253
1791128,253
2760799,253
2702716,253
2765211,253
2741519,252
2763840,252
2650893,252
2764922,252
2765034,251
298112,251
2700952,251
2609148,251
2763615,251
2649024,250
2762423,250
2765341,250
2737129,249
2743196,249
2759873,249
2494747,248
2342652,248
2764726,248
2129122,248
2765222,247
2166652,247
2559451,247
2647328,247
2765754,247
2709343,246
2604400,246
2715206,246
775151,245
2764705,245
2442479,245
2702508,245
2212384,244
2716483,244
2705007,244
2741547,243
2387016,243
2234052,243
1943855,243
2578958,243
2593828,243
2765676,242
30163,241
2470317,241
2675808,241
2708523,241
2703596,240
2763703,240
2579567,240
2755630,239
733658,239
2616688,239
1896532,239
2764209,238
2762241,238
2765695,238
2763702,238
2764316,238
1413133,238
2727213,237
2752346,237
2553688,237
2460428,237
2763630,237
2631919,236
1860691,236
2728158,236
2765316,235
2758386,235
2581655,235
341068,234
2760658,234
2334591,234
348913,234
2099309,234
2713327,234
2762776,234
1277211,233
2430424,233
2164213,233
2763099,233
2057106,232
2661770,232
2743280,232
1244133,232
1444678,232
1668031,231
2320801,231
2182724,231
2760918,231
2764363,231
2763371,231
1994060,230
2644009,230
2763464,230
2765583,230
2765461,229
1914557,229
1576605,228
2715569,228
2766087,228
2763105,227
2740543,227
1513684,227
2764765,227
2688064,227
2424167,226
2763732,226
2766314,226
2661885,226
2764280,226
2753307,225
2732095,225
2681946,225
106922,225
2753653,225
2764456,225
2765580,225
1546777,225
219642,225
2765190,224
2753539,224
2764379,224
2765273,224
2763375,224
2741871,223
2536829,223
2744812,223
2764378,222
2660405,222
2409636,222
2762956,222
2737444,221
1820701,221
1569593,221
2765796,221
2734018,221
1992217,220
2751743,220
2750438,220
2552908,220
2717376,220
2467862,219
2578325,219
1552087,219
2579099,219
2765718,219
132760,219
2029578,218
2341107,218
2766113,218
2765954,217
1439429,217
2691810,217
2370687,216
2510875,216
2762367,216
2634262,216
2711169,216
2436305,215
2663475,215
2762427,215
2629941,215
2764258,214
2650607,214
2021249,214
2638236,214
2512098,214
1444863,213
2625966,213
2447693,213
2683688,213
2735552,213
2763792,212
1558543,212
2763633,212
2718982,212
2764419,212
2191446,212
2709631,212
2761565,212
2749908,212
2540957,212
2584402,212
2742885,212
2569883,212
2765752,212
2376143,211
2701811,211
2756395,211
2121199,210
2764000,210
1082928,210
2743846,210
2584707,210
2515203,210
1612720,210
2445168,210
2756908,210
2696701,209
2486951,209
1367422,209
2322828,209
2689526,209
2210320,209
2761818,209
2756039,208
1782533,208
2741884,208
2762212,208
16677,207
1697082,207
2751979,207
2763239,207
2764337,207
2070122,207
2273468,207
2758870,206
2763933,206
2684220,206
1736373,206
2756911,205
2553573,205
2741069,205
1099179,205
2758720,205
2757510,205
2714628,204
2712921,204
2751605,204
2546233,204
2715727,203
2762025,203
2739649,203
2685674,203
2305397,203
2729936,202
2668170,202
2762937,202
458257,202
90072,202
1242203,202
1920523,202
2763011,202
2439763,202
2318876,201
2681752,201
2732893,201
2764634,201
2762449,201
2658639,201
2708941,201
311162,201
2753490,201
1338388,200
2687683,200
2753074,200
2751451,200
2760221,200
1108377,200
2763726,200
2765516,200
2763785,200
2763093,200
2689145,200
2763710,200
2640696,200
2195619,199
2761350,199
2182820,199
2763870,199
2689220,199
2252250,199
2764723,199
2436219,199
2599899,199
2763648,198
2639195,198
1416874,198
2514670,198
324524,197
2532694,197
2753939,197
2756883,197
2751202,197
2350456,197
2763301,197
1517097,196
17233,196
2700595,196
135931,195
2764464,195
2089908,195
2763070,195
2764311,195
2106807,195
10490,195
2714532,195
1366495,194
2638040,193
2672935,193
2197438,193
2765136,192
2579194,192
2764451,192
1714314,192
2735099,192
1681921,192
2723993,192
2763686,191
2595442,191
2247987,191
1150298,191
1596465,191
2763682,191
2764974,190
2625664,190
2649062,190
2762644,190
2642048,190
2575595,190
2419374,190
2697898,189
2470137,189
2361143,189
2460437,189
2422587,189
2708175,189
2162733,188
2639284,188
1971591,187
2638882,187
2762290,187
2765264,187
2066663,187
2749033,187
1570070,187
2762500,186
2764869,186
2766178,186
1536174,186
2629091,186
2688353,186
1226551,185
1122976,185
2687170,185
2764514,185
2765951,185
2098396,185
2743864,185
2055853,185
2763737,184
2719432,184
2665484,184
2753489,184
2766259,184
2763167,184
2618511,184
2759888,184
2765703,184
1327418,183
2650472,183
2232429,183
2553832,183
2557010,183
2757579,183
2556739,182
1236430,182
2759721,182
335071,182
2247497,182
2765806,181
2750294,181
2484657,181
87153,180
2649860,180
2764190,180
2649258,180
2761948,180
2763149,180
2763246,180
2709790,180
2749422,180
2576020,180
2683112,180
408720,180
2756542,179
2739792,179
819165,179
2764466,179
1247362,179
1153212,179
1278054,179
2624304,179
2722853,179
2763015,179
2569079,178
2765663,178
2183030,178
991916,178
2710001,178
2765384,178
456538,178
2765075,178
297064,178
2043971,178
2742860,178
2741047,178
707763,178
5637,178
2763856,177
2761370,177
2743670,177
2619644,177
2343145,177
2762264,177
2735613,177
1023901,177
2765503,177
2678174,177
2321871,177
2448070,176
2627100,176
2763111,176
2176450,176
1965505,176
1594293,176
2765963,176
2725152,176
2523487,175
1574231,175
2169837,175
1523892,175
2609001,175
2272024,175
2750247,175
2642038,174
2765686,174
2762908,174
2752762,174
2739091,174
2764508,174
95489,174
1774806,174
2766193,174
2574712,174
2721597,174
2765437,174
2738840,174
1192192,174
2642303,173
1296881,173
67325,173
2528630,173
2751084,173
1522905,173
2764015,172
2622009,172
2314674,172
2749601,172
2288934,172
2761285,172
2657812,172
2414241,171
2255476,171
11732,171
2633363,171
2580484,171
2159775,171
1973705,171
2020736,170
556208,170
1941849,170
2765422,170
2704887,169
2657142,169
1535536,169
2613591,169
2754632,169
2752958,169
2746610,169
2268235,169
2763789,169
2763608,168
2720141,168
2044887,168
2705224,168
2762724,168
2765238,168
2762772,168
2758690,167
2703100,167
2511593,167
2598924,167
183382,167
2763815,166
2613687,166
2249697,166
1116447,166
2187729,166
2762919,166
2642177,166
2653561,166
2718255,166
1731092,165
2086227,165
2200388,165
2764681,165
448977,165
2631222,165
2433303,165
2766158,165
2741733,165
2625016,165
2762944,164
2754309,164
2648813,164
1456463,164
2041009,164
639240,164
2765855,164
2311249,164
2115443,164
2765619,163
2246797,163
2511897,163
2441730,163
780667,163
2261902,163
2538464,163
2764026,163
2517548,162
2681602,162
2734783,162
2764522,162
2649272,162
2741859,162
2555278,162
2763649,162
2765840,162
2284083,162
2759849,161
2640231,161
67566,161
2522627,161
2466066,161
2765353,161
2761859,161
2710450,161
2739572,161
2682644,161
2176178,161
2485296,160
2751679,160
2488956,160
2764206,160
2430183,160
2594326,160
2743713,160
2057465,160
1604857,160
2381931,160
2751938,160
2760193,159
2763101,159
1550408,159
2762069,159
398847,159
2612407,159
2763735,159
2620740,159
2413913,159
2421779,159
2764550,159
2612852,159
52870,158
947620,158
1153237,158
2751396,158
2764686,158
1268294,158
2752735,158
2717604,158
2585269,158
2762402,158
2195978,158
2715800,157
2764851,157
2435942,157
2764105,157
2765055,157
2341721,157
2761150,157
2763734,157
2766053,157
1607510,157
2766276,157
2762618,157
2558804,157
2764641,157
2741892,156
2691652,156
2759272,156
1094291,156
1423982,156
1041855,156
2761795,156
5038,156
2679442,156
2743174,156
2765497,156
2145089,155
2633560,155
2067386,155
2510985,155
2377035,155
897489,155
2752552,155
2761863,155
2764108,155
2329740,155
2628256,155
2761646,154
2764749,154
2757034,154
31284,154
2763315,154
2065540,154
1026423,154
2665450,154
2637922,154
2765780,154
2764167,154
2751420,153
2673147,153
2764273,153
770375,153
2761272,153
2653114,153
2766162,153
2763823,153
1906483,153
2752690,153
2606924,153
2580650,153
2745759,152
2765101,152
2766201,152
1253021,152
76907,152
2765008,152
816540,152
2755488,152
1921825,152
2754436,152
2690610,152
2721188,152
2198172,152
1781040,152
575495,151
2512167,151
1937561,151
2681164,151
2123977,151
2511306,151
2743768,151
2319817,151
2761743,151
2340415,151
2766262,151
2618128,151
2627802,150
2764755,150
1601074,150
2763061,150
2765132,150
2764010,150
2750512,150
1477814,150
2759361,149
2394019,149
1567538,149
2254963,149
2763353,149
2764912,149
2642888,149
2764011,149
1192334,149
2451644,149
2390280,149
2745044,149
2764377,149
2718446,149
2268553,149
2760040,148
2765117,148
2764472,148
2765457,148
2744415,148
2745709,148
2762863,148
2764509,148
2511862,148
2683568,148
2748101,147
2725867,147
2764643,147
2376670,147
2580131,147
2244224,147
2317860,146
2759706,146
2762882,146
429454,146
2763069,146
2555444,146
1837143,146
2289469,146
2503034,146
2686713,146
2539936,146
2765480,146
2731938,146
2474558,146
2765043,146
537364,146
2766401,146
2116008,146
102222,146
2759879,146
2765975,145
2488629,145
2763030,145
26903,145
1545040,145
2762135,145
2701478,145
2762648,145
1124771,145
1611101,145
2496995,145
2268988,145
2761980,145
2764142,145
1765723,145
2678746,145
2470991,145
2622781,145
2747264,144
2674717,144
2744101,144
2755156,144
2732895,144
2741862,144
2763051,144
2764775,144
2758599,144
534756,144
2477394,144
2034861,144
1389133,144
2556635,143
2719165,143
1641174,143
2757225,143
1820946,143
2682208,143
2762755,143
2669234,143
2721586,143
916744,143
1858609,143
2766097,143
2316696,143
2763292,142
2749575,142
2758603,142
2547120,142
2466345,142
2476326,142
2762339,142
2764825,142
2756532,142
2708601,142
2649848,142
2107472,142
2620573,142
2765223,142
2728824,142
2429034,142
2764182,142
2762878,141
1061268,141
2746136,141
2755676,141
2266652,141
2476221,141
2762930,141
1189052,141
2725002,141
2765324,141
2632678,141
2765440,140
2746109,140
2762518,140
2509620,140
2358087,140
2228905,140
2483194,140
2688473,140
2294222,140
1256295,140
2744821,139
2646915,139
164904,139
2557593,139
2259006,139
2764008,139
2597527,139
2763116,139
2055564,139
2762830,139
2658598,139
2763587,139
2748594,139
2717818,139
2764295,139
2559921,139
2565763,139
2760190,138
2472280,138
2765227,138
2739229,138
2699087,138
2190476,138
2580133,138
1542133,138
2274687,138
2761658,138
2765757,138
2763973,138
2764506,138
2762827,138
2763656,138
2737875,138
2763369,138
2747625,137
1583612,137
2725598,137
2732444,137
1356617,137
2197790,137
2650004,137
2744527,137
2623821,137
2762737,137
2765724,137
6433,137
1942096,136
261539,136
2337903,136
2715658,136
2683352,136
2694012,136
2473592,136
2753250,136
2555568,136
2608316,136
699279,135
2762635,135
2765393,135
163192,135
2524277,135
2763299,135
2711189,135
2762969,135
2765858,135
448627,135
2399388,135
1067949,135
2760624,135
1061714,135
2571879,134
2616921,134
2753693,134
2615202,134
2762162,134
1447126,134
1183765,134
2701820,134
182404,134
1657892,134
11914,134
2762626,134
2454927,134
2176892,134
2481215,134
517898,134
2762845,134
2678961,134
2728732,134
2483605,133
2212079,133
2342083,133
2764054,133
2745832,133
2243201,133
2725259,133
2762411,133
2524532,133
2237756,133
2757420,132
1605427,132
2579173,132
2758067,132
2757538,132
2756295,132
2712446,132
2610015,132
2759647,132
2694075,132
486099,132
534952,132
2763853,132
1836971,132
2743315,132
2762852,131
1990969,131
2543418,131
1727552,131
2606405,131
1557805,131
2761925,131
2643568,131
2645685,131
2312428,131
2761847,131
2715939,131
2679331,131
2608072,131
2743537,131
2740547,131
2733941,131
2495596,131
2762848,131
2748691,131
156841,131
2763175,131
2009929,131
2038997,131
2753404,130
2764860,130
16576,130
2498199,130
2663677,130
128461,130
2765937,130
2762438,130
1876529,130
2595457,130
2558143,130
2762129,130
245627,130
2764727,130
2415248,130
2720368,130
2762961,130
2765313,130
2742627,130
2727567,130
2587089,129
2110029,129
1144036,129
2678726,129
2204414,129
2765159,129
2197409,129
2689211,129
2390771,129
431755,129
2641748,128
2748974,128
2756891,128
1068713,128
2765432,128
186677,128
2762131,128
1077649,128
2761849,128
2706278,128
2764315,128
2642834,128
772342,128
2764403,127
2751189,127
2763599,127
2763455,127
1992752,127
2718916,127
2627397,127
2594098,127
2744132,127
2415084,127
2748833,127
1712900,127
2533478,127
2763329,127
28569,127
1575331,126
2631742,126
2747325,126
2727687,126
2764060,126
2625846,126
2762655,126
2336581,126
2487375,126
2013343,126
2761310,126
2741469,126
664247,126
2596127,126
342463,126
2267798,126
2744839,126
2520278,126
2763173,125
2750527,125
2663471,125
2761860,125
2757395,125
1307519,125
2759196,125
2197687,125
326889,125
708275,124
2765863,124
2765672,124
2254989,124
2740888,124
2553903,124
1715751,124
2611733,124
2746581,124
2540896,124
1824672,124
34016,123
2672107,123
2529222,123
273478,123
2764163,123
2755918,123
2571063,123
125771,123
1866469,123
1240667,123
2454900,123
2759340,123
2754979,123
2246694,123
5021,123
2749586,123
2649166,123
2766258,122
2644573,122
2388548,122
2701722,122
2763028,122
2486420,122
2477137,122
2760914,122
2495179,122
2715754,122
1128067,122
2741210,122
2207703,122
2765278,122
1506035,122
2735253,122
2066914,122
2741850,122
2294407,122
2758926,121
1963726,121
2695921,121
2708710,121
2758940,121
2764174,121
2627643,121
2461583,121
2235299,121
2145434,121
2110275,121
2722592,121
2765723,121
2765648,121
2760460,121
2765347,121
2477552,120
2760330,120
2765536,120
2705399,120
2160163,120
2320393,120
2346335,120
2763537,120
2763250,120
2152583,120
2762245,120
2647351,120
2166991,120
2672155,120
1331188,120
2713874,119
2715365,119
2762151,119
2765581,119
2764483,119
2530097,119
2765675,119
2763564,119
2470291,119
1917436,119
2747621,119
1122647,119
2707717,119
2756381,119
1505512,119
2156435,119
2765282,119
2373593,119
686204,119
2183383,119
2765670,119
59409,118
2757577,118
145907,118
2764584,118
2765993,118
2368269,118
2750302,118
2762638,118
2741245,118
2580860,118
2270374,118
2506390,117
2124865,117
2763919,117
2763137,117
372261,117
2552350,117
2575945,117
2467972,117
2757600,117
2761583,117
2702357,117
2751567,117
2439072,117
2761100,117
2735413,117
2547883,117
688769,117
2764468,117
2177349,117
2665684,116
2764479,116
2760031,116
2747418,116
2765509,116
2765174,116
948699,116
2637850,116
2347127,116
2760456,116
2755749,116
1247042,116
2764566,116
2762943,116
2763442,116
2763350,116
2649233,116
8958,116
1169083,116
2231530,116
2750248,115
2766235,115
2518841,115
2350472,115
23250,115
2762340,115
2703335,115
1629360,115
2068000,115
2308249,115
2117962,115
2763812,115
2715085,115
2258310,115
1101748,115
2297958,115
2044007,115
2764339,115
2762487,115
2532925,115
1226876,115
1352325,115
2522678,115
1772645,115
2558476,115
2762854,115
2580215,115
2765864,114
2764699,114
2765033,114
1624818,114
748526,114
2766273,114
106289,114
105924,114
2762293,114
2763273,114
2765996,114
1291450,114
2543657,114
2757326,114
1344274,113
2155928,113
2763757,113
2044578,113
2088264,113
2435478,113
2536272,113
126688,113
2741947,113
2691968,113
582143,113
2754168,113
2757829,113
2749219,113
2765759,113
2736992,113
2757139,113
2764948,113
2486222,113
2757589,113
2730717,113
2756902,112
2107285,112
534642,112
2764545,112
2766375,112
2764365,112
2391829,112
2727497,112
2710817,112
2034730,112
567119,112
2556433,112
2739620,112
2293622,112
2422937,112
2336579,112
2762676,112
2763770,112
959419,112
2716042,112
2762764,112
2644486,112
2411126,112
2619891,111
2675022,111
2745217,111
2765512,111
2669941,111
2277630,111
2763801,111
1253047,111
2752577,111
2736987,111
1724867,111
2649040,111
2759494,111
2114154,111
2405291,110
2447989,110
2762400,110
2213738,110
2714470,110
2361749,110
2226216,110
2547031,110
2759325,110
2392525,110
2765839,110
2762299,110
2746161,110
134909,110
2763017,110
2488358,110
2449544,110
2765450,110
2764059,110
2756283,109
2096219,109
2292894,109
2649154,109
2390794,109
2704296,109
2745063,109
2033731,109
2631507,109
2751486,109
2766286,109
2110439,109
2763177,109
2245356,109
2766063,109
2730248,109
2761486,109
2763263,109
2766219,109
1987286,109
338917,109
2512494,109
2750517,109
2763860,108
2456367,108
131991,108
2207453,108
146359,108
2735687,108
1409849,108
1987668,108
2714694,108
2631767,108
2734761,108
2764529,108
2478366,108
2509564,108
1099200,108
2729052,108
2762811,108
1295238,108
2616856,108
2490517,108
2195673,108
2287992,108
2760750,108
21538,108
2580802,108
2740922,108
2690632,107
2761684,107
2196278,107
2470148,107
1533593,107
2723514,107
2687685,107
2464585,107
2363052,107
2738283,107
2763822,107
2725006,107
1081450,107
2759801,107
2756546,107
168820,107
1137634,107
2760376,107
2766134,107
2757772,107
1561678,107
2616936,107
2698632,107
2742040,107
75,107
272376,106
2561517,106
1659781,106
2695786,106
1483721,106
2762180,106
2763771,106
1481891,106
2765694,106
149617,106
1470551,106
2723077,106
1897112,106
2764362,106
2765184,106
1031531,106
2616190,106
2766103,106
2466822,106
1968729,106
2633750,105
221343,105
2524092,105
11371,105
2764447,105
2760583,105
2764022,105
1820579,105
2728654,105
2209275,105
2762289,105
2511771,105
2756735,105
2610087,105
1392706,105
7657,105
130090,105
2766336,105
2746761,105
2762311,105
2749649,105
2760191,105
2718977,105
2473980,105
2764089,105
1809575,105
2724641,105
2761031,105
2553411,104
1371746,104
2298928,104
2682405,104
2545246,104
2715261,104
2504253,104
1860984,104
2763445,104
2599281,104
649010,104
1026110,104
2766386,104
2405380,104
2748559,104
1917176,104
2765535,104
2669932,104
2444158,104
2197621,104
2291129,104
2480971,104
2759248,104
2001227,104
1630973,103
2308328,103
1336431,103
2764098,103
355868,103
2765785,103
2743432,103
2757027,103
706528,103
2415176,103
2649048,103
2753472,103
2738674,103
2466172,103
2052769,103
2178322,103
2303232,103
2703150,103
2542753,103
2762864,103
2751181,103
2493529,103
2762820,102
2074658,102
2091412,102
2764437,102
2558022,102
2369593,102
2606183,102
2475570,102
2759330,102
2637947,102
2763641,102
2496383,102
1511445,102
2741917,102
2705482,102
1967210,102
2324440,102
2745802,102
2754157,101
1096293,101
2764421,101
2379424,101
2724643,101
2521543,101
1555027,101
2762621,101
2586715,101
2576396,101
2762653,101
2449748,101
2632152,101
1534254,101
94765,101
2761166,101
1336553,101
2760652,101
2634354,101
1208756,101
2074025,101
1150354,100
2445746,100
2762141,100
2655777,100
2762559,100
524032,100
2581471,100
2661167,100
383563,100
2465111,100
2225335,100
2764399,100
2766009,100
2762622,100
2763448,100
2270683,100
2727111,100
2646379,100
2302218,100
2209882,100
2731662,100
2759503,100
2477348,100
2749055,100
391994,100
2301375,100
2471486,100
1600755,99
2765334,99
2586361,99
2763196,99
831470,99
324692,99
2551367,99
2246482,99
2674158,99
2736625,99
391999,99
1967775,99
2103700,99
2691658,99
2765635,99
1199750,99
1379960,98
2765555,98
2765586,98
954444,98
2606408,98
2700803,98
1520880,98
2762185,98
2563639,98
2762384,98
2603813,98
2757725,98
2747060,98
2606187,98
2495578,98
2732894,98
2764439,98
2337806,98
1274358,98
1359711,98
2584885,98
2729635,98
2715758,98
2124694,98
1527952,98
2696776,98
2764865,98
868204,98
2692830,98
2608758,98
361593,98
2390487,98
2765751,98
2283583,98
1735963,98
2760813,98
2747532,98
2751069,98
2763561,98
1739105,98
2762549,98
2719142,98
2504591,98
2763488,98
1038569,98
2081643,98
2761682,98
2354947,98
1610465,97
2748703,97
5036,97
2762469,97
2763218,97
2453150,97
2687183,97
2563508,97
2649249,97
2763035,97
2178176,97
8137,97
265012,97
2664625,97
2710980,97
10290,97
2763187,97
1242320,97
2439232,97
2757714,97
2037983,97
2649268,97
2745040,97
2745428,97
2763784,97
2536745,96
2732446,96
2692094,96
2766149,96
2756820,96
2454215,96
2169632,96
2091870,96
2747733,96
2364792,96
1088507,96
2240633,96
922358,96
2759405,96
2763768,96
1698154,96
1464208,96
2179840,96
1805073,96
2703749,96
2764920,96
979329,96
2137989,96
2762552,96
2692206,96
2405949,96
2741927,96
345127,95
1399376,95
2765915,95
2757578,95
2628855,95
2761048,95
917520,95
2496384,95
2754881,95
1169143,95
714208,95
420025,95
574236,95
1729284,95
2714223,95
155933,95
2698792,95
2639718,95
2763941,95
2472623,95
2755500,95
2536073,94
2766092,94
134583,94
1391988,94
2761936,94
2757931,94
252914,94
266180,94
2762134,94
2646194,94
1833199,94
768009,94
2123563,94
2626149,94
2512333,94
1541250,94
2763809,94
2752582,94
2709137,94
2762632,94
2765108,94
2608738,94
2488034,94
2390718,94
2765098,94
2763245,94
2565610,94
2761537,94
2764569,94
2757652,94
2701538,93
384709,93
2377229,93
952743,93
2519468,93
596040,93
2376235,93
2718673,93
2671807,93
1152560,93
2500306,93
1545615,93
1842112,93
1239319,93
2700341,93
1761662,93
2343156,93
2293529,93
2675276,93
2766238,93
2106185,93
1809997,93
1791896,93
7543,92
2553500,92
1570140,92
2149614,92
2477983,92
2399863,92
2764330,92
167994,92
2225275,92
7870,92
2602723,92
1762147,92
2574585,92
2491378,92
2764949,92
2203887,92
364043,92
2352388,92
2547984,92
871318,92
2331459,92
747534,92
2687798,92
2422594,92
2443920,92
2759082,92
2764061,92
2749948,92
2622287,92
2515020,92
2765685,92
2701445,92
2702293,92
2635669,92
1047380,92
2761557,91
2314955,91
2731246,91
2734784,91
571832,91
2690501,91
93208,91
2763257,91
1977042,91
2743955,91
1588039,91
1301668,91
2258309,91
2616894,91
2383716,91
2453097,91
2745046,91
2680034,91
2763626,91
2609505,91
1635875,91
2543800,91
2763022,91
2766094,91
2534654,91
2765815,90
2391169,90
2168222,90
2758749,90
2639327,90
2713613,90
2587255,90
2746767,90
1560538,90
2289321,90
424720,90
2199719,90
2762727,90
2311491,90
2764229,90
2763717,90
2758560,90
2623129,90
340833,90
2393998,90
2251993,90
1949794,90
2177118,90
2307447,90
2415222,90
699332,90
1796117,90
1916865,90
2751121,90
2765426,90
152309,90
2715424,90
2750275,90
2446376,90
2557357,90
2620197,90
2766337,90
2641236,90
2637892,90
2706828,90
2044068,90
2099117,90
2756339,89
2606468,89
2755658,89
2752064,89
711305,89
2748636,89
2763862,89
2612552,89
2765533,89
2716027,89
2642847,89
2612880,89
1827648,89
2518730,89
2722008,89
2765172,89
2764484,89
9475,89
2761061,89
2765373,89
2735786,89
1233004,89
2765467,89
1283437,89
2673446,89
2765988,89
1639019,89
339112,89
2473400,89
2765980,89
2762255,89
2762672,89
2762533,88
1831724,88
2071650,88
2764076,88
595414,88
2705955,88
2494657,88
2049787,88
2760718,88
2744321,88
2762510,88
2746871,88
2235403,88
2477555,88
2762156,88
1572081,88
2764238,88
1078264,88
2765181,88
397050,88
2759717,88
2728997,88
2689265,88
2183000,88
2762149,88
2660721,87
2437752,87
2765312,87
752959,87
997426,87
2616703,87
2761644,87
597138,87
2752975,87
2530211,87
2568352,87
2215517,87
2605587,87
390276,87
2108245,87
2765546,87
2511539,87
1244911,87
1151831,87
756686,87
520909,87
2665369,87
2296481,87
2766389,87
2762712,87
822212,87
785079,87
2644206,87
20068,86
2761355,86
2674722,86
1463630,86
1526420,86
2754304,86
2707623,86
2766274,86
2325846,86
2716040,86
2722644,86
2759669,86
2388651,86
2265171,86
2518501,86
2758307,86
2610032,86
2045310,86
2337890,86
2764628,86
2472650,86
2427287,86
2707403,86
1934796,86
2221995,86
2424912,86
541561,86
2750304,86
1525685,86
2191270,86
2762288,86
19219,86
570138,86
1916929,86
1478930,86
2739199,85
2633185,85
2757128,85
69832,85
1964236,85
449028,85
2520059,85
2765464,85
1356474,85
2720352,85
2702288,85
2763083,85
2758657,85
1839268,85
2285644,85
2477548,85
2438763,85
1637657,85
243570,85
834838,85
2762614,85
2315492,85
2698473,85
2765206,85
2765756,85
2762705,85
2765994,85
931225,85
2612784,85
2764041,85
77169,85
2763773,84
2554967,84
2228091,84
1824084,84
2765674,84
1461059,84
1558647,84
2748664,84
2751364,84
2248727,84
1414974,84
2761590,84
2764418,84
2749550,84
2763251,84
1021743,84
1665711,84
2741936,84
2761697,84
2367109,84
1298797,84
798062,84
2763709,84
2186958,84
2763176,84
2765985,84
2273467,84
2764834,84
2760635,84
1335609,84
2649131,84
2190121,84
2398316,83
2667995,83
2709930,83
1499035,83
2765589,83
2235087,83
1386847,83
1797933,83
2300349,83
2744355,83
2520801,83
592322,83
2762523,83
802232,83
1196769,83
2319074,83
2469498,83
2765103,83
2613961,83
2488281,83
1888952,83
1376808,83
2688355,83
2094546,83
2743932,83
297740,83
2757575,83
288982,83
2524233,83
2747541,83
1621698,82
1396529,82
2757697,82
2762661,82
2750249,82
2345506,82
2759010,82
2711788,82
2089831,82
2475548,82
2407012,82
1510362,82
2759882,82
2733962,82
2764223,82
2474931,82
2656814,82
2761585,82
1855567,82
2758781,82
1435515,82
2452063,82
2743609,82
146600,82
2661880,82
2766250,82
2587256,82
1311848,82
2764404,82
1561771,82
2725467,82
2113674,82
1930892,82
2692704,82
2766040,82
1775409,82
2765029,82
66991,82
2195625,82
2693707,82
2667899,81
34562,81
2692374,81
1693313,81
1410250,81
29085,81
483544,81
2246610,81
2694853,81
2308253,81
750428,81
1852115,81
2723817,81
2735386,81
2666527,81
2161335,81
2612107,81
2763517,81
164898,81
2442551,81
2756558,81
131960,81
2163681,81
2418683,81
2601879,81
1873831,81
2228982,81
2765638,81
2762925,81
2756507,81
2673124,81
1950438,81
2672542,81
2766167,81
2764052,81
2765979,81
2310872,81
2756780,81
2764596,81
2741267,81
2106832,81
2619948,81
2763086,81
2762485,81
2759783,81
103004,81
2754004,80
1347652,80
2401558,80
2609552,80
2110221,80
2720281,80
2181911,80
2492296,80
2749882,80
1597055,80
1444772,80
2448203,80
2693790,80
2267701,80
2698793,80
2601985,80
1494740,80
1882934,80
2744397,80
2742082,80
2705225,80
2196307,80
2704148,80
1860747,80
2764375,80
2764516,80
2146901,80
2765561,80
2440343,80
2448013,80
1207975,80
2704354,79
2764471,79
2760833,79
2658318,79
2700667,79
1960462,79
2539763,79
2264476,79
2416596,79
2741922,79
2763217,79
2503784,79
1567292,79
2755668,79
2765928,79
178711,79
2637002,79
2571287,79
2597458,79
2230133,79
2732195,79
2757743,79
1478064,79
1357198,79
2161067,79
2646760,79
2154472,79
2476982,79
2763211,79
2676993,79
2279272,79
2033954,79
1325556,78
1744259,78
2764672,78
2758333,78
2165401,78
2195535,78
2759799,78
1943922,78
2732415,78
84156,78
2254373,78
2569034,78
2719571,78
2766237,78
2758903,78
1017934,78
2402395,78
2533158,78
2740940,78
2644063,78
642556,78
1094140,78
1180973,78
2744730,78
2390992,78
2757638,78
2603972,78
2758463,78
344487,78
2764145,78
2580089,78
2734116,78
2251525,78
2761775,78
1674260,78
2335968,78
2609910,78
2765289,78
2763451,78
2424496,78
2133130,77
938228,77
2575904,77
1822469,77
1726219,77
2692699,77
1470498,77
2765895,77
2648251,77
2765628,77
2764086,77
161185,77
2260441,77
797474,77
2186168,77
984672,77
2662914,77
2607270,77
1737335,77
479579,77
2452853,77
1848334,77
2688108,77
1331578,77
1925170,77
1957537,77
2747922,77
131004,77
1305588,77
2634769,77
1322632,77
2755772,77
2580421,77
722613,77
90854,77
2225802,77
2716592,77
2760414,77
720175,77
2637093,77
2183947,77
2449951,76
2674522,76
2210535,76
2510280,76
2179627,76
2659698,76
2044078,76
2456725,76
2587785,76
2763967,76
2694874,76
2379131,76
2670431,76
2459399,76
2337366,76
2248865,76
2309689,76
2633618,76
2653444,76
2165356,76
2477810,76
2010753,76
2733172,76
2659720,76
2753456,76
2113370,76
2756407,76
2764310,76
2513208,76
2761637,76
1538301,76
2741837,76
1571626,76
2664300,76
1296787,76
1784760,76
2174159,76
2680539,76
1866939,76
2738798,76
2751706,76
2679742,76
1517164,75
2763230,75
2630468,75
2467057,75
2454516,75
1808020,75
1799889,75
134065,75
2762699,75
1167499,75
303526,75
2763884,75
2733185,75
9042,75
1015877,75
2766322,75
1961346,75
2424939,75
2716028,75
2617049,75
2762932,75
2695311,75
2763671,75
1447787,75
1676892,75
2550215,75
1598828,75
2714745,75
2762846,75
2760818,75
2696203,75
2667129,75
2698986,75
2017049,75
325142,75
2762157,75
2484537,75
2534815,75
2764941,75
2495964,74
1639160,74
14856,74
2710056,74
2580702,74
1790626,74
2748649,74
2763443,74
2765891,74
2694771,74
2763817,74
2107918,74
2709005,74
587439,74
2598560,74
2598714,74
2450907,74
2760005,74
1868891,74
2723044,74
2765942,74
1484125,74
2535554,74
2664133,74
2299345,74
2052661,74
2715577,74
2517707,74
2736943,74
925049,74
2356018,74
880998,74
2764388,74
805078,74
1963074,74
2551038,74
2460872,74
1523340,74
2661937,73
61391,73
712947,73
1652528,73
2402800,73
2605577,73
283697,73
2216775,73
2734698,73
2382264,73
2093272,73
2658309,73
2762620,73
2359917,73
2763397,73
2760699,73
2468858,73
2741290,73
2751939,73
2644385,73
232703,73
2648467,73
2741948,73
2419498,73
2342660,73
2157828,73
1309969,73
2575501,73
159987,73
2619939,73
2301414,73
2761480,73
2289403,73
466475,73
865501,73
2612557,73
2609209,73
2762124,73
2640896,72
2734947,72
2763700,72
2549682,72
2763219,72
1445455,72
1910878,72
1684946,72
2678515,72
2677689,72
1065885,72
1790871,72
1485827,72
60938,72
2745769,72
2747809,72
2659268,72
2751310,72
364626,72
2761584,72
2713846,72
2128419,72
2575503,72
2763981,72
2752135,72
2580164,72
2705821,72
2760093,72
2298957,72
2714688,72
2761791,72
2364929,72
2450837,72
2762017,72
9474,72
2504197,72
2764740,72
1379656,72
1495986,72
2493284,72
2765599,72
1463317,72
1142665,72
1970145,72
1496495,72
1671122,72
2749718,72
2754179,72
2765192,72
1074972,71
2057016,71
2694231,71
2737795,71
2758923,71
2435561,71
2656865,71
1376282,71
2262434,71
320676,71
354976,71
2763148,71
1979672,71
2221413,71
2668945,71
20546,71
1346181,71
2766305,71
2390847,71
2670410,71
2580813,71
1729414,71
2625066,71
2765488,71
2758472,71
2333174,71
2747944,71
2729875,71
2733256,71
1780243,71
2662559,71
1179167,71
2759475,71
2763232,71
1148839,71
299716,71
2760863,71
2410061,71
1191626,71
2750798,71
2591008,71
1075446,71
2760534,71
1639040,71
2439325,71
2458199,71
2036419,71
2544377,71
2209354,71
2759766,70
2611823,70
2761629,70
2513043,70
2639491,70
736227,70
2727526,70
2314246,70
2114370,70
2658715,70
2156145,70
1828995,70
2649070,70
2578419,70
2691210,70
2760450,70
2727380,70
2238586,70
2763237,70
2757238,70
1649913,70
2761461,70
2748967,70
2766327,70
671503,70
2762666,70
2764494,70
2703554,70
1617210,70
2205768,70
2691400,70
10971,70
2511917,70
2760957,70
1716055,70
2382169,70
2764713,70
2229455,70
2625723,70
2765198,70
2757568,70
2762047,70
530857,70
2707407,70
1044702,70
2257815,69
1977196,69
544282,69
2650972,69
2558341,69
2014657,69
1053830,69
2631084,69
2758425,69
2704861,69
1367981,69
2580152,69
1773759,69
2765434,69
2748465,69
2761426,69
2457692,69
2751725,69
866217,69
2727612,69
2471161,69
2755718,69
2537045,69
2730725,69
2603122,69
2475796,69
2757443,69
2686838,69
1776890,69
2488374,69
1851946,69
2760801,69
2688053,69
1565668,69
2762828,69
2764976,69
2516060,69
2728105,69
1763429,69
2681407,69
2575053,69
2208084,69
116970,69
2762900,69
2761427,69
2659662,69
2679289,69
2765949,69
2733739,69
552795,68
1606639,68
2751723,68
2464946,68
2754401,68
2239947,68
2478279,68
2594178,68
2520805,68
2750271,68
2676103,68
1928679,68
2475514,68
2343934,68
2027615,68
2633371,68
2746206,68
1673840,68
2048826,68
1973462,68
1265180,68
2314354,68
2502403,68
1892368,68
2743950,68
2618747,68
2689411,68
1417791,68
2725515,68
2710489,68
2762250,68
2751599,68
2698967,68
2121090,68
2761749,68
2655884,68
2146693,68
2632676,68
2754120,68
919063,68
2676921,68
2750644,68
2762112,68
411375,68
1938300,68
2751126,68
1069015,68
2764661,68
2635638,67
6297,67
2176192,67
1036362,67
1404843,67
2274776,67
2574505,67
1539028,67
331598,67
2740973,67
2319905,67
1926656,67
2700986,67
2742912,67
2712278,67
1549441,67
5581,67
2721999,67
2540305,67
2589512,67
2505893,67
2686821,67
2665729,67
2365822,67
662395,67
2741284,67
2140171,67
2757612,67
2315838,67
1616431,67
2127795,67
2677942,67
2741960,67
2295370,67
2762914,67
2750858,67
2763776,67
2714487,67
63786,67
2039975,67
1227713,67
2700908,67
2537694,67
2755493,67
2608993,67
2765412,66
1457585,66
2743439,66
2445484,66
1515384,66
1510741,66
1711464,66
2445176,66
2763241,66
2146911,66
946276,66
2761113,66
2272102,66
2763029,66
1873175,66
1868532,66
1400578,66
915981,66
2765936,66
2682302,66
2300249,66
2506507,66
2172778,66
2108191,66
2441436,66
510284,66
2723729,66
2294196,66
2765879,66
142125,66
1195487,66
2666766,66
2186660,66
2763227,66
2765012,66
1552034,66
2173013,66
2221800,66
2204122,66
395107,66
1795909,66
2754659,66
2726353,66
2153315,66
2739957,66
2755882,66
2500309,66
2763750,66
1884355,66
2750387,66
270053,66
2647212,66
2711388,66
1321584,66
1363084,66
2584574,66
2698009,66
99637,66
2744965,66
2267996,66
935551,66
2572597,66
2122049,66
2480054,66
1075361,66
1737730,66
1907945,66
2762958,66
1639140,66
2762279,66
2691690,66
2728981,66
2645425,65
1658618,65
2130408,65
2741970,65
2733141,65
1723898,65
2489956,65
107794,65
2290816,65
1301003,65
1901223,65
2568475,65
2657676,65
2105263,65
88156,65
2106712,65
1581399,65
2494542,65
2764491,65
2558260,65
2284089,65
2720512,65
2765627,65
1523317,65
25820,65
1921399,65
2481330,65
2736756,65
2686026,65
2761247,65
450105,65
626162,65
2408947,65
2615823,65
2085537,65
1750914,65
2761024,65
591027,65
1677668,65
160989,65
1975021,65
2592812,65
2424257,65
194807,65
2310568,65
2762667,65
2653395,65
2548166,65
1410844,65
2543246,65
2303184,65
108289,64
2075033,64
2423595,64
2355839,64
2516839,64
2285409,64
1261280,64
1162963,64
2098625,64
2762610,64
1777969,64
2212521,64
2341104,64
2210893,64
2721512,64
2762631,64
2690369,64
1122510,64
2705155,64
2107048,64
89927,64
2762103,64
1464711,64
2633034,64
2754434,64
2022744,64
2670873,64
2504855,64
2460956,64
2766378,64
2099499,64
1310428,64
2764262,64
2750487,64
2609063,64
348981,64
2762016,64
309802,64
936309,64
2249683,64
2765576,64
2535936,64
2494041,64
2362210,64
973977,64
2044380,64
2702515,64
2713220,64
2646540,64
2396030,64
128198,64
379259,64
1804779,64
2753537,64
1346154,64
1922060,64
1506333,64
2590009,64
2758199,64
2066157,64
1520902,64
2110071,64
2091406,63
1260971,63
2713027,63
2758542,63
2726457,63
1831991,63
1977527,63
2717515,63
1534213,63
2750509,63
2351432,63
2667424,63
1922297,63
2206450,63
1860423,63
2762408,63
2764062,63
2467426,63
2481400,63
2193476,63
1547035,63
2740964,63
1426079,63
2079578,63
174123,63
2332735,63
2245063,63
2656112,63
2624492,63
2665020,63
539244,63
2765148,63
2762374,63
219960,63
1445003,63
2665531,63
2556130,63
2698831,63
1547520,63
1092471,63
2747416,63
2294220,63
1523397,63
2679813,63
2762858,63
2761714,63
2751871,63
2665675,63
2188529,63
2765726,63
2715887,63
2583540,63
2344227,63
2759945,63
2762849,63
2375008,63
2670792,63
804967,63
2374085,63
2685657,63
1982022,63
128080,63
2736630,63
2444102,63
2761007,63
2765082,63
2755646,63
354128,63
2431219,62
2579518,62
1190167,62
368603,62
2739009,62
1908767,62
2758977,62
847761,62
2427604,62
1322451,62
2677150,62
1318465,62
2146447,62
2764269,62
1319527,62
283467,62
2704067,62
2650280,62
2682569,62
2739295,62
5119,62
2749286,62
2325629,62
651084,62
1535275,62
1846658,62
2757735,62
2614667,62
2671079,62
2530417,62
2758892,62
2422851,62
2247038,62
11523,62
2408000,62
32988,62
1291250,62
2641838,62
2758937,62
2466559,62
2765397,62
2209157,62
2555065,62
2360534,62
2730283,61
2762137,61
372094,61
2729065,61
2424392,61
2759551,61
2744155,61
2708841,61
2047419,61
2763444,61
2300030,61
1997816,61
2671690,61
2766364,61
2685738,61
2269844,61
1857637,61
2366676,61
1343048,61
1415329,61
2574781,61
2757661,61
2725362,61
1126004,61
2655710,61
2653086,61
1495543,61
1439933,61
2751964,61
2639135,61
2624854,61
2724732,61
2742729,61
2590517,61
2323948,61
307575,61
1778634,61
1170807,61
2629708,61
2763220,61
963489,61
2749490,61
1406801,61
2207480,61
1295786,61
2762547,61
2714393,61
1892509,61
2615438,61
2683930,61
2755569,61
1275150,61
2600004,61
2220968,61
2097794,61
2193857,61
1148809,61
1213328,61
2617165,61
962170,61
2439047,61
2201881,61
419233,61
2756126,60
2759542,60
2763080,60
2745228,60
2735157,60
18189,60
2756403,60
1375651,60
2195709,60
2744340,60
2473114,60
10029,60
1449179,60
2565600,60
2510724,60
2639316,60
2634062,60
2736571,60
2750767,60
1395445,60
2737346,60
1552667,60
2669089,60
2763258,60
2466631,60
1810661,60
2600325,60
2763439,60
2757571,60
2763242,60
2467458,60
2633845,60
2649283,60
1933451,60
2259232,60
2216436,60
1392677,60
2713204,60
2763930,60
2461134,60
2038193,60
2741006,60
2620874,60
2137160,60
2619501,60
117151,60
2466991,60
2740520,60
1249505,60
2756446,60
2733065,60
2701676,60
2635939,60
2762982,60
2764023,60
1016786,60
978605,60
2742524,60
1245881,60
962060,60
539667,59
2761456,59
2357084,59
2238110,59
2670200,59
2698778,59
5196,59
2146682,59
1453075,59
2745994,59
2322119,59
2385387,59
2616907,59
2762197,59
2479092,59
94640,59
8495,59
14459,59
2661048,59
2328368,59
2414736,59
2246905,59
177163,59
2591691,59
1540033,59
1338565,59
1761420,59
2286410,59
2661354,59
2315187,59
2481203,59
2762313,59
2221229,59
2232629,59
355704,59
85426,59
2200231,59
2696876,59
2552788,59
2765097,59
2077123,59
149430,59
338834,59
2692162,59
2641077,59
2587164,59
1990774,59
2765019,59
2760627,59
2674200,59
2764001,59
2734573,59
2724095,59
2693637,59
134605,59
2178089,59
1775579,59
2115311,59
2511677,59
2530259,59
2762637,59
1774915,59
2760286,59
2766132,59
1236797,59
2761003,59
1969455,59
2765302,59
2721659,59
1255291,59
2405252,59
2266727,59
1552721,59
1202812,59
2360434,59
2734333,59
1623136,59
965389,59
2601518,58
2747149,58
1400484,58
2707162,58
2110094,58
2678626,58
2765053,58
2765297,58
2222714,58
2655824,58
338913,58
2738451,58
2575148,58
1635384,58
1972020,58
2764444,58
1590885,58
102533,58
2763945,58
2576181,58
2218186,58
2735921,58
2032017,58
324974,58
1530645,58
2764150,58
2595899,58
2762826,58
2400838,58
1891887,58
2702600,58
580625,58
2541509,58
67388,58
2242357,58
1457484,58
1411959,58
2764682,58
2762662,58
1944868,58
1068947,58
2466747,58
2701788,58
2565501,58
2763104,58
324958,58
2488336,58
338882,58
2623152,58
2672471,58
2761524,58
6056,58
2057270,58
2764298,58
2761591,58
2749083,58
2674429,58
371073,58
2736661,58
2341352,58
262705,58
2116195,58
2748792,58
2528979,58
2642203,57
2673578,57
2759743,57
2637623,57
223670,57
2762784,57
2766449,57
1678151,57
1355026,57
2132494,57
1888917,57
2600793,57
2578100,57
2721968,57
2600639,57
2200584,57
2206446,57
2695917,57
1306061,57
2697882,57
2715789,57
2741697,57
426588,57
1769925,57
2430844,57
2136848,57
10976,57
2464725,57
2736327,57
7425,57
2579397,57
2765085,57
2391209,57
2736840,57
2544663,57
125849,57
2605970,57
2336470,57
2192278,57
2731175,57
2761988,57
2756409,57
2545590,57
2216768,57
2484701,57
2657540,57
1450873,57
2757570,57
2650392,57
2754051,57
2762544,57
2403503,57
2452458,57
2635181,57
2762539,57
199856,57
2490562,57
2481540,57
2637866,57
1618476,57
2689459,57
1717207,57
1934867,57
2707391,57
2737060,57
2698779,57
2698589,57
2653362,57
2758322,57
2099692,57
1615226,57
2580178,57
2732609,57
743507,57
2645499,57
2761009,57
2093076,57
2631948,57
2380608,56
28609,56
2622792,56
2741721,56
2756839,56
2565946,56
1259710,56
2762980,56
1915737,56
2701031,56
2517095,56
2721596,56
2764802,56
2695132,56
2765414,56
2146703,56
2373044,56
815412,56
2338557,56
2643523,56
2675633,56
739696,56
2629082,56
2474616,56
1078939,56
2722228,56
1287762,56
2397553,56
2722949,56
1122823,56
1286973,56
1232278,56
1503211,56
2672614,56
539502,56
2762453,56
2739374,56
1458305,56
2666817,56
2448064,56
994669,56
1413553,56
2065444,56
2735164,56
2759061,56
1928365,56
821054,56
2717547,56
1060368,56
1514779,56
2744246,56
1838857,56
712234,56
2717143,56
1074235,56
2719063,56
2762963,56
1981337,56
2658892,56
2649606,56
1082137,56
2757277,56
2446637,56
2664860,56
2396073,56
2052724,56
2189213,56
2555961,56
1293895,55
1574869,55
2721748,55
2321878,55
2394183,55
2732711,55
2764038,55
2614459,55
2542544,55
2720574,55
1625233,55
2749231,55
2647039,55
2750729,55
2741954,55
2764072,55
1662742,55
2759594,55
2749697,55
1971244,55
95199,55
2652080,55
10224,55
2766115,55
2166441,55
2704239,55
2707390,55
2209344,55
2217791,55
518458,55
2439442,55
2271807,55
2760758,55
712004,55
2381656,55
2693584,55
2731322,55
2693878,55
2334279,55
2762015,55
1478970,55
2522865,55
2409571,55
2555293,55
2474529,55
2640104,55
2239173,55
2754648,55
1533862,55
283209,55
2461617,55
2248236,55
2746755,55
2693355,55
2749030,55
2364091,55
2716799,55
2256407,55
2755540,55
2406996,55
2490766,55
2679063,55
2431205,55
1726904,55
2742960,55
2495619,55
694648,55
2765883,55
2707123,55
2761931,55
1388230,55
2651990,55
2616848,55
2495689,55
2746016,55
266360,55
1443831,55
2717374,55
1598411,55
1053985,55
2413952,55
2488658,55
2254937,55
2725776,55
566365,55
2759202,55
1731890,55
2765475,55
2713830,55
2254538,55
2687416,55
2763110,55
795679,54
1668530,54
2170493,54
2699470,54
2318856,54
2479630,54
2657205,54
1216138,54
2041861,54
2764599,54
2648681,54
2165679,54
2129201,54
2231934,54
2639244,54
2690949,54
958003,54
2515776,54
32215,54
2764285,54
2745821,54
2563945,54
2509329,54
2524236,54
8387,54
2435236,54
2763998,54
2762759,54
2761016,54
2755333,54
1496755,54
2698950,54
2762740,54
2766261,54
2765629,54
2442347,54
2757047,54
2530858,54
2481812,54
638929,54
2709433,54
2670042,54
2765851,54
1109548,54
1527824,54
99165,54
2755651,54
2370744,54
2753684,54
2755434,54
2763748,54
2737887,54
864685,54
143123,54
2643073,54
2537714,54
1935696,54
2735539,54
1165792,54
2761910,54
2453902,54
2668960,54
379262,54
2755314,54
2185609,54
2766254,54
2472927,54
1788180,54
2758882,54
2297143,54
2760744,54
2110988,54
1329472,54
2337214,54
2561179,54
2367702,54
2756342,54
2316419,54
2208144,54
2733735,54
615715,54
126470,54
2717102,54
2764129,54
1517784,54
2763036,54
2760980,54
80503,54
2764005,54
5571,54
1986508,54
2685033,54
2766455,54
2635380,54
2092191,53
2715397,53
1667494,53
2758223,53
2116310,53
2555020,53
2191327,53
2756147,53
636318,53
2765006,53
1486236,53
2647768,53
2566468,53
1857241,53
1824037,53
2761036,53
2758279,53
2372254,53
2741990,53
445135,53
33010,53
2761928,53
2703167,53
806265,53
2625671,53
2529782,53
2554928,53
1334672,53
2684512,53
2532201,53
2758209,53
1111200,53
2757505,53
2339638,53
2758320,53
2513432,53
2739337,53
2762018,53
1380685,53
2056931,53
2112756,53
575452,53
757309,53
2765127,53
2762974,53
1468463,53
2735918,53
1363770,53
2750791,53
2587126,53
2764257,53
2700326,53
2187859,53
2756933,53
2747664,53
2113658,53
2740244,53
1581020,53
2693666,53
2553906,53
2766332,53
2654224,53
2666027,53
2762879,53
2748939,53
2600878,53
2753062,53
2012122,53
2275378,53
1385530,53
2741255,53
1761857,53
1996180,53
2600739,53
2429770,53
2509563,53
2702273,53
2536190,53
2587198,53
419214,53
1998427,53
2611520,53
1261325,53
2163435,53
2099998,53
2129615,53
2758377,53
2538990,53
2764990,53
2318821,53
2580082,53
2512342,53
2760225,53
2609947,53
2675979,53
2391289,53
2253338,53
2754475,53
46846,52
469308,52
2753326,52
575298,52
495273,52
1319787,52
2552667,52
2766180,52
693523,52
2570552,52
2663549,52
1891700,52
2705412,52
1199569,52
1147588,52
2511700,52
2659801,52
1078891,52
2740077,52
2517507,52
2454125,52
2754178,52
2737727,52
2762466,52
1075382,52
973878,52
1754775,52
2591003,52
72396,52
1240473,52
2637189,52
2399571,52
660179,52
1400489,52
2683936,52
2766111,52
1177183,52
2357469,52
2565333,52
1660164,52
143150,52
2713284,52
2363467,52
2094233,52
2751484,52
26924,52
2412976,52
233092,52
2765582,52
2734410,52
2438671,52
2683893,52
2602512,52
2593053,52
2291289,52
2350539,52
2729793,52
2713644,52
32661,52
2752133,52
2698956,52
2761479,52
2745499,52
1630285,52
2228467,52
2192164,52
2544278,52
2761265,52
2761643,52
2720695,52
2062342,52
2587510,52
2745322,52
1268360,52
2766242,52
2766191,52
444122,52
1116960,52
2699294,52
1820419,52
751460,52
14628,52
2705710,52
1266101,52
2163660,52
2681631,52
2641977,52
2748958,52
2599366,51
330475,51
2735721,51
894234,51
1346688,51
240274,51
532723,51
2649303,51
2732006,51
866966,51
2757370,51
2235346,51
294470,51
2625484,51
2698171,51
2759317,51
1630029,51
1325513,51
512569,51
28100,51
1250020,51
2257395,51
2762808,51
1854846,51
164822,51
1452469,51
2235514,51
2218544,51
34020,51
1500882,51
2286018,51
2213120,51
2597323,51
1713992,51
2176186,51
2268972,51
2745993,51
1620724,51
2751629,51
2662768,51
2431225,51
2623479,51
2687338,51
1860510,51
2553389,51
1075478,51
2625890,51
2523713,51
1843440,51
1525615,51
2580554,51
118945,51
2765009,51
954810,51
2766383,51
2765385,51
2223953,51
2381675,51
2762761,51
2728545,51
2187757,51
2286009,51
2166019,51
2164481,51
2741975,51
1215286,51
1131007,51
2250571,51
204579,51
1085456,51
2516622,51
2348643,51
2755484,51
2754583,51
2392385,51
2048102,51
2025766,51
2757610,51
2764037,51
993999,51
2737347,51
2725794,51
2732366,51
2179225,51
2756304,51
82745,51
2579082,51
2755735,51
2761045,51
2431188,51
2648779,51
1331228,50
1728992,50
2715928,50
1219983,50
2763586,50
2763441,50
1778072,50
2729293,50
1520769,50
2689217,50
2758480,50
1509633,50
2188014,50
583459,50
2323694,50
1097585,50
2223342,50
1513440,50
2484532,50
1907674,50
2246641,50
2740373,50
2036647,50
2748469,50
44566,50
1660695,50
2033042,50
2589093,50
2753343,50
197444,50
775187,50
2752903,50
2663391,50
2430511,50
2364056,50
2631741,50
494261,50
2757016,50
2690624,50
2555131,50
1959602,50
2592437,50
2762001,50
2632113,50
2761008,50
2764961,50
2179228,50
2161297,50
2455064,50
2760278,50
2761951,50
2685438,50
2732858,50
2753440,50
2764486,50
1118776,50
2231081,50
2052057,50
2703099,50
932482,50
2764618,50
2757597,50
2198535,50
2013091,50
2110254,50
2213905,50
2376051,50
2683475,50
2741063,50
2567280,50
1530064,50
2615522,50
2761269,50
2604139,50
1693883,50
2057846,50
2410570,50
2737010,50
2762462,50
2750475,50
798654,50
2756918,50
1378381,50
2091039,50
1643832,50
2556244,50
2707239,50
1451178,50
1971163,50
2706774,50
2761984,50
2750320,50
1118422,50
2380317,50
2760052,50
2749107,50
2014037,50
2200134,49
1380520,49
2599357,49
2271576,49
1617513,49
2645254,49
171989,49
2742380,49
2685319,49
1596979,49
1339237,49
2607078,49
2539427,49
2684394,49
2587142,49
2727485,49
2652117,49
2616304,49
2757653,49
2648814,49
2756445,49
1428425,49
464939,49
2140918,49
2607102,49
2495661,49
2370747,49
2401621,49
2745684,49
2468549,49
2207146,49
2588352,49
692489,49
2011906,49
2764187,49
2740083,49
2756335,49
2091879,49
2003030,49
2761572,49
2731382,49
1565020,49
2660181,49
1811054,49
303662,49
2722835,49
2295031,49
2676541,49
2761579,49
107366,49
2620761,49
2670086,49
2145612,49
749527,49
2477736,49
1042048,49
159408,49
2738332,49
1334379,49
1633278,49
2761481,49
2764354,49
1268434,49
2761416,49
1352742,49
2766126,49
2765521,49
2718145,49
1245271,49
2743475,49
2762174,49
2325972,49
2503787,49
2704482,49
2640084,49
2231079,49
2298162,49
2751257,49
2756971,49
2376312,49
2210306,49
1984258,49
1205016,49
2692750,49
1428568,49
2754985,49
2392184,49
1827609,49
2765077,49
2742412,49
1946974,49
2433857,49
2628342,49
2752131,49
489109,49
2761440,49
43428,49
2759939,49
748062,49
2615575,49
2217416,49
64094,49
1682287,49
1425904,49
2707402,49
1043354,49
113479,49
2753235,49
2749921,49
2728627,48
2639508,48
2429438,48
2467433,48
2132881,48
2683730,48
2765104,48
1282885,48
2647173,48
2636086,48
2614800,48
2682250,48
933520,48
2761776,48
2670654,48
2740233,48
2766284,48
2759489,48
2000873,48
2680333,48
2722423,48
2662123,48
1992542,48
2647980,48
68253,48
2695145,48
1256408,48
2265946,48
79226,48
2755716,48
2185444,48
2760871,48
2198787,48
2677124,48
2735833,48
2760407,48
721627,48
2024975,48
1738881,48
443092,48
1450900,48
2762360,48
2028953,48
2665828,48
2708047,48
2126037,48
371412,48
2765023,48
2647127,48
1351722,48
1753690,48
449738,48
2306131,48
119057,48
2762173,48
2711934,48
2431039,48
1274102,48
2656100,48
2555700,48
2758385,48
2146523,48
2342804,48
2476542,48
1050644,48
2681899,48
2715793,48
2527234,48
2765737,48
2415956,48
2555194,48
2018853,48
2760959,48
2602988,48
2692422,48
2613904,48
2318707,48
1089395,48
2721851,48
1956784,48
2760214,48
2764019,48
2755885,48
1539776,48
1378130,48
2012232,48
1418050,48
2518755,48
67485,48
2461664,48
2637213,48
2751536,48
2763864,48
180229,48
2766188,48
1630992,48
1976509,48
2541110,48
2741889,48
1719149,48
2738032,48
2685234,48
2707028,48
2275504,48
2398829,48
1792961,48
2752145,48
2761458,48
1731050,48
1532576,48
2381230,48
323435,48
2740076,48
2550619,48
2765913,48
2762749,48
2394092,48
1967840,48
265102,48
2765698,48
630405,48
2336951,47
2754821,47
2145682,47
2749707,47
2109218,47
2223333,47
2744891,47
2628725,47
2054566,47
2694982,47
2763531,47
2386489,47
2751790,47
1655569,47
2754796,47
2759037,47
2716025,47
2754679,47
2691642,47
2641820,47
2377869,47
1732747,47
2506764,47
2708199,47
2050655,47
2670979,47
980278,47
2340535,47
137910,47
2662335,47
1967502,47
2766463,47
2318650,47
2759395,47
1264945,47
2676301,47
2705692,47
2521262,47
2653702,47
2513517,47
2069051,47
1122234,47
1707796,47
2340774,47
2605337,47
1324764,47
1079646,47
2678975,47
1298658,47
2765094,47
2690371,47
2508931,47
2645700,47
2758060,47
2600027,47
2108004,47
505488,47
1382267,47
2342708,47
2626595,47
2759019,47
2714369,47
2645374,47
2449027,47
2164348,47
1763002,47
1192012,47
2251804,47
1229931,47
2606287,47
2029727,47
465360,47
2548139,47
2733808,47
2546279,47
2765204,47
2199513,47
863023,47
1691220,47
2745239,47
2431053,47
2711899,47
2649004,47
2286249,47
2140790,47
2759906,47
2229156,47
2246699,47
2505523,47
2258849,47
2760782,47
2738862,47
2302983,47
243508,47
1927539,47
2474268,47
2077892,47
2459824,47
2113488,47
2489040,47
2511954,47
296678,47
895984,47
2571125,47
2416997,47
847645,47
2689791,47
1030169,46
1231603,46
2740820,46
1091944,46
2246988,46
2422976,46
2343095,46
2539884,46
2550958,46
2341665,46
2362755,46
2734099,46
1516153,46
2046438,46
1612131,46
2182543,46
2718012,46
158650,46
641504,46
2548468,46
1740524,46
2529608,46
2353222,46
2730699,46
1656743,46
2653375,46
2559186,46
2707795,46
2560104,46
2761822,46
2681644,46
2450471,46
2158015,46
2118824,46
950927,46
2439608,46
2371452,46
2099415,46
1886688,46
2708561,46
2104870,46
2693698,46
2764554,46
1185882,46
1752839,46
2766348,46
2212786,46
1273372,46
2758947,46
2761852,46
2753671,46
1202045,46
1157361,46
2747928,46
507741,46
1503569,46
2748316,46
2740256,46
2328968,46
2482199,46
1647062,46
2681332,46
2574598,46
1501009,46
2728668,46
2760606,46
1095977,46
2365856,46
2517870,46
2736549,46
2617239,46
2695658,46
350496,46
2745295,46
1813761,46
2595602,46
1771546,46
2295670,46
2113289,46
1193082,46
745392,46
1791065,46
2705079,46
2564006,46
2755385,46
1384450,46
2755480,46
461136,46
15496,46
2753123,46
2540433,46
625365,46
2650430,46
2751165,46
2669206,46
2256755,46
1740294,46
2761365,46
915200,46
2262720,46
2707381,46
2721269,46
2472200,46
2714679,46
2302773,46
2726033,46
2533720,46
1555410,46
1965314,46
2682337,46
2653826,46
2619718,46
2764928,46
2625692,46
651075,46
2734414,46
2682034,46
2740390,46
2696406,46
1569830,45
2607307,45
2580070,45
2245227,45
1299777,45
106829,45
2680061,45
2740254,45
2750252,45
1913425,45
105064,45
1550840,45
1948904,45
2599303,45
148926,45
2253853,45
1527596,45
2409582,45
1464918,45
1281480,45
1505959,45
2744382,45
2734420,45
2692550,45
2728346,45
2760924,45
1261557,45
2683548,45
2723565,45
2267712,45
2472219,45
2412421,45
2192454,45
2675484,45
1985550,45
634767,45
2757574,45
2082942,45
1456601,45
2748486,45
2489341,45
2440928,45
2746247,45
2764598,45
2759991,45
2295697,45
2718849,45
2171135,45
2186809,45
1936270,45
1781842,45
2757374,45
1223643,45
429937,45
1867960,45
2751352,45
1486887,45
469517,45
665778,45
2019688,45
2706125,45
2759953,45
1681083,45
2600456,45
2580429,45
2363074,45
2722167,45
1428928,45
2019507,45
2221382,45
2764331,45
1541765,45
2681668,45
2500084,45
1623701,45
2716625,45
2002568,45
2710075,45
2212417,45
2741244,45
2478109,45
2677280,45
1744439,45
2343291,45
2714595,45
1252839,45
1195460,45
2724205,45
2252335,45
22256,45
2763222,45
2745234,45
2536140,45
2579827,45
2631389,45
2499411,45
2430210,45
2595459,45
2763886,45
1473187,45
2224331,45
26576,45
2667842,45
1704758,45
306220,45
1579416,45
2049037,45
2649295,45
2175773,45
2744357,45
2140745,45
755693,45
20195,45
2246117,45
2763966,45
60568,45
44398,45
2762378,45
2198396,45
2637965,45
2481739,44
1494714,44
2763324,44
1307524,44
2366335,44
178520,44
2231345,44
2690137,44
2075671,44
2211429,44
2542744,44
2455794,44
2627392,44
2372164,44
1881740,44
2488710,44
2221972,44
1990837,44
2765761,44
2726267,44
1627455,44
2689061,44
1332616,44
2755409,44
2751216,44
1095278,44
2755887,44
2762988,44
2758727,44
2725844,44
2476454,44
2712869,44
164677,44
2757713,44
2695239,44
2165199,44
1866869,44
856243,44
2545356,44
1057189,44
2644212,44
2504051,44
2580041,44
1395644,44
2427682,44
2083063,44
2727587,44
2487473,44
111317,44
2707316,44
624889,44
2555938,44
1620834,44
2764073,44
2766430,44
1308731,44
2756239,44
2724383,44
2718767,44
2435259,44
416689,44
54777,44
2055579,44
480203,44
882225,44
2742904,44
1075495,44
2660842,44
1495132,44
550532,44
2640174,44
469548,44
2541075,44
2471829,44
2708329,44
2654759,44
2477887,44
2136253,44
1579790,44
1329645,44
2654230,44
2742578,44
2633272,44
2761333,44
1994048,44
1086046,44
127207,44
2419370,44
1923653,44
9536,44
2196912,44
1470544,44
2422507,44
1990389,44
1004186,44
2737697,44
1593257,44
2757000,44
1473239,44
2762640,44
2690252,44
2112013,44
1856226,44
2268916,44
206011,44
156373,44
6500,44
194582,44
2656402,44
2747052,44
2762146,44
2358176,44
2081002,44
2206587,44
2678916,44
2754430,44
1480637,44
1348455,44
11192,44
2762683,44
2530355,44
2300817,44
2752160,44
2117424,44
2601100,44
2489270,44
2760632,44
6331,44
1630562,44
1289279,44
2652046,44
2761213,44
2212394,44
1941175,44
2765745,44
2316905,44
2599378,44
1085048,44
1121145,44
2675568,44
2760145,44
2705606,44
2463132,44
2421933,44
340218,44
1460987,43
289591,43
1554990,43
2439404,43
2501441,43
2398355,43
2758134,43
2692211,43
2757090,43
817261,43
1240654,43
334482,43
817132,43
1159818,43
2735096,43
1567185,43
1400892,43
1403753,43
2661203,43
2462742,43
1909950,43
133832,43
2761029,43
2665539,43
2761004,43
1295881,43
2761153,43
2516196,43
404253,43
1293117,43
1908335,43
1545363,43
2002020,43
1833977,43
381459,43
2654502,43
2533656,43
2638695,43
298272,43
1058738,43
1020899,43
2000568,43
2181616,43
2314264,43
2517015,43
2762717,43
2762617,43
2755167,43
2762685,43
451533,43
2760344,43
2761671,43
2765417,43
2765598,43
2514311,43
2557754,43
2470283,43
2301879,43
2684686,43
2647860,43
2121256,43
2439947,43
724959,43
1141520,43
2701089,43
1936498,43
94057,43
2609597,43
2730138,43
2677624,43
2388664,43
2094547,43
2724511,43
2057317,43
2076457,43
1427924,43
1849161,43
2536135,43
2756157,43
26552,43
2646139,43
1468598,43
1851021,43
2447054,43
2470918,43
2477409,43
2529031,43
1074877,43
1767730,43
2613165,43
2368966,43
1976014,43
2570466,43
2749748,43
2647162,43
2758595,43
1309044,43
2195138,43
2135792,43
2750579,43
378684,43
938628,43
2741488,43
2619397,43
1897324,43
2310212,43
2135124,43
2760849,43
2760685,43
1675131,43
2648513,43
1400400,43
2751561,43
2753502,43
1630975,43
1580246,43
2761395,43
1506032,43
2473577,43
2535848,43
77173,43
2653903,43
1995730,43
2761865,43
1738072,43
125411,43
279310,43
2738665,43
2740098,42
2490350,42
2671098,42
2761346,42
2700902,42
1508363,42
2551280,42
2484164,42
2765295,42
2765797,42
2725466,42
1554605,42
785437,42
2687251,42
2761457,42
2751619,42
2694672,42
1419692,42
2678807,42
2734723,42
2611892,42
1727738,42
2568136,42
1903191,42
2763154,42
2303534,42
2426276,42
1626486,42
2550303,42
1373877,42
2736416,42
2382303,42
2495565,42
2134116,42
2765678,42
151465,42
1276552,42
2741185,42
2762499,42
2677560,42
2250590,42
2180072,42
1694743,42
1643143,42
1363706,42
1758637,42
43354,42
1331815,42
2086298,42
2662887,42
2416462,42
690310,42
2703814,42
2744680,42
1377767,42
2353404,42
2485319,42
2489281,42
2299270,42
945805,42
2613689,42
2760509,42
2467097,42
2477677,42
2708087,42
2458666,42
2422399,42
2722981,42
1570036,42
2300902,42
2487621,42
2171386,42
22,42
2722289,42
1380705,42
2528874,42
2388571,42
2636989,42
2697876,42
2705994,42
352821,42
2762678,42
2683966,42
1896603,42
2177507,42
358694,42
2709351,42
2692378,42
2197723,42
2266644,42
2750243,42
2764458,42
144566,42
2622351,42
1904875,42
1438822,42
2765239,42
2723121,42
1550322,42
2716262,42
2730089,42
2467782,42
2314607,42
1135413,42
2693753,42
2408681,42
2259077,42
1748507,42
2130429,42
1352133,42
1555511,42
2533775,42
2730245,42
1981146,42
2761327,42
2765394,42
2604722,42
1928510,42
1891751,42
1041204,42
392786,42
2169439,42
122580,42
2652452,42
2580106,42
236963,42
2722596,42
2686577,42
1527710,42
2758046,42
2567807,42
2725394,42
2758928,42
2746629,42
2370454,42
1433317,42
2395853,42
1297463,42
1194207,42
2713913,42
1308801,42
2647171,42
2751070,42
1294207,42
2377244,42
2703916,42
2765216,42
2730666,42
2741156,42
2729148,42
2653139,42
2541680,42
1185445,42
2670451,42
1511546,42
1009171,42
2725791,41
1343004,41
2671769,41
2600223,41
2087434,41
1329548,41
1824721,41
2470981,41
2746397,41
2751398,41
2349305,41
1952298,41
1921037,41
2765080,41
2530056,41
2756903,41
2759282,41
2060205,41
2744947,41
2642969,41
1284103,41
2426143,41
2501535,41
2675119,41
2731919,41
2684792,41
2717507,41
2632191,41
2759929,41
2751201,41
2746894,41
2380829,41
2552376,41
2541050,41
2426311,41
2145095,41
2699679,41
2517596,41
2541538,41
2623565,41
2350967,41
2104314,41
2289788,41
1723044,41
2609592,41
768929,41
2000669,41
1586590,41
2549737,41
2666964,41
2743165,41
2744169,41
1651973,41
2028794,41
2375710,41
2527813,41
2013090,41
1945289,41
534487,41
2466202,41
2612978,41
2712912,41
2558117,41
2697522,41
2745211,41
2644423,41
2761893,41
1381573,41
2744630,41
2369080,41
2587077,41
2757396,41
2349271,41
2764304,41
2547175,41
2754548,41
783666,41
994805,41
308455,41
1284415,41
2257711,41
2555929,41
2033053,41
2757184,41
2665501,41
2668355,41
2548665,41
1349183,41
1351520,41
2757071,41
2483834,41
1484428,41
2746250,41
107234,41
113384,41
2689966,41
2722408,41
2750820,41
615589,41
2318093,41
559962,41
1639530,41
2625437,41
1202989,41
1505597,41
2762119,41
1206518,41
2613710,41
1240756,41
2766159,41
2760562,41
2697688,41
2693491,41
2132539,41
2745258,41
2763890,41
1785638,41
184034,41
1454015,41
2759892,41
2751425,41
2249015,41
1077585,41
2120243,41
875581,41
2462854,41
2756671,41
2758259,41
2762571,41
2621017,41
2745641,40
2044081,40
328284,40
1982882,40
356366,40
2076440,40
1282186,40
1919926,40
2247535,40
2642894,40
2760929,40
2155473,40
2388627,40
2589964,40
2748163,40
1051698,40
2287911,40
293564,40
2760968,40
2635428,40
1523695,40
2465401,40
2201910,40
2674619,40
1812096,40
2459478,40
2749684,40
2722642,40
2290698,40
2459873,40
2752976,40
2686596,40
6244,40
2753466,40
1949966,40
2729665,40
22597,40
2744176,40
2763968,40
1686252,40
2405930,40
1944961,40
2585050,40
2117129,40
2508741,40
2015522,40
265938,40
19802,40
2419339,40
2735254,40
2624518,40
2710958,40
2696260,40
1820245,40
97691,40
2564652,40
1318504,40
1986244,40
1161475,40
1090040,40
2719880,40
1525569,40
1140894,40
2131753,40
2583619,40
2741897,40
1529225,40
812320,40
1980989,40
2347125,40
2730546,40
2260597,40
1265093,40
2527788,40
124626,40
2158497,40
2640695,40
2763861,40
2080103,40
543861,40
1555019,40
1848269,40
1506269,40
2043255,40
2698326,40
1945697,40
2522955,40
2371802,40
1040650,40
1277962,40
2617461,40
2722507,40
2740812,40
2707389,40
2762516,40
2743041,40
1467892,40
2441385,40
1249725,40
1316425,40
2535313,40
2736115,40
1360517,40
2761475,40
1457886,40
2140307,40
2749712,40
1238671,40
2738415,40
2442886,40
2703918,40
155308,40
2101849,40
2662219,40
2665373,40
1269434,40
1831036,40
2268473,40
1648191,40
2002224,40
2565761,40
1379842,40
1874813,40
2675305,40
1469577,40
2509701,40
2247665,40
11812,40
2090490,40
2231046,40
2765251,40
2681661,40
1733038,40
2665936,40
1044374,40
2739488,40
2674255,40
2661524,40
1500974,40
2698766,40
1683355,40
2762896,40
2543516,40
2497345,40
2352701,40
1646189,40
2421772,40
987238,40
1040693,40
2761946,40
1798021,40
2411146,40
2766355,40
1259278,40
2749079,40
2738514,40
2761452,40
2609722,40
1838736,40
1401717,40
1701424,40
333587,40
2455415,39
2244932,39
2745750,39
2727114,39
925704,39
2730651,39
2528731,39
2713096,39
2550883,39
2761133,39
1984376,39
2633796,39
2753254,39
2755513,39
97186,39
1719794,39
2762326,39
1360277,39
2640294,39
2568340,39
2762839,39
125712,39
1527788,39
2560978,39
1441469,39
2757045,39
1091487,39
1184241,39
2479992,39
2761329,39
2065682,39
2752096,39
2734609,39
2502961,39
2469119,39
1873138,39
2444643,39
2715689,39
2540402,39
2332149,39
2161329,39
2422189,39
1422012,39
1820935,39
2042980,39
1006302,39
2756422,39
2727513,39
2536167,39
192804,39
2762869,39
1445868,39
2329143,39
2687717,39
2725629,39
2762088,39
1273458,39
198530,39
1946176,39
2765348,39
2620958,39
2365717,39
2764977,39
2579493,39
2533797,39
2742714,39
2754009,39
2758832,39
2086925,39
1341666,39
2734681,39
2523878,39
2676211,39
2493929,39
2314714,39
2426731,39
2146715,39
1409803,39
2746215,39
306531,39
1565815,39
2611099,39
2646182,39
2647358,39
507319,39
2761233,39
1529400,39
1622827,39
2424913,39
2530338,39
1696501,39
2686161,39
2348809,39
2612215,39
1658812,39
2722978,39
360311,39
1892727,39
2680486,39
1897747,39
1382609,39
1970318,39
648388,39
2106787,39
2749307,39
1089987,39
1690099,39
2387929,39
2138507,39
2010550,39
2328744,39
1305949,39
1246144,39
2635588,39
1032397,39
2169847,39
2626502,39
2745502,39
2567357,39
2515075,39
1401062,39
137206,39
2708922,39
326977,39
2542306,39
2765209,39
1796684,39
2188143,39
1273211,39
2437203,39
280811,39
1140800,39
2120984,39
2654968,39
2502921,39
1003317,39
2070112,39
2704611,39
2508031,39
2710655,39
2031098,39
2267620,39
2720143,39
2765095,39
2616492,39
2462401,39
2620366,39
2400624,39
2349843,39
2097518,39
2760455,39
1809082,39
2764139,39
2745212,39
1136318,39
2540466,39
1440847,39
2081752,39
1634724,39
1166885,39
2760279,39
2758729,39
2475587,39
2717112,39
2755520,39
2693463,39
2225120,39
2645785,39
1642054,39
404064,39
2755475,39
2642200,39
1437065,39
2674807,39
2759974,39
2318465,39
441591,39
2737998,38
1802572,38
1078948,38
2762643,38
1323509,38
240840,38
2743229,38
2756264,38
2525004,38
686514,38
16557,38
2565928,38
980521,38
1792573,38
86698,38
2462477,38
2491397,38
2314751,38
2757112,38
2752801,38
2249695,38
2750067,38
360015,38
1374404,38
25848,38
2055392,38
302111,38
1158144,38
2639093,38
672051,38
2752209,38
2619074,38
42228,38
2457520,38
2682415,38
2565895,38
2723478,38
2369518,38
1540158,38
2757496,38
2504924,38
2759116,38
55644,38
2711868,38
2751749,38
2404328,38
2758559,38
2521333,38
2760829,38
2559586,38
2707280,38
2758655,38
2740262,38
2320059,38
2567144,38
2315383,38
2713934,38
1243581,38
2762445,38
934002,38
2679173,38
2559807,38
1405454,38
2625759,38
2727593,38
2690155,38
2752978,38
2669444,38
56789,38
1855761,38
2753290,38
2716676,38
2077050,38
126601,38
1235576,38
2457938,38
2728923,38
2762491,38
2171888,38
163165,38
2443345,38
1873761,38
2758973,38
2215067,38
2612380,38
2752926,38
2748111,38
2729551,38
1144810,38
2740856,38
2147029,38
2760326,38
2613370,38
504032,38
1907083,38
2746664,38
1746228,38
2588370,38
2761275,38
1229916,38
2467166,38
2612747,38
2663070,38
2301699,38
2591038,38
771845,38
2563712,38
95864,38
420176,38
1185441,38
2765086,38
1464345,38
2737938,38
2677715,38
2642240,38
335945,38
2580121,38
1292363,38
2757021,38
201190,38
1301288,38
2000932,38
2697662,38
2193446,38
94277,38
2445140,38
2666841,38
2756371,38
1311797,38
2708832,38
2754012,38
2422582,38
2093069,38
2699768,38
1590591,38
2753198,38
2388544,38
2298959,38
2514278,38
1371708,38
2304915,38
1045901,38
2699426,38
2195087,38
2672758,38
2754201,38
2666679,38
558984,38
2643668,38
2286193,38
2046277,38
2675636,38
2422841,38
2762873,38
2530288,38
2648001,38
2012049,38
388431,38
2405940,38
2757987,38
2530403,38
2760260,38
981268,38
2732266,38
2685667,38
519860,38
2750918,38
2190113,38
2221645,38
2753700,38
2436855,38
1309680,38
2283826,37
1089240,37
2272447,37
2295672,37
2734781,37
2716007,37
1429171,37
2292266,37
2573180,37
2666922,37
2296575,37
2692178,37
2486057,37
2164772,37
2695086,37
999073,37
2449133,37
1172153,37
1051156,37
2693809,37
133010,37
368206,37
27411,37
2296533,37
45181,37
2734706,37
1290433,37
2380133,37
1311967,37
2720569,37
366178,37
2289325,37
2570732,37
1672156,37
660882,37
537681,37
2737525,37
1790094,37
2678837,37
131240,37
2667075,37
134361,37
2445442,37
2424033,37
1485287,37
1942963,37
2692709,37
2598129,37
2747842,37
1805761,37
2721227,37
1208875,37
1998507,37
2638142,37
2295556,37
2687130,37
2201548,37
1960076,37
2738439,37
2545749,37
112931,37
2762970,37
1443406,37
2449147,37
2417599,37
2754509,37
74335,37
1473130,37
1508669,37
2759699,37
812378,37
2765631,37
1927088,37
2719091,37
2467457,37
2392505,37
2602753,37
2740149,37
2133537,37
256869,37
2319047,37
1131369,37
2715994,37
1949894,37
2607296,37
2340348,37
2481510,37
733630,37
2303927,37
2766096,37
2749335,37
426968,37
2619773,37
140555,37
2731780,37
2693376,37
2735218,37
2397991,37
2707380,37
2192807,37
2757506,37
2605575,37
2236701,37
1307466,37
1957764,37
2391881,37
2754296,37
2756790,37
541622,37
2758732,37
18077,37
2764289,37
2331934,37
1431530,37
2455329,37
1538657,37
541905,37
2690219,37
2126149,37
2753995,37
2483798,37
2693883,37
2377298,37
1903652,37
2353363,37
2140939,37
2756829,37
2762455,37
2755491,37
2655502,37
1949359,37
2757281,37
2520066,37
2639130,37
2603733,37
2756531,37
2647783,37
2746107,37
2706277,37
2551917,37
2530534,37
2593714,37
1755964,37
169604,37
2718176,37
1789815,37
2563243,37
2661635,37
2476571,37
2699837,37
2623350,37
1680391,37
813603,37
1422871,37
2609158,37
345685,37
2736581,37
2335994,37
1581052,37
2743629,37
2335273,37
2578473,37
2762243,37
2470667,37
2745369,37
2365362,37
2678738,37
2543513,37
2755681,37
2765343,36
1690721,36
623563,36
2701223,36
2350111,36
2578168,36
2742418,36
2536453,36
2436816,36
2160720,36
2159218,36
2202626,36
1300515,36
2703089,36
764659,36
2657002,36
860811,36
2560890,36
337996,36
1055765,36
2706364,36
2295508,36
2115883,36
2333957,36
1882322,36
1915947,36
2474092,36
1562678,36
2489375,36
2127949,36
2664599,36
1692682,36
2365798,36
47063,36
2161441,36
2118352,36
2454351,36
2060359,36
2199060,36
2761251,36
2442990,36
2710963,36
2403224,36
1356581,36
2108675,36
2603353,36
2511510,36
123908,36
2742712,36
2653316,36
2682617,36
2454262,36
1498966,36
2477567,36
2411362,36
2757649,36
1872131,36
857446,36
1293136,36
2698166,36
2194602,36
2175478,36
2750315,36
2120955,36
2764604,36
21908,36
998979,36
2706010,36
915714,36
1986305,36
261274,36
1696450,36
2765256,36
2601318,36
2755282,36
2014449,36
2760020,36
2266294,36
2049312,36
2765217,36
521049,36
2012858,36
1833171,36
1988537,36
1682371,36
1821753,36
2753204,36
2570581,36
2300907,36
2760904,36
1177384,36
2527388,36
1821899,36
214296,36
2580458,36
1251924,36
2644912,36
2642400,36
2691548,36
2531028,36
2742651,36
2722069,36
2329141,36
2612010,36
1948890,36
1548830,36
2728755,36
2761203,36
2673118,36
2488349,36
2669363,36
1760714,36
1862007,36
2446952,36
1400471,36
2723384,36
1488080,36
34373,36
1576818,36
2687462,36
1633941,36
2600562,36
2650200,36
2144192,36
1755071,36
2754531,36
2146834,36
2757949,36
1888023,36
2509261,36
2725706,36
2760531,36
1491395,36
2710090,36
983223,36
1896899,36
2761246,36
2071927,36
2766119,36
1864501,36
1459310,36
2341904,36
2679087,36
2765157,36
2530375,36
2492000,36
1969907,36
2589632,36
1495895,36
2572393,36
2261896,36
2650619,36
2737504,36
2760216,36
2743694,36
171970,36
1337895,36
2685677,36
1727510,36
2765232,36
2758155,36
2727147,36
1567616,36
2724739,36
2280219,36
2447450,36
1841700,36
2701479,36
2146862,36
2591954,36
2666986,36
2422860,36
2646912,36
2660742,36
2727182,36
2704770,36
2757189,36
2425526,36
523721,36
2255468,36
1900322,36
2731716,36
2621350,36
2394323,36
2128730,36
383192,36
2228409,36
2500085,36
41521,36
2684089,36
2702677,36
2447895,36
2620727,36
2732262,36
2726619,36
653838,36
2481422,36
2300965,36
2760620,36
2761105,36
2739936,36
2755557,36
2755610,36
2036816,36
2398473,35
17084,35
1043708,35
712408,35
2763924,35
2689133,35
2762169,35
2625886,35
802040,35
2752684,35
2757847,35
2611943,35
2433140,35
2091434,35
1295225,35
2377727,35
1849702,35
2755302,35
2753433,35
2242118,35
2754725,35
2301540,35
32250,35
2692201,35
2555201,35
2346411,35
1445047,35
1456879,35
2692606,35
142421,35
2762680,35
2756805,35
2270608,35
2421394,35
1385168,35
2681768,35
2732570,35
2751144,35
2691971,35
2633803,35
1512573,35
2147071,35
429768,35
2160260,35
2358187,35
1727572,35
2248273,35
1251096,35
2406128,35
2747028,35
1094296,35
509959,35
2625546,35
101249,35
2745487,35
128046,35
2756547,35
2759761,35
2439238,35
381063,35
2409350,35
2395247,35
1948027,35
1693692,35
2758912,35
2707196,35
2526859,35
2001494,35
1337429,35
1421009,35
1747646,35
2049887,35
2570452,35
1364091,35
2653222,35
2187983,35
2340018,35
2491204,35
22108,35
1542424,35
2582170,35
2038033,35
2183388,35
2622701,35
686909,35
2766156,35
333607,35
2468372,35
2719696,35
2727614,35
2533650,35
1976993,35
655836,35
2681753,35
2759575,35
2062977,35
918672,35
1468284,35
2621803,35
2729555,35
2549224,35
2709608,35
2765710,35
1652726,35
1871681,35
1960177,35
2619923,35
450187,35
2749106,35
1467389,35
518040,35
2736888,35
2726086,35
1424904,35
2646239,35
367245,35
2405917,35
2700901,35
498516,35
1492934,35
2752125,35
936316,35
854747,35
2500617,35
306367,35
1838598,35
1376347,35
2766341,35
1881976,35
2757657,35
127016,35
2168352,35
2545972,35
2754642,35
1575055,35
2744077,35
2638721,35
2763631,35
2761023,35
2701971,35
2523837,35
2200348,35
2733557,35
2763331,35
5057,35
2729808,35
2763613,35
2310796,35
2759086,35
756256,35
1228039,35
2754750,35
2755754,35
2476739,35
2761483,35
2757335,35
2743001,35
2706658,35
1953545,35
2759346,35
2703853,35
2741227,35
2669665,35
1160042,35
2099508,35
1582801,35
1978547,35
2124092,35
1368542,35
2451158,35
2363325,35
2036632,35
2754460,35
2205760,35
2707120,35
2232791,35
2645571,35
2740505,35
2175218,35
2389336,35
1244155,35
2744313,35
1050496,35
447305,35
1221944,35
2015049,35
2552957,35
2663487,35
471038,35
2413714,35
2753467,35
2727176,35
1673723,35
2743550,35
2761545,35
1559267,35
2657534,35
2445710,35
2747217,35
2748592,35
1860421,35
1074513,35
2045651,35
115828,34
472763,34
510266,34
38884,34
170371,34
2761183,34
2538262,34
2757655,34
2580098,34
2625836,34
1965504,34
2596641,34
1554935,34
2670122,34
2695180,34
2480170,34
485979,34
2584697,34
2760168,34
110464,34
1854599,34
2603797,34
2735590,34
2722340,34
2467354,34
2525056,34
2656749,34
1472210,34
182135,34
2135262,34
2189814,34
1383619,34
2620678,34
1953109,34
2694007,34
2764616,34
199761,34
356771,34
1939443,34
2584915,34
2764688,34
2348500,34
1080461,34
251729,34
2616782,34
1306510,34
2010937,34
494387,34
1510911,34
2095756,34
2613977,34
311523,34
2057999,34
2644538,34
2759002,34
2339374,34
2744481,34
2616840,34
1317288,34
2338318,34
789084,34
443306,34
1540301,34
2366018,34
2652699,34
2668563,34
13373,34
2760269,34
2493873,34
2755354,34
2394886,34
1995297,34
2552363,34
2760038,34
2755799,34
2683982,34
2359041,34
2658495,34
1963192,34
2588204,34
2120962,34
2740194,34
2715686,34
2390785,34
2418809,34
2763650,34
2753200,34
2706767,34
2757044,34
8339,34
1620958,34
1124566,34
2478301,34
1683398,34
2635593,34
378499,34
2759276,34
2750177,34
2587237,34
697585,34
1803335,34
2752068,34
2732885,34
2749137,34
2756811,34
1527248,34
2627991,34
1434658,34
554946,34
2629292,34
2211133,34
1777591,34
2671715,34
2757435,34
1648538,34
2653480,34
291443,34
2625775,34
1137681,34
2536061,34
708019,34
2733069,34
2702575,34
1025139,34
1025184,34
987210,34
2689148,34
1115701,34
2674346,34
2632847,34
2490572,34
2073546,34
2719501,34
1975741,34
1309128,34
2687133,34
231891,34
2732459,34
753053,34
1966464,34
1117381,34
2680944,34
2088443,34
2702510,34
2759265,34
2545820,34
2613368,34
2761752,34
1400144,34
1662398,34
2526397,34
50722,34
1041921,34
2359974,34
2443690,34
2762027,34
2726461,34
2473381,34
2315751,34
1868950,34
1775425,34
2760705,34
2656502,34
2733856,34
2579970,34
2679857,34
2495956,34
141392,34
445659,34
1830928,34
2223007,34
623811,34
2608012,34
357959,34
2603131,34
2749848,34
2400018,34
2763259,34
1073250,34
1075256,34
2612106,34
2610920,34
2413240,34
2305661,34
2748429,34
2761519,34
2713724,34
2761199,34
1086989,34
1639529,34
2617575,34
2760346,34
2712402,34
2695844,34
2515048,34
278770,34
2761408,34
2695007,34
2334469,34
1657659,34
221614,34
2739637,34
1903307,34
1668639,34
416030,34
2337222,34
2299258,34
1746264,34
2665810,34
1109582,34
2384322,34
1487604,34
380277,34
2487441,34
2763959,34
2262971,34
1193204,34
2752180,34
810340,34
2752849,34
1413150,34
2687653,34
2636888,33
569466,33
1398065,33
2676710,33
2073380,33
69259,33
2763512,33
2743549,33
655865,33
171354,33
1388552,33
1632920,33
2087718,33
2110763,33
2488271,33
42043,33
2763409,33
2680015,33
2025412,33
2734894,33
63698,33
2265840,33
1619591,33
2238010,33
2129123,33
2090465,33
1690559,33
2087314,33
2390279,33
1740946,33
367026,33
2666006,33
2090859,33
1150423,33
1474284,33
2642369,33
2462251,33
2715470,33
2197324,33
2467919,33
2717970,33
2178356,33
2255890,33
2213764,33
2766164,33
101754,33
1932645,33
2660350,33
1426902,33
2702920,33
2588538,33
2276766,33
2163230,33
2183792,33
2633923,33
723342,33
1160448,33
2502946,33
1416960,33
2686105,33
2747668,33
2317633,33
1729928,33
1517104,33
1919016,33
1549172,33
2741193,33
246403,33
597721,33
2701512,33
719135,33
2659225,33
2056986,33
2756275,33
1065263,33
2691923,33
2762707,33
1840942,33
1369566,33
2629216,33
2761962,33
2464512,33
2003192,33
442507,33
2533913,33
2760000,33
1896248,33
2203814,33
2748805,33
2624653,33
2632928,33
2302693,33
2126951,33
2171540,33
2306504,33
2373022,33
2526930,33
614262,33
1156521,33
2500045,33
1240724,33
1861796,33
2602729,33
1114313,33
125985,33
2228732,33
2633987,33
2043230,33
2032759,33
2601354,33
2482567,33
1627491,33
342799,33
981483,33
1567201,33
2504579,33
1126236,33
2171713,33
2672815,33
1343666,33
2751222,33
2763327,33
2722580,33
2459310,33
2749421,33
1832401,33
1431560,33
1347172,33
2691683,33
2649194,33
2628215,33
2390827,33
2100813,33
2000526,33
2752297,33
18226,33
2162967,33
2753167,33
451519,33
2727266,33
1424300,33
2622285,33
1058034,33
321609,33
2355526,33
2711088,33
2327746,33
1947090,33
2413876,33
2758786,33
2738119,33
2408435,33
1717958,33
2740920,33
19696,33
2734426,33
783189,33
2649912,33
2479319,33
2694422,33
2133429,33
85831,33
2167446,33
1967823,33
1888209,33
2745927,33
1588509,33
2764144,33
1800753,33
2761390,33
2740705,33
2722536,33
1898857,33
2688019,33
1766947,33
1009523,33
2751809,33
2624175,33
2556919,33
1368721,33
2667626,33
2642999,33
2717352,33
1254769,33
1160192,33
2422950,33
1195909,33
1715446,33
1489278,33
2699121,33
488645,33
1087807,33
819999,33
2356604,33
73529,33
1622228,33
2711036,33
286081,33
2751108,33
2633137,33
2761490,33
2732004,33
2366192,33
1267879,33
2638973,33
2610047,33
2019115,33
2721846,33
2469191,32
1803608,32
1462409,32
239306,32
816500,32
129549,32
1273436,32
2697770,32
1572438,32
2714773,32
2551211,32
93152,32
2235351,32
1916060,32
2026542,32
2286486,32
2761097,32
1204588,32
1947888,32
2749323,32
507874,32
2704102,32
2629132,32
1974704,32
2699541,32
2325784,32
2257626,32
2765810,32
2030012,32
2445044,32
2125450,32
2765427,32
25571,32
535064,32
2027009,32
887393,32
12876,32
2305508,32
1707441,32
1243502,32
2505655,32
1857758,32
1472600,32
1607217,32
805411,32
2320065,32
1307377,32
119663,32
1999588,32
2759691,32
2684029,32
1826000,32
2713885,32
1371636,32
2433803,32
1596786,32
2316207,32
174625,32
1254269,32
2187773,32
1287422,32
567925,32
2627600,32
2125955,32
2735507,32
2721090,32
2684557,32
1722845,32
1516873,32
2379292,32
2353855,32
2243217,32
2760542,32
1426262,32
2727094,32
2520421,32
2524888,32
1659516,32
2755968,32
1539998,32
72607,32
2755824,32
765872,32
136869,32
2636008,32
2484132,32
1770362,32
2708278,32
75441,32
2734704,32
2453328,32
2709309,32
2148484,32
2102585,32
2550208,32
2762464,32
2500149,32
2707811,32
472864,32
2310692,32
1419456,32
224732,32
1673574,32
545059,32
97021,32
2755851,32
2698279,32
2247044,32
2031577,32
1515564,32
2404934,32
7287,32
2387830,32
1004655,32
2297816,32
480796,32
2379280,32
1208383,32
2759224,32
2712958,32
1490097,32
1463327,32
2555799,32
2499695,32
349828,32
2760753,32
1033239,32
2255096,32
1609896,32
2498193,32
2751840,32
2598523,32
2732897,32
1681298,32
1346716,32
2735227,32
2208566,32
1977579,32
2695431,32
2057171,32
2620966,32
64141,32
1953789,32
2338234,32
2736029,32
2643527,32
1325830,32
121931,32
2764096,32
2314672,32
2623199,32
2180233,32
1354087,32
436477,32
1992875,32
2719366,32
2736119,32
2679919,32
2760062,32
1887507,32
2752574,32
2763240,32
522995,32
2710047,32
2359097,32
2145156,32
2629873,32
2760212,32
2211373,32
2747789,32
2731351,32
2727402,32
1420308,32
2694582,32
2543201,32
2635506,32
19075,32
2553720,32
2739073,32
1965879,32
2613908,32
2043505,32
2751465,32
2753915,32
2445336,32
1199424,32
2310533,32
2049876,32
1378643,32
2495223,32
2526787,32
1314512,32
1476622,32
1980987,32
1062492,32
2707593,32
2752017,32
34108,32
2546755,32
2517557,32
2270489,32
2132281,32
2666793,32
1580764,32
2633894,32
2757176,32
1909571,32
2763749,32
2631341,32
1474723,32
1022833,32
1529480,32
26089,32
2514521,32
2612957,32
1138901,32
1757828,32
1312223,32
2655167,32
2582539,32
1807755,32
2603922,32
1885337,32
2451507,32
2519752,32
1007333,31
2151240,31
1401696,31
249521,31
2763434,31
482681,31
2706736,31
2424273,31
198565,31
2585600,31
1234931,31
2531443,31
2041765,31
2091617,31
2753071,31
2758016,31
2761820,31
2204588,31
2551560,31
1513954,31
2222083,31
481798,31
155489,31
2668789,31
2757059,31
1136462,31
2748984,31
1271162,31
2763172,31
1570586,31
1937320,31
2686695,31
2723682,31
1264047,31
1425476,31
2764384,31
1623835,31
33555,31
2738667,31
2647823,31
1884462,31
537505,31
2674890,31
1860700,31
2756719,31
1277654,31
2246391,31
2544019,31
2742013,31
1945419,31
2623839,31
2750187,31
2640656,31
2732291,31
2759189,31
1739892,31
2631647,31
2300641,31
874078,31
2690574,31
1173484,31
2667225,31
2758096,31
1673353,31
1494366,31
2734562,31
2344523,31
2747050,31
2143078,31
2297927,31
2746802,31
2739157,31
2745291,31
2156227,31
2753875,31
2463552,31
1636506,31
432048,31
2611083,31
2294699,31
2418814,31
739151,31
1603723,31
2585024,31
747687,31
1605949,31
2462300,31
1574981,31
2439312,31
1564238,31
2754996,31
2077530,31
582139,31
420724,31
1517031,31
2762201,31
2670218,31
2749085,31
1821757,31
1284773,31
2763760,31
1308957,31
2295644,31
1570282,31
2498887,31
2650827,31
2134314,31
1112990,31
1883050,31
940142,31
1782702,31
2265331,31
2708479,31
718406,31
2759198,31
990439,31
2476485,31
2176560,31
2295041,31
1712047,31
2003183,31
2762697,31
2134878,31
2670339,31
533085,31
2463850,31
2750921,31
2504447,31
2740333,31
1798422,31
2327819,31
2431117,31
2754647,31
2417453,31
2614707,31
2024953,31
2630693,31
2485800,31
1683023,31
2723969,31
1959770,31
1952633,31
2761712,31
2761748,31
2230951,31
1398703,31
2744857,31
1810177,31
2376900,31
2448521,31
1171421,31
2738865,31
2701800,31
2734147,31
1123062,31
2762538,31
2623681,31
2725000,31
2756134,31
1429604,31
2611812,31
2637942,31
2636576,31
2197801,31
2759896,31
404694,31
1366668,31
1780519,31
2741471,31
2516047,31
335092,31
2766465,31
2763799,31
2694083,31
2484890,31
2574734,31
72286,31
2756349,31
1983609,31
2717769,31
45169,31
2190738,31
1561265,31
2348168,31
1614736,31
1777256,31
2444727,31
1318303,31
2752218,31
1732190,31
938068,31
2093389,31
1217510,31
80409,31
101405,31
2515234,31
2716658,31
2580419,31
2682807,31
2759803,31
166373,31
1211244,31
1312598,31
2401848,31
2302750,31
2683557,31
1959844,31
100097,31
2745409,31
1361142,31
297320,31
2763765,31
2753556,31
2232458,31
2481452,31
1210420,31
2578155,31
2753762,31
2709647,31
2669929,31
2581368,31
2736451,31
2688712,31
1225323,31
2693208,31
92781,31
1570728,31
2759162,31
2736411,31
2534560,31
1111738,31
13942,31
298238,31
1530435,31
2200634,31
2220739,31
2417457,31
2748319,31
2686743,31
2555248,31
2513126,31
2218374,31
1445062,31
2761398,31
2527810,31
2044628,31
2761412,31
2368698,31
2743126,31
73382,31
2693184,31
2439777,31
2087054,31
2641758,31
1060640,31
2759463,31
1411129,31
2307669,31
2696306,31
1023533,31
1873848,31
2490143,31
931210,31
2758398,31
2300120,31
2766347,30
611522,30
2364998,30
2747346,30
2629395,30
2454684,30
1996461,30
2001890,30
2732478,30
1469683,30
2689092,30
2608545,30
2603201,30
2573529,30
1190025,30
7804,30
2660700,30
2754938,30
2575833,30
2589458,30
2748918,30
2282997,30
2484861,30
2462765,30
1124699,30
2490912,30
2156804,30
2706301,30
2617818,30
1301818,30
1698793,30
2730095,30
2758932,30
1892573,30
2715390,30
1551762,30
103767,30
1142009,30
334282,30
2116158,30
2077119,30
2517996,30
2654240,30
1982303,30
1837531,30
1942338,30
2762592,30
2518017,30
2764351,30
2667013,30
596072,30
2714086,30
1883109,30
2704837,30
2602166,30
2522230,30
2484619,30
2744175,30
2384726,30
2520706,30
2714828,30
713385,30
2755835,30
1505235,30
2744685,30
1495433,30
2745974,30
2197879,30
2752943,30
1190779,30
2623808,30
389589,30
728486,30
1964938,30
2754214,30
1190211,30
2267402,30
2420498,30
1064605,30
2755265,30
2593130,30
2441881,30
2492822,30
2442626,30
1499798,30
1651285,30
1956938,30
2469533,30
2211444,30
2746857,30
2765207,30
2482779,30
1881210,30
2244434,30
1973161,30
1937857,30
2680514,30
2701069,30
2233198,30
2629910,30
1862601,30
2733707,30
2723597,30
411102,30
1780842,30
2208238,30
2744199,30
1615623,30
2400325,30
2724340,30
2155787,30
1002477,30
1768907,30
2754892,30
2427170,30
1418910,30
2181880,30
2666499,30
2760528,30
2386386,30
2156557,30
2359120,30
1310467,30
1033818,30
2361256,30
2755600,30
1555175,30
1381892,30
2737228,30
2759244,30
586672,30
1189291,30
518363,30
2297279,30
2685044,30
2512581,30
2707773,30
2766353,30
2762405,30
1863319,30
2584286,30
2387721,30
2308688,30
2517144,30
2698557,30
2760299,30
260218,30
2754295,30
935742,30
1520274,30
1269467,30
2734203,30
286238,30
2753401,30
2245830,30
2696572,30
2601293,30
897263,30
2289612,30
938513,30
454217,30
2261164,30
2756518,30
2745602,30
2760874,30
1000629,30
2508484,30
2110921,30
902665,30
992642,30
2714377,30
1569822,30
2761363,30
87970,30
2697611,30
2727562,30
2738928,30
2763777,30
1085233,30
83798,30
2602124,30
989341,30
2709014,30
810290,30
1236500,30
1290504,30
2691464,30
2559632,30
2664802,30
2618573,30
2622244,30
1983681,30
1024090,30
2706027,30
2612597,30
2765964,30
2670108,30
2701918,30
221220,30
2683684,30
2496072,30
2725856,30
970703,30
1828148,30
170793,30
583009,30
2762150,30
2744405,30
1575342,30
2641203,30
2626823,30
1734155,30
2682540,30
2744929,30
2758197,30
2702227,30
1235013,30
981838,30
2605241,30
2247122,30
1984486,30
2736540,30
2536452,30
2677013,30
2076284,30
2723326,30
1503873,30
2168875,30
2464244,30
1971278,30
1567999,30
2378078,30
1255567,30
2733016,30
2165255,30
2140968,30
338814,30
1198783,30
2760607,30
2103831,30
863455,30
1060748,30
1869537,30
1446464,30
1148467,30
2436591,30
2715225,30
2237143,30
10329,30
2471483,30
2248528,30
1067878,30
1379895,30
2751323,30
2144957,30
2698445,30
2761225,30
2760892,30
2727063,30
1289348,30
1861912,30
962776,30
2746408,30
1076213,30
2642350,30
756422,30
1058957,30
1143344,30
2648475,30
2681304,30
2028547,30
2364789,30
2500972,30
2753600,30
2722375,30
2675440,30
2760415,30
2710420,30
2539693,29
2439910,29
2690396,29
2747656,29
2454928,29
2058116,29
2750423,29
1876492,29
2628059,29
2338757,29
2766010,29
112719,29
2739131,29
2500925,29
2229359,29
2745051,29
2634234,29
2624877,29
2134615,29
2246669,29
2753053,29
2110105,29
2699374,29
50908,29
2135857,29
2763513,29
2473214,29
1999191,29
2762881,29
1596418,29
2761998,29
2320771,29
2170227,29
1756306,29
2749611,29
2713824,29
1551961,29
1541742,29
250708,29
2759051,29
2506518,29
2467771,29
433657,29
2020731,29
2627937,29
1824490,29
101461,29
1984326,29
2733975,29
1555470,29
1140863,29
2120316,29
2759231,29
1919873,29
2753156,29
2543821,29
1529847,29
989634,29
1759762,29
1097112,29
2710223,29
1978945,29
2722329,29
77904,29
2746965,29
1381164,29
1237015,29
1647134,29
2753152,29
2208278,29
2448466,29
2376074,29
1604283,29
2713068,29
1374948,29
2111165,29
1405906,29
1387203,29
2185626,29
2662428,29
2159983,29
2743364,29
2450054,29
2237677,29
1767015,29
2740161,29
2749793,29
2694967,29
1383564,29
2239474,29
1790942,29
2312721,29
2294927,29
2734187,29
731767,29
2616825,29
2731808,29
2139244,29
384160,29
1444514,29
2757272,29
110260,29
2321396,29
610021,29
589833,29
1481054,29
526232,29
1883282,29
1539030,29
2751403,29
5545,29
568727,29
2357653,29
2330529,29
2627022,29
2405346,29
1346354,29
2668240,29
2467350,29
2748948,29
2753361,29
1756044,29
1310765,29
2692321,29
2606630,29
2294096,29
2504996,29
2747145,29
2590382,29
2692411,29
2567087,29
2639044,29
2525645,29
2749204,29
332443,29
1027164,29
2760230,29
24209,29
2140962,29
1994852,29
2715655,29
268449,29
353332,29
2168363,29
1703980,29
1915965,29
2315374,29
2670912,29
1303897,29
402027,29
2713257,29
1992459,29
2740397,29
1348256,29
2735497,29
247083,29
1016997,29
1753229,29
2733820,29
1086041,29
2682322,29
142930,29
2763493,29
2683290,29
2381957,29
1352077,29
2660320,29
2323808,29
1942120,29
2715421,29
1741191,29
2363451,29
2499044,29
2510964,29
1509520,29
2599021,29
93230,29
1258661,29
2205956,29
141866,29
2390877,29
2296395,29
915279,29
2718927,29
1182091,29
1663271,29
2158952,29
867256,29
2743208,29
1412563,29
2383114,29
2325513,29
2616081,29
2652387,29
1761981,29
2001359,29
2516320,29
1880339,29
2725773,29
2492668,29
2372467,29
2130052,29
2762114,29
1405642,29
1569461,29
37826,29
2023703,29
1877170,29
2337456,29
2474394,29
2697813,29
2248681,29
2522169,29
2184806,29
1351054,29
2753140,29
2763590,29
2628994,29
2702486,29
1872861,29
63973,29
2657911,29
1706234,29
1426886,29
2383277,29
2019818,29
2539403,29
2137712,29
1185229,29
2749194,29
2741181,29
2408136,29
2180271,29
1295249,29
1155852,29
1328798,29
2220431,29
2633358,29
2503321,29
30420,29
746484,29
1653130,29
2347115,29
1861654,29
646085,29
2410172,29
2735459,29
2758502,29
1956758,29
908394,29
2450463,29
2125239,29
1633187,29
1526663,29
2666207,29
1945998,29
2099844,29
2644090,29
2643771,29
2761587,29
2677628,29
2584348,29
125437,29
2463483,29
2198384,29
1104324,29
2698194,29
2118793,29
43825,29
399443,29
2755428,29
1446967,29
2713098,29
2703231,29
2595373,29
2104871,29
2429108,29
2751264,29
113269,29
2670106,29
999582,29
1166543,29
2012914,29
1942437,29
2675416,29
2469215,29
1344952,29
2588658,29
1355142,29
1191736,29
2057153,29
2702499,29
2718311,29
2013654,29
350624,29
2765904,29
1249447,29
2257074,29
530596,29
2509120,29
2758814,29
2750831,29
1453294,29
2387354,29
2681516,29
2671078,29
2589795,29
2518434,29
2356070,29
2699783,29
335065,29
1715050,28
2748740,28
2721816,28
2566691,28
1046190,28
1471011,28
2038985,28
329349,28
2495517,28
1250256,28
2071202,28
2720216,28
827325,28
1530086,28
2748244,28
2760518,28
2479883,28
2500174,28
1204803,28
1728961,28
2474071,28
2629963,28
2221407,28
52328,28
2715570,28
199325,28
2495548,28
2142229,28
2232141,28
2467852,28
1412426,28
1330640,28
1870884,28
1880913,28
158294,28
2757367,28
2504549,28
2470980,28
2294578,28
2584502,28
2555463,28
1690001,28
2765778,28
2758670,28
2701259,28
2672043,28
1977279,28
2765714,28
2483776,28
2672979,28
1937859,28
2257792,28
2748705,28
1447033,28
1644356,28
1632007,28
2485111,28
2464985,28
1899873,28
2591298,28
2399597,28
2597578,28
2491029,28
1728204,28
2753819,28
2440293,28
709468,28
1553833,28
1682097,28
154167,28
2742659,28
2081880,28
1205662,28
1932613,28
2685238,28
1557378,28
2401222,28
1640848,28
2151299,28
2195401,28
2653658,28
2636543,28
2761312,28
2760218,28
2747211,28
2326179,28
2391184,28
656689,28
1455983,28
2023686,28
2011032,28
2721026,28
1560168,28
1983128,28
2254,28
1767896,28
927604,28
121,28
2601686,28
2759623,28
1790104,28
1832206,28
1143513,28
2647097,28
2659047,28
1971301,28
2620155,28
2736167,28
2002611,28
2188184,28
2731727,28
2543645,28
2699862,28
2311489,28
1488504,28
2744624,28
2755925,28
2645209,28
1074830,28
2476746,28
299029,28
678485,28
1337580,28
2000897,28
2493973,28
1107707,28
1377051,28
1699791,28
2757769,28
1454408,28
2648120,28
2357773,28
2245840,28
21910,28
1871035,28
501154,28
2475380,28
1829216,28
2762924,28
1521511,28
2759958,28
2690605,28
2755119,28
2126493,28
2753561,28
1327422,28
2636013,28
1468983,28
2099526,28
489106,28
1382483,28
2699097,28
2030937,28
1190158,28
1982307,28
1596082,28
1977159,28
2504398,28
2721695,28
2619342,28
2655570,28
1744568,28
2755469,28
63356,28
1530997,28
2134544,28
2555550,28
2203608,28
1080763,28
2542238,28
2350988,28
2542784,28
1551146,28
2757711,28
2733643,28
27100,28
2178632,28
2761102,28
2681141,28
632399,28
2057785,28
2661643,28
2153926,28
2759512,28
2470599,28
1297043,28
1892440,28
2046250,28
2688156,28
2012087,28
595215,28
2421873,28
1546156,28
2637264,28
338805,28
2690041,28
428285,28
2641160,28
2762825,28
2654144,28
414235,28
2319834,28
2522077,28
1544489,28
966009,28
1592036,28
1522313,28
1207111,28
1714951,28
2026868,28
1217501,28
1779463,28
2219196,28
2550685,28
19517,28
2429870,28
874972,28
2752460,28
2510007,28
75209,28
2754962,28
2523052,28
2068432,28
2600820,28
2760358,28
1192359,28
44811,28
2730403,28
2746274,28
1922252,28
2670037,28
1660705,28
2740873,28
1159421,28
2094367,28
2039089,28
2422895,28
2070932,28
2702942,28
2743850,28
2020017,28
661693,28
2761167,28
1728489,28
2704069,28
2748129,28
2760088,28
1673311,28
2564409,28
2652262,28
2620310,28
2753569,28
494508,28
2541230,28
793120,28
2746305,28
1796329,28
1295258,28
2493795,28
2188552,28
2693622,28
2748523,28
1885879,28
2633406,28
2339971,28
2753664,28
2254403,28
161429,28
2706303,28
2757191,28
2733944,28
2203637,28
1580406,28
1304665,28
1768808,28
2687807,28
1153358,28
2711837,28
2458808,27
2759319,27
1938866,27
2753145,27
1426382,27
2756014,27
2757875,27
1067539,27
2734336,27
2533850,27
2332913,27
2608814,27
1152969,27
452367,27
2429349,27
2760069,27
1836694,27
2373507,27
1136718,27
1408525,27
1180194,27
1493776,27
2579560,27
2745792,27
2213386,27
2273622,27
827496,27
2082203,27
1826049,27
2741273,27
2533243,27
2620973,27
2579346,27
2585559,27
2299585,27
1859692,27
1999459,27
2595631,27
60095,27
2708895,27
2152738,27
272304,27
2474326,27
2472457,27
2757526,27
2592823,27
2663211,27
2610520,27
1926285,27
2178574,27
2705476,27
2448896,27
1363199,27
2366987,27
2737024,27
2295395,27
2749073,27
1829152,27
2195441,27
2760281,27
2752424,27
134461,27
2749855,27
2723270,27
2677501,27
542673,27
2753637,27
2618380,27
2527193,27
2750036,27
2582809,27
2610735,27
2677332,27
2349899,27
2018167,27
1655483,27
2648875,27
1388507,27
2732189,27
2751944,27
2355846,27
2071254,27
1393597,27
2232352,27
2094961,27
1244584,27
2044573,27
1393168,27
2759907,27
2614814,27
1885468,27
480044,27
720046,27
2215698,27
2187948,27
2599984,27
1841627,27
1021154,27
411622,27
2463976,27
2262382,27
1120907,27
1247539,27
2760153,27
2757205,27
801399,27
1336819,27
1697362,27
2751454,27
19597,27
2481012,27
1805905,27
2757798,27
2724068,27
2758070,27
1988908,27
2463544,27
2728731,27
1916175,27
1604462,27
1899025,27
2533832,27
2732064,27
2766080,27
2722001,27
8653,27
1700380,27
2746095,27
1404987,27
2760958,27
1197979,27
2041938,27
2224414,27
2696373,27
481917,27
2625213,27
1032006,27
2755261,27
2649629,27
2471017,27
1854228,27
2644365,27
1697261,27
1912533,27
235730,27
1630126,27
2763562,27
1928023,27
2754270,27
805914,27
27016,27
1315220,27
2701970,27
2708499,27
2067419,27
646523,27
1984409,27
2759660,27
2157315,27
1865346,27
2474947,27
1217781,27
2681182,27
1009326,27
285757,27
2756899,27
720342,27
677489,27
1227749,27
2267348,27
2357884,27
2758009,27
2752345,27
2759091,27
929239,27
1875194,27
2753779,27
2275863,27
2464912,27
2110263,27
2760589,27
2756040,27
2742516,27
24724,27
1889632,27
2762959,27
1778148,27
2743861,27
2614875,27
2129225,27
341846,27
2388587,27
2690635,27
2733536,27
2757333,27
1965199,27
2760338,27
397769,27
1537245,27
245965,27
471781,27
2627732,27
1380707,27
2464169,27
2759701,27
1098792,27
2457065,27
2721687,27
1920758,27
1933703,27
1187802,27
1043629,27
1363179,27
2581197,27
2748077,27
28862,27
2169436,27
2741234,27
1075524,27
2755479,27
286821,27
1738204,27
2710812,27
1487672,27
2741787,27
1486991,27
702976,27
449113,27
34571,27
2507539,27
1615853,27
1045121,27
2753999,27
41233,27
55137,27
2702112,27
2431654,27
2528474,27
2184498,27
2535070,27
1323374,27
1517938,27
1512672,27
2712920,27
2614120,27
983142,27
2499455,27
2683564,27
2474002,27
402062,27
2760964,27
2211629,27
1175256,27
7328,27
2762711,27
2555690,27
2527038,27
94172,27
1512146,27
2600912,27
1934525,27
2631732,27
1767584,27
2606089,27
1815986,27
401619,27
98441,27
1119765,27
2483253,27
2479846,27
2749551,27
1411846,27
2729827,27
1796741,27
256915,27
2760160,27
2578855,27
880017,27
2141081,27
2247117,27
2153640,27
2713076,27
2099739,27
2753831,27
1495331,27
1495266,27
2693673,27
2705350,27
1354428,27
2004152,27
57459,27
1417578,27
1211801,27
1568584,27
2720788,27
1969501,27
1097526,27
2637492,27
2741175,27
2758847,27
2755693,27
1069442,27
2133625,27
2038311,27
1510501,27
2338281,27
704816,27
2626044,27
1725017,27
117231,27
1662504,27
669051,27
2697318,27
2754488,27
2301890,27
392446,27
2744717,27
25993,27
2694571,27
2765899,27
2362747,27
2751688,27
1482919,27
601686,27
1995520,27
2577721,27
2762780,27
1616442,27
1394729,27
1756052,27
2745710,27
1078823,27
2413985,27
2648158,27
1565457,27
1963353,27
1656798,26
2185585,26
1083660,26
652076,26
1044771,26
2603469,26
1903461,26
2481627,26
2755334,26
1762583,26
2750185,26
2751673,26
1997999,26
1075687,26
1637662,26
2067372,26
2414724,26
2375849,26
1273634,26
2716795,26
1376845,26
2559830,26
2626575,26
2653410,26
2472327,26
2476193,26
2573263,26
1191575,26
2591369,26
1291951,26
2157702,26
2235244,26
2573713,26
2762323,26
2755184,26
2339784,26
2604285,26
2572081,26
1707179,26
2725790,26
127680,26
1010281,26
2523063,26
2152487,26
2732475,26
2512822,26
2280402,26
2649595,26
2497780,26
211735,26
1082342,26
2761454,26
2152930,26
2409577,26
2499372,26
1354073,26
2471283,26
20342,26
2513941,26
1620673,26
2112679,26
2466403,26
2731863,26
1439903,26
2552318,26
1301858,26
503779,26
1138533,26
2728282,26
1127473,26
2701042,26
1698557,26
1491506,26
2753413,26
45601,26
1086822,26
1638466,26
2717196,26
2298187,26
398292,26
1246753,26
1279391,26
377111,26
2441853,26
2670491,26
1055873,26
2608267,26
1227179,26
1789286,26
2395207,26
2616130,26
2758231,26
19827,26
2750274,26
2151202,26
1177000,26
1448475,26
391380,26
1909392,26
2708551,26
2737461,26
968099,26
2757588,26
1963111,26
2741435,26
2761155,26
2329819,26
1412807,26
127928,26
970059,26
97207,26
2616526,26
2619926,26
2411370,26
494167,26
1776634,26
1945718,26
2341712,26
1560416,26
2421823,26
2760438,26
1622263,26
2666071,26
1677057,26
2727688,26
2017427,26
708393,26
2176196,26
316975,26
979141,26
1887564,26
1208482,26
1058772,26
828380,26
1732543,26
479025,26
2650528,26
2586279,26
2664762,26
1610720,26
2281836,26
2745253,26
2585636,26
2121704,26
2714663,26
2146959,26
2188832,26
166909,26
2745899,26
2752964,26
2449165,26
1100853,26
1213875,26
1912928,26
2744178,26
2702098,26
2707696,26
2759418,26
2532426,26
2718146,26
2614757,26
2631992,26
1836139,26
2208094,26
1793241,26
337137,26
2699116,26
79396,26
484190,26
2743936,26
1998473,26
2016546,26
2624758,26
2682207,26
13134,26
2733438,26
2480995,26
2349624,26
767027,26
2601390,26
1383300,26
2141595,26
1540383,26
338899,26
2679450,26
11195,26
1410973,26
1634536,26
2430535,26
2526203,26
501096,26
2758963,26
2284016,26
2581669,26
2745985,26
1391383,26
2744015,26
2648642,26
2079625,26
2244903,26
808091,26
2459651,26
1883610,26
2300498,26
2388555,26
1211043,26
1310642,26
2557450,26
2719524,26
2149171,26
2390198,26
2759145,26
1762090,26
2360058,26
2305907,26
2175631,26
2408181,26
2448620,26
2658771,26
2260336,26
2635687,26
2598065,26
29332,26
2477024,26
1152493,26
1528857,26
2090643,26
2413861,26
2126781,26
2663860,26
2744164,26
1373674,26
1882890,26
2671727,26
29109,26
1179155,26
2089508,26
2753521,26
598388,26
564643,26
1170416,26
2234943,26
2764544,26
1588718,26
83098,26
2257850,26
123732,26
159916,26
2341200,26
2736087,26
2308324,26
2292091,26
2649603,26
1291556,26
2699577,26
2751344,26
1225890,26
922050,26
1128623,26
2396924,26
2674431,26
274930,26
2494495,26
2349227,26
1787732,26
2157565,26
2761005,26
143475,26
245073,26
801005,26
2759209,26
2066353,26
1531609,26
2750299,26
1233024,26
2060614,26
2475279,26
2744983,26
1790024,26
2711706,26
2756251,26
2428912,26
2751956,26
2762665,26
2757476,26
2723166,26
2754381,26
1000940,26
2762376,26
2439443,26
1471608,26
2594771,26
1983428,26
784712,26
1610463,26
1896419,26
2043248,26
2728553,26
2059340,26
2181761,26
2739502,26
2557724,26
2618061,26
1387114,26
1137667,26
1723816,26
1953506,26
2408631,26
2622801,26
2644859,26
933040,26
2518975,26
2704876,26
2757145,26
2756305,26
2104040,26
1731647,26
1119125,26
2749750,26
2358169,26
1767064,26
2670630,26
2759878,26
2750261,26
2447412,26
2738349,26
2493436,26
1971021,26
1441176,26
2754407,26
2340035,26
513122,26
1599354,26
1682350,26
2758707,26
1233837,26
2362991,26
288402,26
2668186,26
674238,26
1562616,26
819164,26
2545067,26
2757980,26
2566123,26
1472080,26
2447047,26
2706473,26
2765028,26
2694607,26
1145422,26
57822,26
1154896,26
2555461,26
1871996,26
2740708,25
1983525,25
1784469,25
2762861,25
2071257,25
1793524,25
2110009,25
2461802,25
2739135,25
1034550,25
2741173,25
994596,25
2313744,25
2564388,25
2414494,25
2697011,25
919689,25
2334388,25
2561625,25
1698409,25
2735160,25
2076322,25
2634671,25
1395656,25
2144052,25
1601168,25
2472216,25
23784,25
1568905,25
2745495,25
1962000,25
1991781,25
2335645,25
2744642,25
2554306,25
2407028,25
2417216,25
2764318,25
1470332,25
1598431,25
2660184,25
2712838,25
1847517,25
2251621,25
2718482,25
2719494,25
2370068,25
1442564,25
2235606,25
2528315,25
2729891,25
2527226,25
1601328,25
2563098,25
2756132,25
1976088,25
2764143,25
187992,25
838667,25
1970610,25
2759628,25
2751759,25
2759934,25
1508280,25
2453732,25
2636852,25
1591669,25
150226,25
2759087,25
2587519,25
2756178,25
1118361,25
1878196,25
2752357,25
1048266,25
2241007,25
2650540,25
448838,25
2705464,25
460176,25
1850237,25
1610231,25
2555307,25
2655336,25
1031014,25
2600833,25
983521,25
2038085,25
2760181,25
2753427,25
1517265,25
2681811,25
2667938,25
133160,25
1145311,25
2643176,25
2510742,25
2233925,25
1788463,25
1274169,25
1065689,25
412357,25
2749842,25
914408,25
1857398,25
1087475,25
1580004,25
2665128,25
2144150,25
1425256,25
560905,25
408032,25
2735166,25
1967563,25
2545573,25
2697551,25
1612889,25
2133078,25
1273595,25
2026842,25
2764946,25
45728,25
2325018,25
2527939,25
1723233,25
2538754,25
832445,25
1409691,25
2043618,25
2760967,25
2310359,25
1240413,25
2445483,25
2076640,25
1018441,25
2445267,25
2133303,25
2740235,25
2154362,25
1935409,25
2482197,25
2295454,25
2182986,25
1706178,25
2755227,25
1906374,25
19130,25
1955280,25
1821772,25
2631092,25
887778,25
1814493,25
2565112,25
2600094,25
2705968,25
2358413,25
2181936,25
2456729,25
1531094,25
2759730,25
237707,25
1795368,25
2739145,25
1474942,25
1719901,25
1937425,25
541806,25
2373830,25
1974498,25
558248,25
2650142,25
1751559,25
2366081,25
1546654,25
2718558,25
156328,25
2237956,25
2546202,25
2714222,25
2634080,25
342953,25
2263845,25
2716862,25
732180,25
1555249,25
2668547,25
2105524,25
1328959,25
2280671,25
361175,25
2620916,25
2641501,25
2200761,25
2592559,25
2690655,25
1375152,25
1284348,25
2766163,25
1670263,25
1980493,25
988886,25
2736036,25
2544182,25
2762366,25
2757376,25
2762183,25
2532865,25
2492871,25
2700228,25
2704327,25
1421386,25
1851518,25
2740056,25
2537327,25
2659096,25
2707742,25
2694828,25
2713201,25
2734232,25
2301374,25
104712,25
1843627,25
2730163,25
1334361,25
2112365,25
2520605,25
2513470,25
2408280,25
2434449,25
2468877,25
805890,25
2373814,25
2193151,25
2233213,25
2247244,25
2738586,25
1457086,25
533655,25
2385870,25
2482870,25
1295354,25
2757826,25
2720696,25
2495935,25
2760016,25
2735486,25
1789053,25
2582777,25
2638767,25
56939,25
2763474,25
2765593,25
1608204,25
1051221,25
544022,25
2108761,25
2603055,25
2607654,25
1227393,25
2556538,25
2752835,25
2403403,25
2470456,25
2582517,25
2695127,25
2753453,25
1875135,25
2751963,25
2753732,25
433522,25
2628133,25
2439153,25
2275714,25
21283,25
972316,25
2759537,25
2747538,25
1107335,25
1920318,25
2456995,25
2278679,25
1993377,25
1733399,25
1228102,25
1809196,25
290695,25
2176041,25
2523497,25
2384660,25
2620839,25
1221682,25
2728638,25
22033,25
2182041,25
2335166,25
449290,25
1762632,25
2742771,25
250712,25
131699,25
2756679,25
2467252,25
508019,25
2460893,25
2713683,25
236130,25
2761305,25
1704045,25
1574299,25
2395329,25
2545404,25
219374,25
2751914,25
2218413,25
2056142,25
2757108,25
513252,25
2560398,25
1679226,25
2761464,25
2256402,25
2593987,25
1996786,25
2676561,25
2722045,25
963956,25
750209,25
2727192,25
1721660,25
1165245,25
2534648,25
1764228,25
2537428,25
1431472,25
1081394,25
1066549,25
2673022,25
2632845,25
2471368,25
1618320,25
1341876,25
1118881,25
2648248,25
2712693,25
2149223,25
2504868,25
1591827,25
794101,25
1545543,25
2548590,25
1219782,25
2418378,25
18295,25
365369,25
1712761,25
2338791,25
157700,25
2471999,25
7555,25
2463940,25
2442756,25
1444264,25
1362621,25
2150205,25
2760630,25
1823555,25
1077147,25
2746048,25
1087944,25
1648846,25
2745007,25
2537727,25
888185,25
9967,25
1883237,25
2633885,25
1637788,25
2685403,25
2766464,25
2583131,25
2759490,25
1847766,25
1384422,25
2607626,25
1768868,25
2585264,25
1944723,25
1966241,25
1892819,25
2532995,25
1076469,25
1450006,25
2499924,25
2234102,25
886146,25
1410685,25
1655936,25
2662963,25
2755521,25
2256871,25
2697529,25
2550879,25
1589771,25
1235394,25
1983243,25
2470312,25
2561525,25
449759,25
2438940,25
2754222,25
1117267,25
2759103,25
259323,25
937639,25
2666960,24
1693356,24
2754116,24
2758895,24
2717422,24
2735036,24
200521,24
1670526,24
2761215,24
1150294,24
2492710,24
2755864,24
2574779,24
2759114,24
2617737,24
1181541,24
1789316,24
2401687,24
1828388,24
1875852,24
1748770,24
2191254,24
2757850,24
2567220,24
2322614,24
2561380,24
2759015,24
2541860,24
1153256,24
1310461,24
2597365,24
1973739,24
1826113,24
2570393,24
2721583,24
2194349,24
2423938,24
2103699,24
1408404,24
2701219,24
513111,24
377141,24
381060,24
2669796,24
2168076,24
995921,24
576510,24
2755175,24
380265,24
2117824,24
2366496,24
2337247,24
1900679,24
962003,24
2450669,24
539079,24
2615384,24
1222947,24
2713049,24
2139980,24
627184,24
2546797,24
2512057,24
2634452,24
2680198,24
1254870,24
2485469,24
324325,24
2358578,24
2505789,24
1548753,24
2403355,24
1385022,24
1482735,24
2659585,24
1435529,24
2495637,24
1919118,24
2363632,24
1719548,24
2697359,24
2739289,24
2623628,24
1344930,24
1878801,24
2743519,24
2697486,24
1871279,24
2747344,24
2753406,24
15640,24
2748097,24
2659185,24
2635470,24
2653394,24
2759031,24
2488576,24
2514763,24
2756555,24
2756776,24
400751,24
1820974,24
1713033,24
1987060,24
2596251,24
2756491,24
2319662,24
951729,24
2309257,24
2575072,24
2340117,24
1195603,24
2252403,24
2582854,24
2125222,24
2663938,24
2722356,24
2261620,24
1217791,24
2759604,24
1538412,24
684673,24
2414243,24
1840561,24
2754094,24
2740200,24
2472753,24
1300201,24
1257075,24
2759343,24
2547276,24
2461607,24
2008775,24
12663,24
377674,24
2761271,24
2475879,24
1944545,24
1922666,24
2754161,24
2686364,24
2365376,24
1934839,24
1278222,24
2495486,24
2664221,24
2752175,24
1268447,24
1855472,24
2377482,24
2639024,24
1397035,24
1922258,24
2545601,24
2235900,24
2016971,24
2718726,24
2486624,24
2751685,24
1789573,24
1033299,24
2716554,24
2051214,24
1617665,24
2576824,24
2331283,24
2678861,24
1514162,24
2018589,24
826436,24
2293366,24
1561588,24
2744068,24
2753301,24
2765177,24
293991,24
1335110,24
2017718,24
1594621,24
1928942,24
1642185,24
2001120,24
2519737,24
2734799,24
