tagId,tagName,viewCount
113935,nsfw,2772
16,character,1730
1237,base model,1174
3673,style,922
113937,lora,905
172,photorealistic,831
4,anime,815
243,porn,672
5140,furry,585
195,concept,548
190,sexy,487
5248,realistic,353
5218,hentai,323
5231,male,322
305,gay,317
1910,vtuber,256
5146,sex,218
304,nude,210
110389,comfyui,199
110663,workflow,187
5133,woman,166
1994,vagina,163
313,bara,158
5193,clothing,157
1754,asian,143
3305,milf,142
308,penis,123
2270,poses,121
882,bdsm,118
111830,tool,111
279,futanari,109
2485,manhwa,109
2484,webtoon,103
5212,girls,101
618,realism,100
5153,blue archive,100
46,3d,98
5183,blowjob,93
3485,femboy,86
5211,game character,81
511,bondage,75
5139,anthro,75
4097,umamusume,75
5186,cartoon,74
2815,fire emblem,70
5223,japanese,69
3822,yaoi,65
5800,corruption,61
5195,cum,61
3151,yu-gi-oh!,59
5243,pokemon,59
10,league of legends,57
5269,video game,56
5207,fantasy,56
343936,qwen,56
2561,vore,54
1660,pov,53
413,manga,50
36,disney,50
5148,breasts,49
1935,naked,49
2405,hololive,49
2908,azur lane,48
3258,cumshot,48
701,action,46
122637,vspo!,46
2013,nudity,45
2479,nijisanji,45
5399,background,45
6466,resident evil,43
5275,women,42
488494,wan 2.2,41
6543,muscle,41
5232,man,40
166955,wan,40
5219,huge breasts,39
38,pixel art,39
611591,ltx-2.3,38
215384,pony xl,36
117323,western,36
1599,facial,36
5499,dragon,36
140855,uncensored,35
5616,pose,35
5145,illustration,35
2028,yiff,35
5173,artstyle,35
115420,mature,34
3340,hatsune miku,34
192,female,34
488506,wan2.2,34
7386,zenless zone zero,34
242,hardcore,34
117220,masturbation,34
244,tentacles,33
2186,arknights,33
78478,anus,33
2844,nudes,33
118510,boys,33
4314,transformation,33
203,one piece,33
121061,ntr,33
117331,checkpoint,32
137426,adetailer,32
543827,chaos zero nightmare,32
3922,art style,31
185,bimbo,31
3631,shadowverse,30
3184,femdom,30
122390,pony,30
2461,deepthroat,30
9418,text,30
1937,missionary,30
115526,video,29
117849,anima,29
109352,国漫,29
1723,fat,29
334,cosplay,28
1600,bukkake,28
3811,jujutsu kaisen,28
120109,possession,28
1899,genshin impact,27
51,horror,27
2338,my hero academia,27
2468,nipples,27
82,lineart,27
131847,styles,27
179734,endfield,27
5241,photography,27
231,oral,27
584840,ltx-2,27
1797,boobs,26
566154,z-image,26
5306,virtual youtuber,26
4764,giantess,26
5196,cute,26
3596,doggystyle,26
414,architecture,26
5933,mature female,26
123253,eroge,26
1465,butt,26
121956,netorare,26
2086,anal,25
6706,amputee,25
16068,game,25
615,my little pony,25
315,daddy,25
1810,fetish,24
39442,blacked,24
3516,kantai collection,24
118813,upscaler,24
6628,tattoo,24
2367,dragon ball,24
3000,feral,24
3616,futa,24
164412,transexual,23
5270,visual novel,23
5215,granblue fantasy,23
1718,lingerie,23
76,sonic,23
217731,image to video,23
153497,illustrious,22
148300,traps,22
1809,tits,22
4267,anime character,22
4837,video game character,22
114184,vae,21
1422,muscular,21
5242,photorealism,21
4036,mind control,21
142836,crayon shin-chan,21
5170,artist,21
6215,precure,21
2128,bleach,21
121115,brawl stars,21
143638,sdxl,21
5329,big breasts,21
2055,model,21
5568,vibrator,20
5203,embedding,20
5668,monster,20
2325,size difference,20
5325,princess connect,20
6601,amateur,20
115374,videogame,20
1761,img2img,20
5208,fate,20
2084,fellatio,20
116641,detective conan,20
111064,gangbang,20
27175,mato seihei no slave,19
6594,robot,19
346,alien,19
6459,taimanin,19
111506,monster girl,19
2092,paizuri,19
1167,muscular female,19
488,western art,19
5255,semi-realistic,19
135482,the idolm@ster cinderella girls,18
1841,cowgirl,18
2318,naruto,18
5510,gigantic breasts,18
4315,sex toy,18
78430,comic,18
611935,ltx2.3,18
127046,manhua,18
2195,kawaii,18
1724,chubby,17
130329,artist style,17
2232,bbw,17
2730,dildo,17
4999,pantyhose,17
2103,latex,16
4275,bbc,16
2073,oil painting,16
3085,inpaint,16
1915,doujin,16
5311,feet,16
341947,chroma,16
3056,gundam,16
66,person,16
5165,ahegao,16
143302,monster girl quest,15
3848,transgender,15
5498,mushoku tensei,15
2113,bodysuit,15
5872,helluva boss,15
3395,trans,15
3617,otoko no ko,15
188691,wuthering waves,15
131409,the idolm@ster,15
2477,sex from behind,15
123332,insertion,15
140062,parasite,15
2083,irrumatio,15
116784,fortnite,15
119549,doujinshi,15
111335,handjob,15
5276,world of warcraft,15
152607,bluey,14
266,anatomical,14
2309,scenery,14
3008,touhou,14
110463,wildcard,14
111082,tenchi muyo,14
289701,i2v,14
2027,scalie,14
148823,slider,14
110416,upscale,14
163109,humiliation,14
162028,speech bubble,14
5220,hyper,14
129691,kunaboto,14
117496,breast,14
2607,muscular male,14
118519,sexual acts,14
258787,flux.1,13
550513,ltx2,13
150151,strap-on,13
3118,photo,13
2365,dragon quest,13
114207,donghua,13
120188,fisting,13
5237,overwatch,13
2425,young,13
126325,semireal,13
499,cyberpunk,13
37323,gymnast,13
3195,digimon,13
3386,minus8,13
134294,undressing,13
2688,clothes,13
505240,qwen-image-edit,13
4037,hypnosis,13
5191,chibi,13
2182,bound,13
932,vulva,12
3507,swimsuit,12
2637,huge ass,12
263267,gguf,12
119933,flat,12
118049,fingering,12
566311,zit,12
81,drawing,12
924,negative embedding,12
2526,waifu,12
3297,sailor moon,12
739,consistent character,12
111061,group sex,12
1455,dreamworks,12
1995,homoerotic,12
5784,large breasts,12
117113,18+,12
2392,bikini,12
2358,generator,12
250730,ltx,12
1442,eyes,12
276885,medalist,12
6646,harpy,12
258626,flux,12
833,fashion,12
5418,nikke,12
156350,sd 1.5,12
166931,tsf,12
2062,dc,12
111023,queen's blade,12
115612,dolphin wave,12
3817,magical girl,12
5257,sketch,11
301,final fantasy,11
5224,korean,11
3919,hanfu,11
104,midjourney,11
5192,cinematic,11
169012,ctf,11
4849,condom,11
5636,gymnastics,11
127048,workflows,11
2063,dc comics,11
241690,klein,11
133586,friday night funkin,11
127548,motion,11
129667,taker pov,11
195688,semi-real,11
966,aesthetic,11
16597,crossdressing,11
4087,see-through,11
118165,detailer,11
3676,supergirl,11
113695,badger,11
2070,thicc,11
3608,kancolle,11
208,meme,11
2439,cameltoe,11
5209,fate grand order,11
176,star wars,10
2397,comics,10
504640,qwen image edit,10
132239,qos,10
2264,sword art online,10
116474,real,10
6423,honkai star rail,10
5005,date a live,10
142952,3dcg,10
611593,ltx 2.3,10
110760,tokusatsu,10
118860,duel monster,10
128,rick and morty,10
496,peeing,10
7157,shoes,10
2958,threesome,10
1003,zootopia,10
3269,oc,10
133116,text encoder,10
114782,chubby men,10
129265,diablo,10
119687,penetration,10
211435,ponyxl,10
6796,small penis,10
3584,gilf,10
124907,miraculous ladybug,10
117835,leagueoflegends,10
482,mecha,10
5484,face,10
2947,kemono,10
111876,insect,10
6187,fullmetal alchemist,10
211,retro,10
5873,hazbin hotel,10
117391,sissy,9
5188,celebrity,9
1997,lesbian,9
1170,buildings,9
4283,one punch man,9
3910,yugioh,9
310,inpainting,9
158395,audio,9
2441,warcraft,9
179062,face swap,9
166396,bemani,9
829,android,9
6694,capcom,9
6995,amphibia,9
364195,wan2.1,9
12,landscapes,9
171151,frieren: beyond journey's end,9
109892,sex machine,9
5567,taur,9
6040,danganronpa,9
6250,idolmaster,9
119041,female pov,9
133585,fnf,9
259085,flux1.d,9
258,pregnant,9
2,comic book,9
122798,restrained,9
196862,legs behind head,9
2601,kingdom hearts,9
129037,onahole,9
7338,openpose,9
5286,butthole,9
2867,rias gremory,9
921,fnaf,9
119860,oshi no ko,9
123442,gravity falls,9
789,body horror,9
165356,yukine chris,9
235272,lolidom,9
5481,spread pussy,9
203004,rough sex,9
111006,yuri,8
262936,flux lora,8
118162,detection,8
8363,landscape,8
116067,mating press,8
119694,sunny day,8
117387,asian woman,8
2020,niji,8
110868,orgasm,8
144890,panty & stocking with garterbelt,8
135346,square enix,8
143597,spongebob squarepants,8
5194,controlnet,8
159676,facefuck,8
111768,animal,8
3928,instagram,8
16577,magia record,8
5184,bulge,8
216936,fate/strange fake,8
110252,characters,8
6206,doaxvv,8
2068,transparent,8
5696,boku no hero academia,8
7138,kof,8
2435,costume,8
137254,log horizon,8
6934,mobile suit gundam,8
3183,dominatrix,8
3246,x-ray,8
148280,gigantic,8
6591,classroom of the elite,8
114598,soles,8
1602,semen,8
336855,passing love,8
4172,nobody,8
135286,video generation,8
5940,demon,8
131337,roblox,8
2456,skinny,8
164670,zzz,8
5583,spanking,8
2923,elden ring,8
116772,breast expansion,8
111550,slave,8
1676,monochrome,8
521863,detariki z,8
1620,princess,8
118966,goth,8
6818,dead or alive,8
3618,trap,8
19597,monster hunter,8
226212,futadom,8
186847,land before time,8
111438,creature,7
110714,disgaea,7
3047,gag,7
228127,coxville,7
136908,pegging,7
149101,jay naylor,7
1282,gore,7
126200,defeat,7
110412,goddess of victory: nikke,7
119035,mature men,7
3296,everlasting summer,7
3199,fairy tail,7
116773,growth,7
114498,2.5d,7
325814,eden's ritter grenze,7
131702,chinadress,7
4381,big tits,7
2130,transformers,7
5180,big ass,7
2605,character design,7
4093,beastars,7
3229,code geass,7
115533,sexy attire,7
212099,keijo!!!!!!!!,7
122166,sinisistar,7
145197,partially visible vulva,7
165685,paw patrol,7
595260,chou kaguya-hime!,7
121196,body paint,7
169350,leg lock,7
5213,girls_frontline,7
566219,z image turbo,7
111934,yoga,7
930,cunnilingus,7
118804,pornhwa,7
338,marvel,7
207331,lunar silver star story,7
114337,r18,7
368,prompt,7
142934,browndust,7
113736,fat man,7
6787,flaccid,7
7,dcau,7
159361,villainess,7
111062,orgy,7
280797,let this grieving soul retire,7
110446,queen of spades,7
450013,grace ashcroft,7
2954,blood,7
1318,thick,7
466624,hard core toons,7
389,fox,7
6718,avatar the last airbender,7
44,sprites,7
3335,girls frontline,7
111509,heaven burns red,7
117068,expansion,7
122366,ben 10,7
152568,hyper muscle,7
462563,chenkin,7
116291,puffy nipples,7
110810,the owl house,7
122687,villain,7
125290,inflation,7
7280,mass effect,7
135758,squirting,7
96,superhero,7
123029,kuroinu,7
4855,horse,7
6610,high heels,7
2421,kemono friends,7
4102,helltaker,7
4851,lycoris recoil,7
494398,qwen-image,7
297616,horizon walker,7
36093,cartoon network,6
3349,flashing,6
3035,demon slayer,6
125533,hug,6
114406,tentacle,6
123515,foreskin,6
118582,chifuyu orimura,6
124362,immobile,6
3331,pokémon,6
112067,lion,6
8682,green,6
122276,atelier sophie,6
146527,hentai characters,6
6083,stomach bulge,6
175873,sph,6
115567,neon genesis evangelion,6
117336,ayanami rei,6
126124,suspended congress,6
199572,loop,6
7802,hair,6
422,ugly,6
114685,sagging breasts,6
232708,femsub,6
111705,hero,6
5315,goblin slayer,6
139292,jkt48,6
118370,abnormal,6
116155,flat chest,6
119040,female masturbation,6
141844,reference sheet,6
7143,girls und panzer,6
4662,tensura,6
159604,smell,6
122081,love live!,6
119189,american dad,6
3650,leotard,6
110759,ultraman,6
173628,rumi,6
164121,toilet use,6
6919,tsunade,6
249231,hentai manga,6
1727,gothic,6
2088,game of thrones,6
130746,symphogear,6
115042,cleft of venus,6
235247,fp8,6
144466,totally spies,6
113933,socks,6
117874,vspo,6
5774,shiny skin,6
141248,stationary restraints,6
126873,golden boy,6
392836,dreamisoa,6
176833,slay the spire,6
114923,male focus,6
3462,busty,6
79448,dance,6
114369,mother,6
3244,outfit,6
230277,alice gear aegis,6
109543,kiss,6
140371,dullahan,6
254093,mr.pickles,6
110275,aether gazer,6
3537,berserk,6
5724,abdl,6
180092,kaguya-sama: love is war,6
182511,atelier resleriana,6
120845,korra,6
3444,succubus,6
122472,details,6
364251,wan video,6
50,movie,6
5199,detailed,6
115724,old man,6
115,vector,6
5233,men,6
120095,elsword,6
566155,z-image turbo,6
223310,flim13,6
145243,the amazing world of gumball,6
323,anatomy,6
6651,galgame,6
142740,cuckold,6
190368,ape escape,6
1913,shemale,6
115121,obese,6
114680,expression,6
131101,atelier,6
55,city,6
150642,sd1.5,6
115569,valkyria chronicles,6
322,art,6
3464,seven deadly sins,6
219798,spritesheet,6
3086,expressions,6
127,animation,6
591631,nvfp4,6
132057,face fuck,5
4197,animate inanimate,5
199586,witch hunter trainer,5
134561,fate go,5
587974,ltxv-2,5
110462,wildcards,5
120161,nipple penetration,5
2703,centaur,5
3624,horns,5
411,cyborg,5
451232,30ms,5
278951,clip-l,5
5163,adult,5
1692,nurse,5
202808,breeding mount,5
124493,voyeur,5
5787,jewelry,5
2275,senran kagura,5
209424,duolingo,5
161887,chest hair,5
155534,asuka langley soryu,5
3177,line art,5
170630,regional,5
2056,ebony,5
122389,straddling,5
111758,vehicle,5
127768,eternal return,5
613964,恋姫†無双,5
1441,portrait,5
445415,dispatch,5
194964,edit,5
122601,huge lips,5
113032,piercing,5
275153,innie pussy,5
464667,nffa,5
111682,detail,5
1777,digital painting,5
6626,cum on face,5
318738,kyonyuu fantasy burst,5
405913,gymnasts,5
194358,chained soldier,5
209297,the battle cats,5
125245,twerk,5
124064,boruto,5
116266,huge penis,5
5964,footjob,5
123034,dnf,5
118555,my dress-up darling,5
390045,otome * domain,5
110833,inazuma eleven,5
97,vintage,5
118641,semi realistic,5
115460,lips,5
139130,yu-no,5
114467,loli,5
125136,backgrounds,5
249688,pirates of dark water,5
1807,tongue,5
6924,revealing clothes,5
122034,tmnt,5
2996,konosuba,5
131740,red panda,5
115115,vtuber character,5
114759,rough,5
788,weird,5
2428,playboy,5
216113,knd,5
2423,rwby,5
5331,meme attire,5
508,blonde,5
110124,zero no tsukaima,5
132698,2.8d,5
4766,flat colors,5
505,kiriko,5
136773,multiple heads,5
7107,evangelion,5
583918,svi pro 2.0,5
112846,wrestling,5
208157,palworld,5
2381,design,5
428,sakura,5
595261,cosmic princess kaguya!,5
1950,shibari,5
123713,the fairly oddparents,5
1965,porno,5
115155,smooth,5
156190,genitals,5
347516,female prisoner,5
5732,cross-section,5
111336,artificial vagina,5
167599,milly ashford,5
6911,breast grab,5
16599,otokonoko,5
27177,kamen rider,5
592243,cyber team in akihabara,5
114372,flat color,5
116489,jigokuraku,5
135107,super sentai,5
130858,tickling,5
113906,eye,5
3777,punishing: gray raven,5
114555,onlyfans,5
254,hyperbreasts,5
111386,foot,5
34,animals,5
3069,persona 4,5
124301,mistress,5
110065,voiceloid,5
2121,persona,5
6505,snake,5
116755,bug,5
270558,marvel rivals,5
248967,baka and test,5
115564,love hina,5
118043,princess connect re:dive,5
5347,lightning,5
169014,cock transformation,5
164636,snot,5
111991,sexual activity,5
172168,sousou no frieren,5
131462,spongebob,5
149514,bitch,5
167295,stellar blade,5
113737,ugly man,5
139226,manwha,5
5109,sitting,5
116013,muvluv,5
122823,ladybug,5
7006,cookie run,5
3890,re:zero,5
204475,+tic nee-san,5
136642,machikado mazoku,5
163230,multiboob,5
111752,skin,5
1435,pixar,5
200045,clothing lora,4
4787,genshin,4
3557,falcom,4
176274,bimbofication,4
365730,wan 2.1,4
608800,ルッコラ,4
6472,pixelart,4
6590,saki,4
125794,hell's paradise,4
117462,senki zesshou symphogear,4
300336,haminations,4
184965,ova,4
1726,cgi,4
233740,dev,4
245896,swarmui,4
1933,tifa,4
1655,creepy,4
450420,resident evil requiem,4
143304,xl,4
148050,sacrificial princess and the king of beasts,4
114455,world trigger,4
122982,deep penetration,4
110793,love live,4
116551,headscissor,4
426743,ace-step,4
312,muscles,4
2433,licking penis,4
186076,hentai anime,4
289822,t2v,4
321199,anothereidos r,4
585381,shiboyugi: playing death games to put food on the table,4
3985,figure,4
132760,ralph bakshi,4
110731,chinese clothes,4
2335,danny phantom,4
6290,sora,4
1725,hyperrealism,4
136958,dilf,4
285641,dandy's world,4
225691,background scenery,4
211390,breast implants,4
3481,beauty,4
125422,minimalism,4
5771,game cg,4
178809,ashley graves,4
117325,dynasty warriors,4
5204,erotic pose,4
142907,body writing,4
122906,groping,4
2074,kai'sa,4
132549,bob's burgers,4
143741,xxx,4
442914,knuckle duster,4
206454,ubel,4
111021,pubic hair,4
150433,until dawn,4
570494,人物：红棕短发年轻女性   长相：脸型小巧端正，眉骨分明，唇色粉润，肤色调偏暖小麦色   身材：身高适中，四肢修长，腰线纤细，胸部体积感强且形态优美   发型：红棕渐变染发，极短波波头剪裁，刘海轻扫额头显利落   装扮：性感私密氛围卧室场景下的成人情趣穿搭   服装：黑色蕾丝透视捆绑式抹胸上衣 + 黑色蕾丝边缘三角内裤   裤子/裙子：无外搭下装，仅以内裤+丝袜构成完整下半身视觉焦点   鞋子：不穿传统鞋履，仅使用黑色过膝袜筒束缚装置作为足部配件   丝袜：全身统一黑色半透明渔网质地肉色丝袜，脚踝加厚压圈加固,4
119724,throatpie,4
276401,browndust2,4
115955,gloryhole,4
144614,talking,4
111636,artists,4
124891,female ejaculation,4
116942,semirealistic,4
247907,loimu,4
2108,amber,4
118622,show by rock,4
183464,stickman,4
6474,lamia,4
307265,anal play,4
5725,nami,4
121804,doraemon,4
2366,chrono trigger,4
2631,curvy,4
279964,illustriousxl,4
117618,titfuck,4
266852,wild knights gulkeeva,4
132763,hellboy,4
115645,tomboy,4
7339,anime girl,4
335,animal ears,4
224417,playstation 2,4
123489,yugioh gx,4
1961,piss,4
208557,ai influencer,4
1783,street fighter,4
222564,anothereidos,4
129471,age,4
923,high quality,4
105,fallout,4
257377,age gap,4
135665,adult swim,4
118604,cornelia li britannia,4
136116,movie still,4
122678,hairjob,4
119431,ranger,4
5264,tekken,4
2758,pixel,4
133068,desi,4
115521,small breasts,4
126649,style lora,4
158,insects,4
403,ninja,4
2280,tokyo afterschool summoners,4
7327,corset,4
134445,equestria girls,4
187493,img2vid,4
1011,3d render,4
1050,spy x family,4
518036,muv-luv girls garden,4
162659,interspecies,4
605193,キミとアイドルプリキュア♪,4
120681,skinsuit,4
6481,interior design,4
111730,youtube,4
209130,nai3,4
311,bodybuilder,4
132433,giant,4
1204,medieval,4
209817,outerplane,4
1755,kpop,4
116360,kirby,4
262598,leona morimoto,4
1949,selfie,4
138108,primarch,4
255099,netorase,4
117582,after sex,4
3332,camp buddy,4
2543,chainsaw man,4
279083,tsue to tsurugi no wistoria,4
114983,deviantart,4
245159,shinkalion: change the world,4
129627,saggy breasts,4
111070,fate/grand order,4
242821,h-game,4
2941,hands,4
5174,ass,4
122352,guro,4
185693,facial expressions,4
6877,ada wong,4
140333,power ranger,4
401371,母猪,4
1009,highly detailed,4
167740,muscle man,4
144551,w.i.t.c.h,4
130,dragon ball z,4
5728,dwarfism,4
122265,cooperative fellatio,4
6898,toon,4
117053,tgirl,4
288716,pornhwa character,4
163875,cheating (relationship),4
132,dark,4
161870,object insertion,4
2438,yoga pants,4
161401,faceswap,4
140569,monster sex,4
5198,deltarune,4
118420,muv-luv,4
149011,gender swap,4
565625,flux2,4
137008,anal sex,4
540868,千歳くんはラムネ瓶のなか,4
119840,nagatoro,4
6173,elysia,4
111020,hairy,4
259633,ennead,4
111073,mlp,4
279403,anal masturbation,4
231833,nsfw#,4
6976,maid,4
6733,mermaid,4
123833,official,4
335195,males only,4
174,studio ghibli,4
2122,shin megami tensei,4
190856,zentreya,4
119335,hairy pussy,4
138452,lagoon lounge,4
35,objects,4
110,d&d,4
5181,bird,4
122477,library of ruina,4
118088,to love ru,4
2732,one-punch man,4
293297,yvonne,4
117280,ingrid,4
6974,orc,4
6280,creampie,4
155377,obsession,4
213478,mei lee,4
125185,fate/stay night,4
137741,indian women,4
131392,dark-skinned female,4
118424,she-hulk,4
224328,the ghost and molly mcgee,4
336047,arknights: endfield,4
120568,isekai ojisan,4
2220,vocaloid,4
139793,concepts,3
123452,futurama,3
614422,人物：戴眼镜短发女性   长相：五官精致，鼻梁挺拔，唇色偏红   身材：高挑匀称，胸围饱满，腰臀曲线明显   发型：齐耳黑色短发，发丝柔顺贴额   装扮：性感办公室风格，半解衬衫+内衣外露   服装：白色敞开式正装衬衫，领口微卷，下摆自然垂落   裤子/裙子：无下装，仅靠黑色蕾丝吊袜带与丁字裤固定   鞋子：黑色漆皮尖头高跟鞋，红色鞋底   丝袜：黑色透明薄丝袜，大腿处配黑色蕾丝吊袜带,3
110800,depth map,3
264228,human pup,3
141420,ウマ娘,3
114466,petite,3
126571,macromastia,3
6740,dynamic pose,3
186,hdr,3
112366,hourglass,3
5222,isometric,3
567185,exceptional soap land,3
120226,saliva,3
169998,poppy playtime,3
2434,licking,3
123417,sonic the hedgehog,3
4995,yuzusoft,3
115558,infinite stratos,3
297974,space battleship yamato,3
2747,super mario,3
158486,dandonfuga,3
3294,alice,3
257414,komari chika,3
2231,silent hill,3
125884,chunli,3
159636,female orgasm,3
140764,labia,3
2634,thick thighs,3
1285,texture,3
112371,cow,3
217298,unicorn overlord,3
5252,rpg,3
123063,nipple,3
132277,hunk,3
6631,shexyo,3
114789,enhancer,3
1912,dickgirl,3
214983,交错战线,3
118627,head-mounted display,3
264855,red dragon inn,3
243255,mother of ultra,3
115264,queen's gate,3
448,science fiction,3
588957,flux 2 klein,3
121608,jessica rabbit,3
3456,sylveon,3
420827,mira tsubakihara,3
145778,photographic,3
114723,clothes pull,3
1830,industrial,3
242534,doujin character,3
149614,world flipper,3
6941,hypno,3
1945,gape,3
150577,milking machine,3
240080,underworld goddess of the closed world,3
256,belly,3
164920,shiny pokemon,3
4110,jojo's bizarre adventure,3
969,babes,3
114973,the eminence in shadow,3
2361,map,3
3611,noel vermillion,3
2554,japan,3
2664,sylvanas windrunner,3
4261,adventure time,3
264302,スター☆トゥインクルプリキュア,3
135678,livestream,3
588099,ninagawa,3
120619,thundercats,3
595942,panamera karla kaien,3
118002,hot,3
225710,smiling friends,3
1960,pee,3
448607,友達のママとハメまくる僕,3
241643,ninjago,3
130898,crossdresser,3
267751,hagure idol,3
598344,プリキュア,3
5395,lego,3
116140,black hanekawa,3
286271,french kissing,3
168283,lilitales,3
133749,photoralistic,3
1832,reactor,3
116847,princess peach,3
110955,final fantasy ix,3
1917,blender,3
539,cinema,3
116797,corrupted,3
156213,body type,3
146033,change,3
124892,milking,3
128030,manga character,3
265119,fp4,3
431966,swap face,3
139914,semirealism,3
29,witcher,3
239,surrealism,3
614391,人物：黑发短发女性   长相：五官精致立体，眉眼清秀，鼻梁挺拔，唇形饱满   身材：曲线玲珑，胸部丰满突出，腰肢纤细，腿部修长匀称   发型：黑色齐耳短发，发丝柔顺自然垂落   装扮：日式束缚主题摄影造型   服装：黑色多层束带抹胸上衣，红色缎面大腿遮挡布带   裤子/裙子：无裤裙设计，仅以红色缎带替代下半身遮盖   鞋子：无鞋履，脚踝与脚背被红色绳索缠绕固定   丝袜：未穿丝袜，腿部肌肤直接暴露,3
2418,the legend of zelda,3
5714,last origin,3
205,watercolor,3
115359,illustrations,3
2570,my dress up darling,3
5293,underwear,3
114350,upskirt,3
128064,young giri,3
138887,spyro,3
116294,erect penis,3
2817,overlord,3
3503,abyssorangemix2,3
122886,cuck,3
543444,tojima wants to be a kamen rider,3
189204,before and after,3
168890,the world god only knows,3
1281,faceless,3
6533,soul eater,3
189118,horse pussy,3
63,zombies,3
4772,homo,3
131875,koihime_musou,3
119679,honkai: star rail,3
324930,belly rider,3
1238,full body,3
179963,amateur photography,3
1271,lighting,3
147072,bombergirl,3
2636,plump,3
116068,legwear,3
122035,teenage mutant ninja turtles,3
614241,kamishiro nagisa,3
227749,expressiveh,3
130868,transformer,3
127172,life is strange,3
354,melkor mancin,3
169620,voltron: legendary defender,3
137,balloon,3
258889,jane doe,3
114927,anime style,3
5998,beach,3
539368,nffa style,3
168611,tf,3
174401,muscular woman,3
148556,gender transformation,3
136818,looney tunes,3
4773,uncut,3
359845,tsukino jyogi,3
136023,dungeons and dragons,3
123379,worship,3
128880,age slider,3
373813,ichi the witch,3
166940,low vram,3
245564,slap,3
241271,care bears,3
3843,mirko,3
5893,ghost,3
6205,mummification,3
162182,cum on clothes,3
292856,simple workflow,3
118104,rimjob,3
112786,kissing,3
131551,uchiha sarada,3
165321,marco diaz,3
116528,rozen maiden,3
5225,lactation,3
124184,humiliated,3
124055,before after,3
187591,monster musume no iru nichijō,3
3200,lucy heartfilia,3
540483,ceoofbooty,3
878,ghibli,3
112948,mouse,3
603051,tsukareta-inu,3
233652,30 minutes sisters,3
114914,super robot wars,3
154159,fishnet bodysuit,3
122478,project moon,3
608904,hardcore toons,3
151492,konosuba: an explosion on this wonderful world!,3
3374,slingshot swimsuit,3
123545,deep throat,3
1623,asset,3
380735,web of shadows,3
494119,スマイルプリキュア！,3
601783,asian face shape,3
113815,webcomic,3
3821,sports,3
184844,koihime†musou,3
119755,armpit,3
2334,fairly oddparents,3
566361,zimage,3
2549,simple,3
144672,voicevox,3
115683,ariel,3
1681,minecraft,3
187651,特效,3
219132,ren & stimpy,3
346088,nyl,3
139080,parasite eve,3
78445,image,3
6015,fairy,3
347181,feet pussy,3
578346,qwen image edit 2511,3
333595,snugglepuff,3
264132,creature inside,3
147695,aku no onna kanbu,3
7317,lying,3
257100,old and young,3
3072,persona 5,3
125534,huge,3
3268,large penis,3
566308,z image,3
118308,interior,3
137842,embarrassed,3
474964,milky☆subway,3
113237,grain,3
117633,facesitting,3
126196,world morph,3
346130,stable yogi workflow,3
148282,hyper breasts,3
2575,bodystocking,3
124006,the legend of korra,3
197471,onward,3
131263,vacuum fellatio,3
110989,assets,3
3084,mask,3
610449,hell mode: yarikomi suki no gamer wa hai settei no isekai de musou suru,3
177904,pvz,3
1930,dress,3
5963,foot fetish,3
5973,bra,3
5997,dark skin,3
115914,anilingus,3
121565,tiana,3
172387,the apothecary diaries,3
2539,dog,3
110567,harem outfit,3
3191,final fantasy xiv,3
597239,rossina wulfperl luppino,3
109792,amalia,3
112166,panther,3
2898,indian,3
123424,nude art,3
278159,image2video,3
5245,portraits,3
560597,cosmic princess kaguya,3
523799,pokopia,3
110990,vrchat,3
109834,chel,3
137067,kung fu panda,3
145,film,3
109282,leggings,3
111359,influencer,3
238927,koda,3
216083,consistent_character,3
118865,brainwash,3
123924,pretty cure,3
354706,eden's ritter,3
5226,large insertion,3
120892,nai,3
6055,machine sex,3
1127,lewd,3
153299,fandora,3
116940,furry female,3
158084,photorealisic,3
6207,doa,3
2024,jasonafex,3
5136,sphinx,3
4777,epic seven,3
172007,cum zone,3
530,panties,3
167396,kochikame,3
114893,icon,3
6294,original character,3
110296,scene,3
127822,bikini armor,3
5159,90s,3
163340,age difference,3
471028,the fragrant flower blooms with dignity,3
272248,artist styles,3
4831,imminent penetration,3
225788,housekeeper,3
1737,twink,3
5511,venus body,3
122955,yoruichi shihouin,3
181819,combatant,3
599547,conical tits,3
144582,magna carta,3
6572,cumdrip,3
244081,hunyuan,3
118056,bofuri,3
158436,mitachurl,3
261039,cuddle sex,3
120036,safetensors,3
151042,defeated,3
113278,teacher,3
141037,tiger & bunny,3
5322,pussy juice,3
125436,character style,3
41,portaits,3
258251,tomo-chan wa onnanoko!,3
128753,ayumu kasuga,3
123319,e-girl,3
8,batman,3
173761,realistic model,3
2818,warhammer,3
119036,mature male,3
1658,shortstack,3
212721,futa on futa,3
1679,black,3
272,general purpose,3
175072,citron oc,3
117888,pawg,3
151243,refiner,3
118835,temari,3
4273,emotions,3
557099,outfit transfer,3
141460,fanny packing,3
253318,sml,3
1904,experimental,3
250638,zhu yuan,3
4156,milk,3
121961,body modification,3
6870,teeth,3
5846,japanese girl,3
143901,r-18,3
114806,taimanin asagi,3
118734,french kiss,3
512201,qwen-image lora,3
315769,魔法少女リリカルなのはstrikers,3
184002,fast,3
283679,misora haebaru,3
135453,pornographic,3
1286,concept art,3
2200,witch,3
186155,fake tits,3
134197,hanna-barbera,3
7660,painting,3
114623,steven universe,3
4342,pov blowjob,3
109797,no testicles,3
210739,only4u,3
506280,星街すいせい,3
4244,tattoos,3
1086,na'vi,3
111624,kim possible,3
6225,saber,2
363814,raniya,2
134340,path of exile,2
269235,brown dust 2,2
219313,true tears,2
327285,麻宮 アテナ,2
3926,guilty gear,2
140524,multiple arms,2
538432,"chichi wa eiyuu, haha wa seirei, musume no watashi wa tenseisha",2
5925,pale skin,2
126245,terraria,2
140624,yuki miku,2
130681,bonifasko,2
222192,equine pussy,2
136872,snowbreak,2
327730,biting own lip,2
190365,outpaint,2
304501,katekyo hitman reborn!,2
524721,hero became obsessed villain,2
378789,mahjong fight girl,2
118038,tribal,2
119285,emily,2
125009,live a hero,2
206854,perlica,2
120411,bodytype,2
504892,魔法少女セレスフォニア,2
121754,he-man,2
160589,urethra,2
140979,miyuki,2
321,nature,2
145475,perfect half,2
194,baldur’s gate,2
208663,marianne vi britannia,2
5343,wet,2
181574,tomo aizawa,2
128381,honey lemon,2
251,thighs,2
115119,ssbbw,2
6561,fursuit,2
146152,squirting from pussy,2
104468,the ring,2
297868,destroyed city,2
169864,shamrock,2
132465,fortified suit,2
250348,ai artist,2
113731,yordle,2
162150,ankle boots,2
39441,interracial,2
126159,breast sucking,2
337,analog,2
292338,story telling,2
119029,manga style,2
3434,boruto: naruto next generations,2
436534,natsuyasumi,2
419076,my hero academia vigilantes,2
4739,koikatsu,2
145001,debbie turnbull,2
3446,mascot,2
113294,fern,2
145456,princess carry,2
4179,lofi,2
119524,cheating,2
236787,inanimate,2
288650,sd3.5,2
155654,male character,2
190382,eiken,2
2320,hinata,2
139864,sweaty,2
153779,sdxl style lora,2
185771,striptease,2
620,undead,2
291977,amusphere,2
237502,disability,2
161660,tom and jerry,2
518078,rina: elementalists of manahold,2
5158,2d,2
245170,oolong,2
122394,nsfw clothes,2
130052,shaved,2
123955,stealth sex,2
610290,mosike-2,2
183219,mature women,2
115537,vr,2
303711,starward,2
2034,xenomorph,2
228268,female masturabtion,2
131190,basemodel,2
120356,big nipples,2
111960,skirt,2
189959,hasumi hanekawa,2
164038,urethral insertion,2
612225,drinking cum from condom,2
126682,areolae,2
424303,image edit,2
3900,redhead,2
5396,shishiro botan,2
1134,bear,2
126301,glory hole,2
119123,photo realism,2
241031,karnatia seri anabald,2
152165,コードギアス 反逆のルルーシュ,2
120710,magical girl lyrical nanoha,2
337085,hunyuan3d,2
183431,mazinger,2
605657,alfre-tori,2
1969,creepy pasta,2
5562,metal slug,2
129885,atago,2
6183,sukumizu,2
1746,effect,2
3556,kiseki,2
490179,u-jin,2
606851,名探偵プリキュア!,2
221863,not for the faint at heart,2
393860,blondmen,2
6246,sumi sakurasawa,2
519455,wan 2.2 14b long video,2
225050,pornmaster,2
119191,filter,2
283169,milftoon,2
124789,asamiya athena,2
565070,throatswabbing,2
359399,girls' frontline 2: exilium,2
163993,mahou shoujo ni akogarete,2
522195,sound2video,2
261012,cum vomit,2
5842,huge nipples,2
4187,boa hancock,2
338552,glands of montgomery,2
120833,stray pubic hair,2
189468,potg,2
4291,dragon ball super,2
390505,scrag,2
141810,サクラノ詩,2
541335,dialyn,2
1977,ussr,2
113296,knot,2
268302,whisper me a love song,2
139269,chinese anime,2
270,colorful,2
130022,jirou,2
78457,slime girl,2
192668,detective school q,2
604458,orin  (baldur's gate 3),2
123490,yu-gi-oh! gx,2
167483,prostitution,2
126799,cumflation,2
230740,goro nomoru,2
188349,desert punk,2
227428,flat anime,2
117451,based,2
144794,the boondocks,2
7092,reverse cowgirl,2
586753,legend of tarzan,2
133127,psylocke,2
123723,enhancement,2
112136,bathroom,2
155968,gay porn,2
3042,pussy gape,2
217055,cock vore,2
115945,sentai,2
1871,tokyo,2
126952,capybara,2
175689,ナミ,2
116411,tall woman,2
515743,wan nsfw,2
231116,kirika misono,2
127300,meat shield,2
111776,chair,2
171192,pup mask,2
613940,miyako miyuri,2
142463,weightlifting,2
36095,total drama,2
120012,traditional media,2
236496,azure dreams,2
614000,valkyrie chronicle,2
122562,cuntbusting,2
570544,chen qianyu,2
225816,clothing swap,2
129526,discipline,2
137786,prolapse,2
523770,amo empool,2
429800,mirrormaiden,2
183277,revealing,2
111805,car,2
199475,cream pie,2
162106,veiny penis,2
176069,ami,2
438949,actuallyrea,2
3915,food,2
110441,gyaru,2
123873,workplace,2
317094,uteru prolapse,2
110412,goddess of victory: nikke,2
444683,flux-kontext,2
1124,tomb raider,2
115992,ballbusting,2
125356,alice in wonderland,2
134091,the idolm@ster shiny colors,2
118289,race queen,2
600225,hell mode,2
142187,uterus,2
6489,mechanical_restraints,2
271558,sharptooth,2
281992,bollard,2
509113,longvideo,2
116515,homestuck,2
115641,sloppy,2
130628,peeking,2
206149,initial d,2
368186,sky striker ace - raye,2
151075,nekomata,2
225908,illustrtion,2
308069,dandys world,2
202999,mind break,2
241912,kingdom death monster,2
2436,suit,2
114356,rosa,2
2530,xenoblade chronicles 2,2
112135,rural,2
221869,prostokvashino,2
564322,principal cinch,2
7712,doll,2
109786,bioshock,2
6180,twitter,2
115280,concept lora,2
386435,tboy,2
5704,slime,2
1047,game art,2
128752,justice league,2
189545,gta:sa,2
6972,dwarf,2
245261,nano machine,2
6711,adorable,2
149426,visual novel game,2
178448,老白菜,2
271165,eushully,2
227798,oneshotlora,2
6520,family guy,2
147490,mature woman,2
613649,人物：黑发齐刘海女性   长相：五官立体，高鼻梁，圆眼型，肤色白皙   身材：修长匀称，胸部丰满，曲线明显   发型：乌黑长直发配齐刘海   装扮：街头潮牌束缚风主题   服装：红色“supreme”字样胶带缠绕式紧身塑形装束   裤子/裙子：无传统下装，仅胶带覆盖隐私区域   鞋子：赤足，未穿鞋袜   丝袜：未穿丝袜，腿部完全裸露,2
9,arcane,2
157999,lip filler,2
1738,guy,2
372777,gonzales,2
310972,nipple sucking,2
205702,jagodibuja,2
614159,伏見 アンジェリア,2
112,80's,2
127602,krystal,2
128939,dandadan,2
323553,cartethyia,2
343,chinese,2
3293,бесконечное лето,2
136547,mge,2
112732,rose,2
613965,真恋姫†無双 ~乙女大乱~,2
3152,dark magician girl,2
6973,drow,2
233114,he is my master,2
4165,tools,2
2281,housamo,2
2451,vanillaware,2
4775,gacha,2
153297,excessive cum,2
65930,nipple piercing,2
118042,beautiful woman,2
256438,ai the somnium files,2
127301,lust,2
3810,kasumi miwa,2
58492,cum on body,2
123484,invisible,2
129444,treasure planet,2
3179,dark fantasy,2
119910,zombie,2
91,toys,2
237611,鸣潮,2
127337,hoyoverse,2
6654,wedding dress,2
127002,exhibitionism,2
204194,mika_kit,2
131550,sarada uchiha,2
124772,mom,2
5254,sci fi,2
120975,old woman,2
244115,knotted,2
6080,k-on!,2
151098,robotech,2
196793,strap on,2
125646,ulti,2
220989,lightspeed,2
206083,design sheet,2
610813,selena corey,2
109888,high-heeled shoes,2
146198,busou shinki,2
182258,leisure suit larry,2
1006,ui,2
241356,restrain,2
143680,阴阳师,2
110457,hijab,2
179910,anesthesia,2
121180,princess daisy,2
573352,svi,2
341,gross,2
2893,dinosaur,2
165258,laracroft,2
310504,giant sperm,2
124208,月に寄りそう乙女の作法,2
106,star trek,2
158055,fooocus,2
163286,feet up,2
281647,punching bag,2
114592,abs,2
176530,clothihg,2
117834,takeda hiromitsu,2
534493,マブラブ ガールズガーデン,2
121660,chinese style,2
3103,final fantasy vii,2
562574,onahole parasite,2
614324,paranatural,2
233471,afk journey,2
446133,jeff fischer,2
614240,persona 5 the phatom x,2
145758,campione!,2
184852,virgin mary,2
5726,fit,2
154451,asuna yuuki,2
586181,山吹 真砂絵,2
4167,battle,2
2385,sperm,2
336742,plant milk,2
121135,anal fisting,2
535599,주웠다부대에 남군이 나 혼자,2
155829,k-pop,2
5659,queen,2
109,dungeons & dragons,2
5155,1990s,2
135496,ak74m,2
218625,aogiri koukou,2
164750,pokephilia,2
118386,birth,2
3558,skullgirls,2
6123,sparkle,2
174218,entrance,2
212109,sdxl vae,2
178124,fight scene,2
127218,ms fortune,2
5302,nipple_piercing_chain,2
126190,dogeza,2
6251,crossfire,2
127917,cumbath,2
143066,douluo dalu,2
551293,vertical slit,2
462108,kpop demon hunter,2
116386,gigantic boobs,2
3587,aged,2
5839,midna,2
164472,neo-porte,2
529,barefoot,2
2749,bowser,2
158179,madagascar,2
203641,bad girl,2
170692,double blowjob,2
441826,kpop demon hunters,2
143633,rauru,2
875,soviet,2
19304,camera,2
114762,ass grab,2
252768,makeine: too many losing heroines!,2
134329,frieren,2
112631,spitting,2
2496,biomechanical,2
180481,the coffin of andy & leyley,2
3710,easy,2
184956,operating room,2
114420,spread legs,2
125358,penis on ass,2
221672,trails through daybreak,2
215841,plants vs zombies,2
110045,snk,2
2442,shark,2
161570,cartoony,2
109814,cum in mouth,2
549127,rectified flow,2
117657,bonkers,2
160218,sennen sensou aigis,2
612810,our strings of fate,2
153049,nsfw sdxl,2
189428,ip-adapter,2
121748,gigantic ass,2
129050,valkyrie profile,2
120679,weights,2
5309,pecs,2
113492,laboratory,2
7024,rule34,2
119001,mai valentine,2
185369,mighty nein,2
601386,sam3,2
5755,zpose,2
115031,fucked silly,2
453100,ts mahou shoujo nao,2
404487,facing,2
113771,humanoid,2
408309,chinatsu remiel,2
281003,sperm cells,2
164672,pointy breasts,2
112143,bed,2
374,interiors,2
118108,chastity,2
2927,bugs,2
166621,langrisser,2
144332,teletha testarossa,2
147123,juno,2
136435,conjoined,2
128929,throatfuck,2
540869,chitose-kun wa ramune bin no naka,2
376616,藍沢エマ,2
132222,bass,2
1758,warframe,2
2668,evil,2
177626,summon night,2
125629,sound voltex,2
237501,down syndrome,2
449640,komano manato,2
194171,digimon ghost game,2
140715,iwao178,2
332438,hinako shiratori,2
117754,nemu kurotsuchi,2
144182,rimming,2
1739,handsome,2
117857,sakura haruno,2
403884,the non existence of me and you,2
154387,face down ass up,2
135801,pussy piercing,2
360164,thy carker,2
214386,genderbend,2
126360,undetailed,2
261279,jizoku,2
6270,teen titans,2
5809,vaginal,2
3435,naruto shippuuden,2
115633,.live,2
402828,hidream,2
439125,nightwalker,2
280103,runny nose,2
116546,petrification,2
551676,vampires smp,2
7394,atomic heart,2
198295,natural body,2
607549,stroking from behind,2
4148,thighhighs,2
122266,ffm,2
133107,suck,2
111795,hospital,2
466720,noob friendly,2
2172,castlevania,2
121328,catfight,2
3338,idol,2
114353,mmd,2
110658,skyrim,2
140,death stranding,2
480106,toshihide sano,2
337050,abliterated,2
133047,nandroid,2
139813,violet parr,2
1135,cartoon character,2
222073,robot girls,2
111297,the familiar of zero,2
306,cock,2
123852,squirt,2
110609,horse penis,2
453216,oniichan wa oshimai,2
121613,gir,2
453510,to-love ru,2
7372,tentacle_sex,2
277615,goblin no suana,2
1691,beast,2
201220,princess luna,2
142211,eigaka,2
6122,andrea botez,2
162273,large areolae,2
147394,tsukimichi,2
514042,tmosth,2
597919,notavailablexxx,2
114238,idolm@ster,2
264480,throat swab,2
123814,overexposed,2
158476,jun kazama,2
117090,ceres fauna,2
461755,lili borea,2
236117,cherry mouse street,2
112699,swamp,2
172043,tiny girl,2
5981,tied up,2
1763,living machine,2
250435,ランス,2
283709,car blowjob,2
119765,yosuga no sora,2
126156,kids,2
117264,fake breasts,2
2478,reverse suspended congress,2
1874,danbooru,2
139361,upscaling,2
127090,sandals,2
161240,penis size difference,2
222735,kuroinu: kedakaki seijo wa hakudaku ni somaru,2
191281,akiba's trip: undead & undressed,2
577674,my gift lvl 9999 unlimited gacha,2
295627,mrs fox,2
122440,ponygirl,2
598755,名探偵プリキュア！,2
130706,naked bandage,2
326944,carro3dsculpts,2
141625,fate series,2
113553,beaver,2
142251,dead or alive 5,2
343914,garfield and friends,2
112301,chart,2
2460,sucking,2
294333,sprunki,2
114253,thigh sex,2
141944,lana's mother,2
227552,p5x,2
563783,anything to real,2
423762,hogmarts,2
145013,m3gan,2
201,blend,2
145281,immorality,2
5171,artistic,2
129080,tickle,2
612089,pyo wol,2
132325,rvc,2
172515,jinki,2
110364,ikkitousen,2
214649,comic books,2
564683,ruined bride,2
404373,Standoff,2
137915,expressive,2
448599,cartoon rendering,2
173182,spreading,2
356648,phantom of the kill,2
447190,spümcø,2
115942,shit,2
157475,western comic,2
50627,doctor,2
606297,shaft divide,2
225085,meitantei conan,2
3753,sexual,2
2043,old,2
613829,淫堕の姫騎士ジャンヌ2～美姫転生～ 2つの世界でオーガの仔種を注がれ続ける物語～,2
3894,emo,2
207620,seeds of chaos,2
163428,bursting breasts,2
453290,mini guy,2
1814,blizzard,2
1882,makima,2
6209,lumine,2
111772,symbol,2
236561,ollama,2
183989,mikan yuuki,2
504483,fernando comics,2
143581,stability ai,2
380635,学園アイドルマスター（学マス）,2
6573,cum in pussy,2
135440,gender bender,2
137700,sigma,2
218640,regional prompt,2
2430,anime screencap,2
583263,tamon's b-side,2
149170,originality,2
120827,doggy,2
216612,choyoyu!,2
109639,ragnarok online,2
129313,star ocean,2
124148,avatar: the last airbender,2
218029,archie comics,2
3346,werewolf,2
134650,gachiakuta,2
295124,become a rock star,2
161539,kandagawa jet girls,2
3015,cervix,2
370099,sololora,2
152116,rtx 3060,2
119491,crash bandicoot,2
610851,"the strongest job is apparently not a hero or a sage, but an appraiser (provisional)!",2
182510,レスレリアーナのアトリエ,2
7139,the king of fighters,2
7351,cardcaptor sakura,2
155167,connie maheswaran,2
7061,pathfinder,2
515920,lunacia,2
113932,znobody,2
144861,grinding,2
126605,sakaguchi hinata,2
109279,jk,2
134622,jester,2
118050,undress,2
1766,game asset,2
534040,makemon,2
263180,female domination,2
110387,custom node,2
130622,slender,2
110506,pet play,2
314,the simpsons,2
182836,jinusenpai,2
273050,fuck face,2
4233,halo,2
314111,bad dragon,2
109401,amazing world of gumball,2
186067,sabrina online,2
169770,docking,2
3578,lelouch,2
111852,explicit nudity,2
179463,hairy body,2
246818,gloria sato,2
119542,mahouka koukou no rettousei,2
188094,img2video,2
145296,lammis,2
222189,unbirth,2
233712,princess marco,2
308976,extreme gape,2
139266,genderbender,2
119387,project sekai,2
486944,wan images,2
66830,cockpit,2
448071,azure sun,2
304718,hunyuan video,2
119541,the irregular at magic high school,2
135887,dap,2
133859,maison ikkoku,2
440,mutation,2
134301,joumae saori,2
189534,the coffin of andy and leyley,2
117475,prompt engineering,2
203695,implants,2
114929,cinematography,2
170904,live 2d,2
2635,wide hips,2
128013,filipina,2
312223,popy,2
6203,shimakaze,2
3573,from behind,2
118113,surreal,2
400408,amatures,2
121416,ussbbw,2
121417,judy hopps,2
58627,fps,2
116513,breast growth,2
1766,Game Asset,2
218064,tales of demons and gods,2
127146,goblin girl,2
566658,z-image-turbo,2
78459,cat lingerie,2
216254,tryon,2
165632,messy room,2
127865,ds,2
468307,yuzu soft,2
141085,demencia,2
111235,censored,2
135124,thin,2
43458,webcam,2
566324,zimageturbo,2
117823,nutaku,2
172448,female body,2
442915,iwao oguro,2
181384,honkai:star rail,2
253803,ultra kaiju anthropomorphic project,2
128248,bl,2
223635,genin,2
176169,hyakkano,2
119003,dragonball,2
565723,flux 2,2
3155,violent,2
134290,simpsons,2
1713,military,2
299375,peg,2
342211,h-manga character,2
278952,text-encoder,2
165292,taimanin suit,2
582078,the idaten deities know only peace,2
174655,ludmilla,2
160062,slutty,2
612765,grand theft auto: san andreas,2
132112,elf hime nina,2
134083,take your pick,2
602389,kobayashi-san chi no maidragon samishigariya no ryuu,2
110464,closeup,2
195146,chisa,2
112942,prison,2
115206,tatoo,2
563221,image reverse inference prompt,2
152831,glory wall,2
2602,aqua,2
111778,wedding,2
565623,flux2 dev,2
156799,checkpoint xl,2
613666,chinese anime character,2
112771,pajamas,2
231215,breast padding,2
179532,flat chested,2
349631,western comic style,2
2630,undersized clothes,2
220680,new game!,2
122539,huge pecs,2
290771,mesu nochi torare,2
564479,kansen 5: the daybreak,2
185500,disabled,2
160053,shoulders,2
120594,multiple views,2
110815,amity blight,2
6275,taihou,2
779,perspective,2
121290,game development,2
233911,nipple insertion,2
161704,watercolor style,2
118905,urushihara satoshi,2
172439,bleach: thousand-year blood war,2
111955,hand,2
440148,斩魂,2
117242,reality,2
260885,z warrior,2
117536,guofeng,2
307064,the minami family,2
112964,noodle,2
205246,classroom for heroes,2
132265,桂正和,2
115055,couples,2
1389,turnaround,2
181968,finding nemo,2
135580,mighty magiswords,2
222874,view angle,2
500769,cindy mchpearson,2
108496,touhou project,2
6442,alexstrasza,2
118928,azula,2
122561,kungfu panda,2
360627,wide spread,2
3648,pubic tattoo,2
119717,urpm,2
284,pencil,2
281268,full nelson sex,2
370,statue,2
384,spooky,2
141915,monsterhigh,2
118444,girls' frontline,2
327391,transformers g1,2
126393,nosehook,2
142244,tomie,2
1788,close-up,2
226477,minamoto shizuka,2
160047,massive breasts,2
109790,konami,2
260604,flux1.s,2
142563,cardfight!! vanguard,2
288055,noobai,2
376794,jellystone,2
126399,dicknipples,2
121025,vn,2
125008,india,2
118357,fishnet,2
112510,laser,2
2911,scooby doo,2
127574,grand theft auto,2
163992,gushing over magical girls,2
4382,nswf,2
5008,sleeping,2
187241,lion guard,2
614237,真红莉爱official,2
7018,leon kennedy,2
510,character art,2
612250,nude generator,2
116278,yotsubato!,2
123947,gwen tennyson,2
342579,"size difference,",2
124396,ryza,2
115792,sangheili,2
166200,under clothes,2
358488,from old country bumpkin to master swordsman,2
135036,cbt,2
565918,flux.2,2
140602,kyonyuu fantasy,2
374849,pearlescentmoon,2
158062,mudkip,2
6962,mechanical,2
5162,actress,2
128130,koihime musou,2
249011,ayase saki,2
368208,魔法使いと黒猫のウィズ,2
290256,trickcal,2
144494,the lion king,2
216542,kamori sayaka,2
168073,aio,2
114870,rubber,2
158052,wet skin,2
4309,superman,2
254616,2d to 3d,2
115260,extreme,2
122510,sitting on person,2
130890,triple penetration,2
112184,silhouette,2
2337,toga himiko,2
552992,maldoai,2
452619,image editing,2
141749,power rangers,2
148700,imperfections,2
228440,fernando (artist),2
200285,zombie girl,2
215965,topmodel,2
232762,redwall,2
445049,tennen kakutou shoujo chihiro-chan,2
144260,miorine rembran,2
115491,toes,2
1421,blue skin,2
219526,haha musume donburi,2
137609,coloring,2
114271,perfect body,2
159768,anything v5,2
252763,jiggle,2
580207,astro and girls,2
2004,androgynous,2
115003,dutch,2
123529,indonesian,2
110282,gantz,2
111095,multiple girls,2
200130,chilli heeler,2
121275,used condom,2
246572,helldivers 2,2
601932,seihou shouka saint lime,2
122428,e621,2
274646,disney xd,2
156412,dc universe,2
147064,hentai game,2
2420,zelda,2
189242,four breasts,2
6804,mecha musume,2
143855,miko iino,1
186186,trapped,1
1132,clown,1
530798,ntrphone,1
1712,cover,1
376308,uncesored,1
119575,saimin seishidou,1
261873,liquid latex,1
146594,jurassic world,1
228460,parallel paradise,1
122660,high school dxd,1
120059,bubbles,1
120495,blowbang,1
114561,seductive,1
287205,body size,1
123579,beast tamer,1
313976,metal sonic,1
534372,foreskin play,1
361852,detransformation,1
542637,rover dangerfield,1
565511,republic of the congo,1
475606,白濁デルモ妻のミイラ捕り～,1
613966,shin koihime†musou,1
488697,vanya(eternal_return),1
380373,shiunji-ke no kodomotachi,1
144641,alt,1
123772,typography,1
549729,senukin,1
143068,ratatatat74,1
4791,sideboob,1
156051,horde,1
158958,skin texture,1
351409,qos tattoo,1
590365,kizoku tensei,1
247138,peter rabbit,1
222723,onimai: i'm now your sister!,1
349918,kankichi,1
158276,evening gown,1
1932,tifa lockhart,1
365666,g1 derby club,1
501986,large areoale,1
234184,girls frontline 2,1
449008,ярослав конвей,1
563542,綺麗にしてもらえますか。,1
487093,和彫り,1
270825,childhood friend of the zenith,1
306697,chronicles of an aristocrat reborn in another world,1
3373,typemoon,1
288709,shaping,1
147388,captioning,1
209946,amputation,1
176920,digital circus,1
140496,multiple legs,1
164900,split screen,1
115232,vietnamese,1
118844,写实,1
119385,watering can,1
151733,senketsu,1
123992,ascendance of a bookworm,1
114911,toaru kagaku no railgun,1
116164,斗破苍穹,1
508435,"there was a cute girl in the hero’s party, so i tried confessing to her",1
517931,魔法少女ノ魔女裁判,1
121530,sbs,1
164011,fat mons,1
1789,macro,1
138417,eowyn,1
424906,mf angel,1
168250,mouth pull,1
125542,crystal maiden,1
251142,teardrop bikini,1
128951,embarrassment,1
263836,aoi hayanose,1
566966,sadokko art style,1
483016,こちら葛飾区亀有公園前派出所,1
182206,hillbilly,1
124689,strangling,1
134594,tiny bunny,1
114724,chinese girl,1
172622,x-men evolution,1
135005,eri kasamoto,1
150983,internal cumshot,1
494198,what a mess dr. slump & arale,1
524251,femboy futa house,1
111919,amphibian,1
579416,sheertex,1
227734,sleepover,1
145412,prehistoric,1
117578,glamour,1
205626,testicle sucking,1
257208,lynneburg clays,1
240047,butt spread,1
195172,hollow eyes,1
173487,asleep,1
2118,plastic,1
233424,fujiko mine,1
532644,10 carat torte!,1
3450,eevee,1
155385,fp16,1
232534,female rover,1
577337,anyting to real,1
134993,tied,1
128063,naughty face,1
3153,ghosts,1
120701,king of fighters,1
135916,upshirt,1
224967,star fox adventures,1
132727,record of lodoss war,1
134614,clarence,1
1872,one,1
122569,kemonomimi,1
114208,glow,1
139997,hair bra,1
217312,project x,1
196487,insecto,1
269264,video to video,1
187072,shiina kokomi,1
245035,pantyhose feet,1
160011,realistic breasts,1
372014,peter pete,1
147163,atri-mydearmoments-,1
126516,momo veila deviluke,1
298850,older woman and younger girl,1
267690,i became friends with the second cutest girl in class,1
337572,ゲームcg,1
472108,dr.krieger,1
609528,xuse,1
117031,oil paint,1
301658,templeton,1
545,music,1
118677,translucent,1
7014,tokyo ghoul,1
439137,yonah,1
129687,sexy model,1
313336,shaking ass,1
132550,tina belcher,1
425800,bdsm dungeon,1
127170,rachel amber,1
376768,anal stamp,1
194763,image 2 image,1
473127,layback reverse cowgirl,1
614135,スリーピース the animation,1
518063,にようこそ,1
212437,muscle growth,1
144685,furina,1
534039,devil connection,1
122947,celine,1
113207,medical procedure,1
271370,juna juna juice,1
118936,arabian,1
155531,male model,1
112868,hugging,1
206155,kirishima romin,1
614430,tantei gakuen q,1
2426,19th century,1
175042,track and field athlete,1
140567,建筑物,1
303316,杖と剣のウィストリア,1
134024,kitt,1
142558,kamitsubaki studio,1
377189,punishing_grey_raven,1
347141,fate strange fake,1
119614,foreplay,1
110749,crop top,1
128164,fuck,1
110968,illya,1
125171,minotaur,1
338499,jsk studios,1
4765,minigiantess,1
605060,七海,1
2283,fantasy art,1
276951,the wailing perversion,1
258042,quadruple penetration,1
160587,fftaker,1
2662,stickers,1
112508,cougar,1
342894,instagran,1
133877,luminous,1
130666,sheet,1
276660,fluffy hair,1
231620,hypersd 1.5,1
252182,hairless pussy,1
305844,flash animation,1
367209,1990s \(style\),1
5200,digital illustration,1
602654,人物：亚洲年轻女性模特   长相：面部轮廓硬朗清秀，眉弓凸起，鼻梁挺拔，红唇鲜艳   身材：身高适中，骨架偏小但肌肉分布均匀，躯干比例完美，胸部发育成熟饱满，腰腹扁平紧致，臀腿线条张力强   发型：乌黑亮泽长发齐肩长度，发梢略显蓬松弧度，不夹刘海也不扎辫子，自然散落遮挡一侧脸颊   装扮：护士制服变装+性暗示风格融合造型   衣服：白色修身版型连体紧身衣（类似旗袍改良款式），领口和袖口均有蓝色织锦滚边装饰，胸口中心部位被纵向切缝打开形成“y”字形裂痕透视区，背后隐藏抽绳调节系统   裤子/裙子：无裤装或传统裙摆，取而代之的是自臀峰向下延伸的一对白色缎面蝴蝶结系带构成开放式丁字裤形态支撑结构   鞋子：白色绒面高跟坡跟单孔尖头皮鞋，鞋跟高度约8厘米以上，鞋面中部设有一圈横向环扣用于束缚脚踝防止滑脱   丝袜：全身覆盖白色加厚棉质过膝长筒袜，质地柔软亲肤，表面平整无印花，袜筒顶部靠近膝盖下方镶嵌三条平行蓝色胶粘条纹标记,1
242124,sss class suicide hunter,1
119342,braces,1
4286,miniskirt,1
2816,raven,1
186559,horrorscope,1
568551,pawbert,1
5235,netflix,1
121149,oilpainting,1
120144,arab,1
164169,puckered anus,1
377098,lewd smile,1
522424,13878w naraka,1
209163,retro porn,1
225344,beyblade: metal fusion,1
233574,malkavian,1
278103,ihadurca,1
145345,774 inc.,1
124968,flight attendant,1
136658,alien girl,1
125110,sofia gomez,1
585209,diddly ding dong,1
235022,excessive foreskin,1
229900,fullmetal alchemist brotherhood,1
161088,star vs the forces of evil,1
226955,creepshot,1
146323,oviposition,1
120569,natsuki,1
264829,fem pov,1
219181,naon yuno,1
412565,jenny xj9,1
603393,bound_wrists,1
174798,shared clothes,1
183877,masked man,1
382610,tetsuwan atom,1
553459,kusatsu terunyo,1
119704,isekai maou to shoukan shoujo no dorei majutsu,1
258416,houkago teibou nisshi,1
357124,seeker -saikyou no aibou-,1
6560,nijijourney,1
147268,outline,1
189718,1987,1
151062,henati,1
245732,shinonome,1
224691,woody woodpecker,1
119757,large breast,1
336795,bouncing boobs,1
170791,hogwarts legacy,1
193965,crotch breasts,1
234446,bunny garden,1
300443,gripping,1
124691,submission,1
2523,polaroid,1
217021,rinko iori,1
226743,kyoko iwase,1
310874,ridiculous fit,1
154369,fate/kaleid liner prisma☆illya,1
224476,gundam seed freedom,1
295046,bolt ons,1
254545,tencent,1
419876,vxp il,1
111646,butt plug,1
109740,dota2,1
543486,upshort,1
129571,sakuya shirase,1
371703,暖暖,1
349105,"""art"" style",1
123410,ffm threesome,1
361045,male cosplay,1
173051,girls’ frontline 2: exilium,1
419020,smaller domination,1
286651,girls' frontline 2,1
219116,alvin and the chipmunks,1
5240,pet,1
246,hassan,1
134167,reddit,1
130720,majalis,1
320920,tongue kiss,1
114588,characterpack,1
151982,warhammer40k,1
363078,mika kuouzumiaiginsusutakeizumonokamimeichoujin,1
231790,pbx,1
148487,stella,1
145642,sonico,1
40674,mint,1
352064,maria no danzai,1
3105,kill la kill,1
336297,aランクパーティを離脱した俺は、元教え子たちと迷宮深部を目指す。,1
468222,棕色尘埃2,1
110450,tekuho,1
456025,deltaforce,1
140581,musou,1
113738,ossan,1
5406,shrunken,1
512749,360 orbit,1
484255,re-kan!,1
208829,panda ookuma,1
4026,misty,1
535047,wan 22,1
122535,shaman,1
213967,illu,1
124128,space marine,1
131984,senran_kagura,1
535133,remove watermarks,1
121280,so-vits-svc-fork,1
239786,set design,1
154704,warriors orochi,1
410365,mens swimwear,1
132230,nijisanji jp,1
1390,model sheet,1
144173,wind waker,1
270183,body writting,1
150277,behind the dune,1
232780,dummies,1
252760,takahirosi,1
219596,jinrouki winvurga,1
224534,bowlegged pose,1
3514,dancer,1
146753,izumi wakoto,1
594722,the badminton play of ayano hanesaki,1
209898,the first descendant,1
214754,i've been killing slimes for 300 years and maxed out my level,1
243669,small penis humiliation,1
125978,ps1,1
4308,wonder woman,1
131907,realistic style,1
135878,arms up,1
114653,mortal kombat,1
372074,seung-ah,1
551734,"2 model, on/off",1
200046,dungeon and dragon,1
404875,古贺木叶,1
518065,中原岬,1
186583,virgo,1
118504,gakuen mokushiroku: high school of the dead,1
378604,chainchomp,1
116485,wabori,1
130339,kunoichi,1
201157,dorse,1
268899,deadlock,1
136391,nightwear,1
168092,adina,1
130148,a certain magical index,1
139770,omniscient reader's viewpoint,1
450277,プリンセスシナジー,1
210472,bakusō kyōdai let's & go!!,1
122156,pleasure,1
170292,oiled,1
257,pregnancy,1
116810,zenith,1
1083,scifi,1
119625,leggins,1
303083,cogvideox1.5-5b-i2v,1
162950,bound legs,1
262121,noa kashima,1
511443,pain expressions,1
141483,tomo-chan is a girl,1
115493,black(white) pantyhose,1
241911,kdm,1
131519,exhibition,1
116866,couple,1
111771,otter,1
120756,jeanne d'arc,1
235572,g-spot express,1
596835,平穏世代の韋駄天達,1
118762,melting,1
110832,beta,1
119019,slug,1
285,skins,1
150378,chiyuki,1
176760,daria,1
167345,padlock,1
128843,scooby-doo,1
142305,kochiya sanae,1
157991,photorealistc,1
602818,"skirt, 1boy, school uniform,  ass, comic, sweat, pleated skirt, pussy, serafuku, from behind, clothes lift, anus, pussy juice, no panties, skirt lift, trembling, lifted by self, door, kneepits, presenting, ear blush, spread ass",1
125680,demoness,1
154756,json file,1
3783,animatronic,1
535024,airblowjob,1
5990,haikyuu,1
120708,black eyes,1
180345,duel_monster,1
223661,bounding box,1
493423,"ash, satoshi, pokemon, boy, pokemon trainer",1
613262,祈里マリヱ,1
270240,armand camp lakebottom,1
124178,sinon,1
117745,hogwarts,1
193890,breathplay,1
442636,reacharound,1
133554,aura,1
356791,nipple torture,1
121993,remilia scarlet,1
243019,alice in cradle,1
306098,goddesses whim,1
347182,reverse blowjob,1
558480,mature slider,1
131432,ghost girl,1
362807,the story of making my cheeky gal sister understand,1
585258,google nano banana,1
539944,the agnietta ~the holy healer & the cursed dungeon~,1
203174,steamy,1
127051,smite,1
395640,liftdress,1
612944,stretta,1
167478,x-shaped pupils,1
152356,regular show,1
131504,fluff-kevlar,1
603013,kirby air riders,1
5132,cat,1
118899,18,1
154009,dog ears,1
594706,z image base,1
373674,ai porn dude,1
7383,lady dimitrescu,1
253229,head on lap,1
5512,mushoku tensei: jobless reincarnation,1
216610,high school prodigies have it easy even in another world!,1
3643,cleavage,1
186765,jab style,1
371908,fukkatsu,1
161510,carrying person,1
239151,superkitties,1
7382,alcina dimitrescu,1
289146,daily life with a monster girl,1
152171,神的记事簿,1
237805,wuwa,1
421354,wan-t2v-14b,1
139675,homm,1
275220,gamecg,1
7208,colored hair,1
115151,perfect skin,1
180782,淫纹,1
612345,超かぐや姫!,1
312192,grabbing another's breasts,1
296336,chikan senyou sharyou,1
163,magic the gathering,1
253576,denma,1
198026,barbell,1
295873,gfl2,1
220524,whimsy,1
248971,succubuss,1
138925,reverse,1
6943,style art,1
288111,legal,1
481086,riyo reaper,1
455389,レナリスインデザイア,1
111885,box,1
606690,emetophobia,1
3371,pooltoy,1
128867,your name,1
133654,lamb,1
451521,dance move,1
575213,"person: asian female model with long brown-red hair   face: clear delicate facial structure, defined eyebrows and lips, warm white complexion   body shape: slim yet curvaceous silhouette with pronounced hourglass curves and firm chest contour   hair style: natural flowing long-straight hairstyle in mahogany-brown shade cascading down the back   outfit theme: sensual chic fusion of traditional chinese elegance for intimate studio photography   clothing type: modified cheongsam-style one-piece dress clinging to body contours   pants / skirt: high-slit fishtail-cut gown reaching mid-calf length emphasizing leg proportions   shoes: transparent plastic platform heels accented with silver rivets along outer edge   stockings: pink diamond-grid patterned fishnet thigh-highs covering entire lower limbs from knee to ankle",1
2470,political,1
246085,female-,1
1782,marisa,1
170298,multiple,1
239836,jon kent,1
252047,once human,1
192127,momo ayase,1
149285,kyu sugardust,1
429073,morino kuma,1
881,analog style,1
609476,"body horror, surrealism, fiber art, organic textures, knitted, macabre, hyperrealistic, experimental, dark art, anatomy of fiber, red thread horror, flux 2",1
585379,shibou yuugi de meshi wo kuu,1
568831,z image turbo workflow,1
590965,片桐美鈴,1
115233,ranma,1
605523,flux2klein,1
224672,handfeet,1
251890,cuckhold,1
2446,mangaka,1
221036,scrappy doo,1
187945,gunfire reborn,1
580326,johnny grassette,1
186207,tiger&bunny,1
259087,vaginal fluid,1
311240,猟奇の檻,1
479981,shichinin no online gamers offline,1
497467,low vram workflow,1
230237,freedom planet 2,1
608079,マゾ男,1
123275,roronoa zoro,1
205988,evulart,1
131270,ultrawoman,1
1673,vhs,1
567413,seedvr,1
2626,cellulite,1
3070,persona 3,1
3476,cosplayer,1
169130,amagami ss,1
183615,nasal cannula,1
294540,momofuki rio,1
603376,strange fake,1
199142,virgin sweater,1
256681,chevalier vampire,1
164451,german clothes,1
280779,honey birdette,1
175881,pc-98,1
573546,multiple males and one female,1
7169,phantom,1
4792,underboob,1
235447,enishia,1
455388,renalith,1
435500,nixxxbot,1
111896,bathtub,1
440550,dark priest,1
278991,defeated heroine,1
4312,retrofuturism,1
185443,high school d×d,1
123443,final fantasy tactics,1
165947,sinia demon girl,1
169132,micropenis,1
1665,protogen,1
359966,camera motion,1
112617,speech,1
597117,podobrick,1
124042,marvel comics,1
175509,t-shirt design,1
7038,hair style,1
118437,straps,1
286774,alundra,1
112493,banana,1
188454,ai girl,1
161525,revenge of the iron-blooded sword hound,1
115441,おっぱい,1
244939,"as a reincarnated aristocrat, i'll use my appraisal skill to rise in the world",1
607483,highlander: the search for vengeance,1
476199,k-pop demon hunter,1
119462,natural,1
299374,pegged,1
190359,dick pic,1
154,dragons,1
135570,drifters,1
116280,aayla secura,1
324778,betty ross,1
138658,charlotte pudding,1
115554,critical role,1
232733,toloveる,1
427530,bad ending party,1
146621,cadillacs and dinosaurs,1
117059,spicy,1
162981,damaged,1
189061,taxidermy,1
148674,human dog,1
3247,choker,1
140810,bottomview,1
506643,ikuko onabuta,1
241192,hyper lips,1
190063,rentarou aijou,1
342,digital art,1
140489,mega man battle network,1
395932,同級生,1
276616,invaderzim,1
141881,morbid,1
218123,swingers,1
5262,solo,1
512750,360 rotation,1
129344,demon father,1
340446,first person perspective,1
2243,little,1
117514,seductress,1
319758,up close,1
111445,metadata,1
110400,cat girl,1
2716,pasties,1
115002,grandia,1
158869,dark pokemon,1
2467,nipple rings,1
232029,yakitate!! japan,1
279177,illustrious-xl,1
588432,yuzhou style,1
162030,assertive female,1
196797,shuumatsu no valkyrie: record of ragnarok,1
405230,草隠ふみこ,1
123465,invincible,1
170,monkey,1
457193,leoneed,1
142553,petplay,1
160194,bloodelf,1
524474,xiao qingxuan,1
4965,graphic design,1
447093,katagiri mirei,1
196156,dramatic lighting,1
571840,z image large breast,1
3809,k-on,1
150148,hitman,1
119848,neptunia,1
159895,alkaloid,1
186025,shedtheskin,1
469660,loose bra,1
58491,cum on hair,1
510571,female-dominant,1
125585,movie character,1
249243,cum in uterus,1
181652,retto enjou,1
546694,junji ito collection,1
158879,sex doll,1
2192,running,1
117048,oshino shinobu,1
286796,mouthwashing,1
428391,ichinomiya yuu,1
586186,vinus file,1
554859,sprite generator,1
216543,enjou sakuya,1
7402,asia argento,1
136088,you're under arrest,1
110829,lol,1
472402,oshikko,1
252225,pragmata,1
582087,painteri2v,1
116100,pillory,1
111448,amazon,1
147436,extra mouth,1
378452,watermark removal,1
263400,wiping crotch,1
145038,american woman,1
586813,城ヶ峰 亜希,1
351408,queen of spades tattoo,1
473157,isekai mokushiroku mynoghra,1
330121,cum in slime,1
350498,sorairo utility,1
6570,futaba,1
458167,uncouth erotic,1
16009,jeans,1
171783,aspen comics,1
110933,mage,1
231375,licking testicles,1
213981,proto merlin,1
243892,trandoshan,1
231110,hypersd,1
184360,character concept,1
122499,bath,1
459457,"alita, movie, realism",1
240435,welwraith,1
259370,云图计划,1
338227,gladys von wackenheim,1
114425,sweat,1
114824,autofellatio,1
168921,disembodied head,1
115057,plastic bag,1
472417,busamen gachi fighter,1
121264,male masturbation,1
605122,gigantic sperm,1
6434,chuunibyou demo koi ga shitai!,1
142275,unknownspy,1
613048,resident evil: requiem,1
122042,river city girls,1
4170,fight,1
6193,dross,1
126529,puss,1
135072,skirt up,1
205234,pussy lip,1
110442,lastname,1
389440,marble sculpture,1
117752,devil may cry,1
234729,2000s anime,1
609158,canavia,1
187793,large belly,1
113137,floor plan,1
124615,johnny bravo,1
5368,jack-o challenge,1
158807,outlines,1
243920,cinemagraph,1
131835,ratchet and clank,1
115105,street fighter 6,1
129406,雷电将军,1
123986,maleficent,1
117793,rosalina,1
3586,elderly,1
115108,analingus,1
223560,"animal,",1
292196,lifewonders,1
529479,buthole,1
112507,surprised,1
145241,oral invitation,1
443700,swedish female,1
605973,magical antique,1
419908,"aphrodite, disney, hercules",1
147459,vampire the masquerade bloodlines,1
4257,honkai impact 3rd,1
239913,peculiart,1
349840,lucifera,1
133935,hypnotized,1
118701,dirty,1
2174,sadness,1
118467,bombshell,1
127324,glory,1
267722,hyacinth hippo,1
193057,nunchaku,1
238996,svg,1
2356,stable diffusion,1
118923,goth mommy,1
280313,design sketch,1
446272,anime to realism,1
217643,pink oral cavity visible,1
174436,doug (tv series),1
577091,"person: east asian female model with long black hair   face: oval-shaped face structure, defined cheekbones, high nose bridge, soft pink lips, warm wheat-toned complexion   body shape: medium height with elongated limbs, extremely slim waistline, balanced hip ratio, maturely developed chest curves   hair style: voluminous silky wavy hairstyle cascading past shoulders   overall look theme: business-chic blended sensual styling aesthetic   clothing type: navy-blue stand-collar short-sleeve fitted blouse dress (with built-in bralette)   skirt/pants design: asymmetrical a-line mini-skirt cut ending at mid-thigh length   footwear: glossy black stiletto pumps featuring red rubber heel trim edges   hosiery: semi-transparent nude-tone pantyhose adhering tightly to leg contours without creases",1
174199,sd15,1
238922,coral island,1
152045,soccer player,1
119853,penis on face,1
122400,pencil skirt,1
3221,onepunch,1
544885,"with you, our love will make it through",1
431188,ぶいすぽっ,1
115530,seethru,1
252766,make heroine ga oosugiru!,1
117883,black rock shooter,1
258861,inazuma eleven victory road,1
260971,tak,1
167489,disgust,1
111855,handicraft,1
1010,3d cartoon,1
129345,oni chichi,1
131264,anteater face,1
276819,anal gaping,1
614158,white blue,1
500822,mechanical drawing,1
551267,takamare! takamaru,1
235810,jii-san baa-san wakagaeru,1
118946,illyasviel von einzbern,1
113814,alicia,1
3737,lady,1
276536,starsector,1
2645,nier,1
109837,miranda,1
212130,sillytavern,1
377188,lucia_pyroath,1
127934,hidden sex,1
255290,vaginal tugging,1
414784,eriko takahashi,1
282462,kankichi ryotsu,1
201340,hyper belly,1
3077,kon-kit,1
153762,left 4 dead,1
141995,maron maron,1
557694,shadows of desire,1
184297,レスレリアーナのアトリエ ～忘れられた錬金術と極夜の解放者～,1
171664,盾の勇者の成り上がり,1
114638,tensei shitara slime datta ken,1
120557,wife,1
170485,pso2ngs,1
164368,2koma,1
540588,cabernet,1
120793,machi komacine,1
199477,crave saga,1
160779,clothing style,1
137066,master tigress,1
115161,no clothes,1
441068,clothed breasts,1
599274,观世音,1
438490,ボラード,1
111760,toy,1
129637,shizuka,1
406,apocalypse,1
5666,imperial,1
182935,hoi4,1
567259,bigdead,1
161637,gynecology,1
447740,armor hero,1
261497,monster design,1
236745,canis lupus familiaris,1
294475,krea,1
4836,red hair,1
280947,daimon,1
110938,nose hook,1
400987,low pants,1
122975,sitting on lap,1
160905,murakami teruaki,1
246679,fortnite game,1
255319,harem camp,1
592575,buttplug under clothes,1
567898,sakusei byoutou ~seikaku saiaku no nurse shika inai byouin de shasei kanri seikatsu~,1
351796,古賀このは,1
194115,bulding,1
112980,novel,1
117907,serafuku,1
111684,font,1
125297,heels,1
292760,trickster fox,1
190519,akiyama mio,1
210976,ballsack,1
602807,tales of home,1
117433,grotesque,1
148884,photorealisitic,1
6609,bathing,1
282827,"shut up, malevolent dragon! i don’t want to have any more children with you",1
185736,rover,1
236618,crusade heart karen,1
230497,penetration through clothes,1
126439,rockstar,1
154876,tight pants,1
523137,unrealistic fit,1
240567,danger girl,1
2629,skin tight,1
214817,hyperreality,1
364097,mind broken,1
150368,perfect eyes,1
117188,eiyuu densetsu,1
275803,ラングリッサー,1
157634,abandoned building,1
566034,realistic older women,1
137079,double anal penetration,1
583063,kuroinu ~ kedakaki seijo wa hakudaku ni somaru),1
6886,china,1
112678,raincoat,1
140922,twerking,1
117033,public,1
611592,ltx-2.3 dev,1
126136,western animation,1
450278,princess synergy,1
116951,marie rose,1
149386,penny polendina,1
207822,food insertion,1
612990,"comfyui, workflow, upscale, 8k, esrgan, realesrgan, image-enhancement, no-custom-nodes, vram-safe, one-click, native-nodes, photo-upscale, portrait, wallpaper, 8k-wallpaper, upscaler, high-resolution, image-upscale, comfyui-workflow, free, beginner-friendly",1
124588,strike the blood,1
110440,foster's home for imaginary friends,1
156101,wa,1
3706,town,1
127526,tissue,1
134080,requiem,1
122027,neocoill,1
5401,urusei yatsura,1
299914,flux redux,1
602022,除灵猎人,1
118520,lokr,1
453420,nyan koi!,1
123458,takagi-san,1
132076,turbo,1
265452,long nails,1
305080,flexible gymnasts,1
126131,standing sex,1
444805,mizuno tomomi,1
152168,shionji yuuko,1
180131,variable geo,1
112666,horseback riding,1
232351,real pony,1
494,watersports,1
571907,eiroru,1
588655,hinjyaku,1
198264,ass worship,1
2227,magazine cover,1
140214,ai character,1
341940,umai neko,1
126977,impasto,1
155128,position,1
3685,tsukihime,1
265410,cuckold bisex,1
183256,yu-gi-oh! vrains,1
3824,bigdeadalive,1
576287,motion transfert,1
439800,hinomaru sumo,1
197444,v2v,1
2537,new,1
327936,beta male,1
121714,dog girl,1
2347,historical,1
133786,cockroach,1
141890,queen bee,1
310992,dinocore,1
168003,nylon,1
136982,tsukimichi: moonlight fantasy,1
582088,painteri2v advanced,1
284287,sos,1
130161,iskandar,1
341640,blk futa,1
128744,leg up,1
222577,stax,1
3834,wild,1
341698,expedition 33,1
124749,public hair,1
313212,jujutsu_kaisen,1
135886,double anal,1
142627,style transfer,1
123411,cooperative paizuri,1
581333,"ripta, 1girl, solo, anime style, anthropomorphic, scalie, lizard girl, green skin, shiny scales, green hair, yellow eyes, slit pupils, lizard snout, fin ears",1
5651,wakfu,1
274431,kommo-o,1
562789,inverted oral,1
120792,phantom troupe,1
422698,センチメンタルグラフティ,1
377229,i'm a spider so what,1
347729,h game,1
137810,choking,1
175917,scene 0,1
119388,shirtlift,1
128711,gagging,1
3819,helmet,1
221626,colorblock,1
111859,sport,1
122722,gokkun,1
126011,doggystle,1
3231,attack on titan,1
132724,dressing,1
318980,montgomery glands,1
324061,smaller dom,1
532474,qwen edit 2509,1
505594,first frame last frame,1
279678,kyatto ninden teyandee,1
2117,80s,1
144677,angle,1
112640,crayon,1
5679,doodle,1
153242,wetlook,1
115334,acnes,1
114437,wataten,1
3368,leather,1
355811,britni pike,1
598769,slave's sword,1
487038,wholesomeorenji,1
115756,usada pekora,1
187685,梅津泰臣,1
310973,super robot monkey team hyper force go!,1
242975,breasts against glass,1
450014,re9,1
128911,naked man,1
3479,yurucamp,1
571557,vpi cafe,1
202364,bralette,1
171004,hentai comics,1
174006,sterling archer,1
435901,pussy status,1
236605,masked face,1
229490,rise of the guardians,1
124150,monster girl encyclopedia,1
4376,ai,1
125320,dragongirl,1
112359,window,1
332909,ai-generated,1
123744,grin,1
150995,ratfolk,1
462353,yakuza girl,1
7036,tiktok,1
159779,virgin_killer_sweater,1
122787,geometry,1
555376,でびるコネクショん,1
244816,chloe18,1
1828,cityscape,1
140286,hello,1
122057,3d anime,1
112019,leaf,1
134520,carmilla,1
144959,have to pee,1
594863,qwen image2512,1
263931,romancing saga,1
400237,the lost girl,1
597722,anime2realsim,1
141245,東雲 絵名,1
377167,rhythm heaven fever,1
328107,farmagia,1
2057,african,1
270681,shemask,1
263604,too big,1
1622,potion,1
122212,katara,1
242950,dandi,1
7069,party,1
120996,nude woman,1
2571,marin kitagawa,1
343998,body enhancer,1
254008,legend clover,1
294800,trashtoonz,1
145391,jin,1
148687,pbs,1
471866,face girl,1
4111,jojo,1
273013,wet spot,1
117186,sprite,1
217732,helldiver,1
196092,face expression,1
262040,pixiv artist,1
576393,qwen-image-layered,1
115030,drunk,1
609364,sagatsumatsu,1
3815,school girl,1
123270,image to image,1
58489,from above,1
552357,arm bind,1
143689,1980s style,1
275386,inanimate transformation,1
393142,kanchigai no atelier meister,1
389178,芙莉莲,1
559469,censorship removal,1
385702,isekai koushoku musou roku,1
284004,roaches,1
1534,technology,1
2065,classical,1
233645,deep kiss,1
207908,abaya,1
305641,slutwear,1
233937,grace howard,1
156522,hyper hips,1
5810,tongue out,1
117358,multiple breasts,1
121466,lilo & stitch,1
166593,asobiasobase,1
242427,reverse paizuri,1
500286,jerk off instructions,1
2215,jav,1
3154,kaiju,1
215686,strapon,1
113579,oil spill,1
16062,engine,1
115018,zstyle,1
150023,grace,1
134537,caravaggio,1
421111,ruins photography,1
613828,catwalk nero,1
322737,high profile,1
182700,aleyna tilki,1
280102,love fetish,1
171142,shower room,1
377040,ai artstyle,1
120696,tan,1
6492,fox girl,1
173236,wash,1
489956,kikiu_bd,1
6641,shota,1
342482,lgbtq+,1
219518,audition,1
445837,kimkun0162,1
120242,古风,1
433654,the saboteur,1
111013,the legend of heroes,1
601067,rtp,1
119646,noexist,1
115553,luna,1
127351,goths,1
496086,instagirl,1
115527,comfy,1
113637,locker,1
185010,taffy tales,1
371774,vivid strike,1
232741,gay anal sex,1
128389,lost universe,1
145648,cult of the lamb,1
545963,"concept art model, cinematic art model, portrait realism model, fantasy realism, film-inspired model, cinematic storytelling, editorial art, cover art, realistic ai model, illustration ai model",1
588433,yuzhou arist style,1
111044,gto,1
140926,autobot,1
140721,mamahaha,1
498058,dasiwa,1
190755,2d game,1
136471,eli ayase,1
269682,homm2,1
109555,onmyoji,1
212205,animatelcm,1
228172,ai girlfriend,1
284224,long gone gulch,1
255771,oblivious woman in glasses playing video games meme,1
594801,ヘルモード,1
169732,arms around waist,1
113221,statue of liberty,1
610598,e.h.,1
613348,gi.joe\,1
466687,cute-girls,1
143721,arc the lad,1
381886,dragonballgt,1
483648,voluminous hair,1
159765,dragon star varnir,1
246254,ぶいすぽ,1
311556,sentimental_graffiti,1
2398,pop art,1
323695,blood c,1
30609,gorilla,1
119424,safetensor,1
114532,gufeng,1
494459,prehensilefeet,1
129594,tokimeki memorial,1
349027,public swimming pool,1
126622,ワンピース,1
207864,animagine,1
119414,star fox,1
146832,tabitha,1
136512,gritty,1
111704,bald,1
3644,ofuda,1
7039,hair over eyes,1
167154,stepped on,1
145331,amd,1
210871,tex avery,1
240271,robotica,1
112839,boxing,1
220378,atelier totori,1
155900,kotegawa yui,1
473793,tegaki_ai_sure,1
498064,point-of-view,1
161348,mikotoba susato,1
158347,fire pokemon,1
328314,knot stuck in sheath,1
484529,rio rainbow gate!,1
614169,マジシャン探偵a,1
132701,aqua hair,1
778,multi,1
111774,dancing,1
595554,8vram,1
563617,figging,1
139681,text2img,1
137143,invasion,1
254441,zetton,1
571837,zit lora,1
142452,ongeki,1
592969,mix medium,1
241303,corrupted nun,1
143675,shizuka minamoto,1
252778,アリス ギア アイギス,1
117,neon,1
182864,gag reflex,1
6194,dragon girl,1
122004,jolyne cujoh,1
216084,lost judgment,1
275486,sentient penis,1
390972,芙露德莉斯,1
291654,maskot,1
161273,broca,1
114559,big hero 6,1
230960,cum in panties,1
205155,plain,1
216769,nyl2,1
135622,bodyart,1
5898,sanrio,1
133204,voluptuous,1
585208,kalamazoo,1
2206,screenshot,1
610568,feiteliedadi-4,1
449041,yamahatarian,1
3312,alphonse mucha,1
147005,remove clothes,1
135490,double deck,1
136150,vaginal object insertion,1
113293,hiding,1
114224,linux,1
561729,mister_x,1
128870,aheago,1
168195,grope,1
429072,kurimanjuu,1
471535,r2 studio,1
5609,implied sex,1
336769,live wallpaper,1
148064,omamori himari,1
193602,revealing clothing,1
280943,corruption of champions,1
324552,shinjiro,1
242386,idol-es,1
164728,ipadapter,1
266609,submission hold,1
124081,realistic anatomy,1
175664,print on demand,1
603335,stitched doll,1
221383,love live! sunshine!!,1
593808,regional conditioning,1
344352,twinkle_star_knights,1
406968,はぐれアイドル地獄変,1
2244,tiny,1
140085,mechabare,1
276425,rosemary,1
449286,korotsuke,1
3952,deer,1
119135,aya shobon,1
130409,slice of life,1
613448,nina tsubakihara,1
167311,satou kuuki,1
131366,guilty gear strive,1
503626,恥じらう君が見たいんだ,1
7002,final fantasy xiii,1
215940,daval3d,1
129709,kumoko,1
464949,tetsuzou,1
437035,penis_on_head,1
182470,flaccid penis,1
527377,motion transfer,1
237288,pussy exposing,1
144987,multiple penises,1
262487,back at the barnyard,1
5899,dio brando,1
221013,jackerman,1
343950,8-bit,1
156972,europe,1
137828,force,1
146299,triss merigold,1
211356,hilichurl,1
186440,free use,1
254155,freckled,1
131985,baldur's gate 3,1
135404,touken ranbu,1
234511,big dom small sub,1
456946,futa without pussy,1
155997,shironeko project zero chronicle,1
16584,gochuumon wa usagi desu ka,1
124266,王者荣耀,1
614263,fom,1
111803,ring,1
229252,degraded,1
357239,try-on,1
121766,expression_chart,1
383808,xenoblade x,1
531996,sexy hiking,1
114998,cute girl,1
111596,spreading legs,1
199095,master of orion,1
444516,hand on penis,1
489273,wan22,1
363454,auto paizuri,1
133327,womb,1
148606,spread,1
543869,glepnir,1
203868,リオネス・エリストラートヴァ,1
310421,in mouth,1
161583,heroes of the storm,1
212277,kobayashi-san chi no maidragon,1
1005,ux,1
342223,lustify,1
367599,jururu,1
533889,メイクラックモン,1
585382,死亡遊戯で飯を食う。,1
366779,nightmare critters,1
603166,"person: catgirl character performer   face: sharp jawline, prominent cheekbones, plump red lips   body shape: slim waist, curvaceous hips, long limbs   hairstyle: brown chin-length bob cut, neat bangs across forehead   outfit theme: feline-themed seductive nightlife outfit   clothing type: black faux-fur embellished halter bikini top   pant/skirt: low-rise transparent black brief-style panties   shoes: silver crystal-embellished wedge heels   stockings: black fishnet thigh-high socks with ruffled hem detail",1
243284,kisekoi,1
163130,naked ribbon,1
456110,scene girls,1
150449,yugioh sevens,1
238826,suck boobs,1
114978,to love-ru,1
180294,resident evil village,1
534567,キングダム ハーツ,1
410922,chelsea van der zee,1
113304,hose,1
296,item,1
163603,curtain grab,1
2506,body pillow,1
332584,human drawn,1
237048,human centipede,1
137355,tranformation,1
462148,specimen tube,1
121457,brian griffin,1
459326,stationary restrains,1
614368,chest harness armor,1
567915,疯狂宝贝,1
105356,environment,1
204900,gekiga,1
117116,sacred,1
269122,detailed clothing,1
613727,katsurai yoshiaki,1
609018,google nano banana 2,1
300647,zani,1
172019,bounce,1
102,graffiti,1
138001,niθ,1
177638,kaiju no. 8,1
504271,pixiv user,1
1855,football,1
224464,t.u.f.f. puppy,1
117061,baroque,1
121179,gwen stacy,1
160242,boyfriend,1
542961,inazuma eleven: heroes' victory road,1
246504,ushinawareta mirai o motomete,1
166934,allmind,1
543080,hoppers,1
235522,magical girl celesphonia,1
153523,growing,1
119389,grab,1
161115,clitoris,1
121070,nude girl,1
409289,clair obscur,1
119467,hermione granger,1
138871,justice league unlimited,1
205034,delicious in dungeon,1
239138,hero of leaf valley,1
168213,seiken gakuin no makentsukai,1
5607,cry,1
169837,bizzare,1
152422,takamachi nanoha,1
270246,doukyuusei 2,1
162523,rolling eyes,1
232375,vaginal insertion,1
234434,jock studio,1
189871,マギアレコード,1
257177,ボールルームへようこそ,1
538334,magical girl witch trials,1
161877,penis grab,1
165626,cutie honey,1
177246,arale norimaki,1
5582,punishment,1
139781,citrus,1
161674,warwick,1
298972,aphrodisiac,1
487091,pussytattoo_butterflyink_base,1
137578,adastra,1
183446,standing missionary,1
123757,the dragon prince,1
268835,public masturbation,1
117872,w,1
15881,frog,1
200396,sexy nun,1
591802,cross_fire,1
138707,julius,1
222933,crossdress,1
130573,bdsm frame,1
215,south park,1
134044,dagashi kashi,1
138424,character profile,1
135010,hotel transylvania,1
211826,pussymouth,1
484042,phantom arms,1
140585,bladestorm,1
400225,homosimile,1
114261,camgirl,1
50682,office,1
373756,saggy testicles,1
116016,hoshimachi suisei,1
1445,filmation,1
208253,オンゲキ,1
118653,vram,1
148143,dog tail,1
110055,skunk,1
114758,sports bra,1
189584,sdxl turbo,1
280372,multiple males,1
122308,natural breasts,1
240640,mr.2 bon clay,1
466683,retro-anime-style,1
152170,heaven's memo pad,1
212843,buta99,1
5606,crying,1
193977,tongue kissing,1
111453,coloring page,1
516460,lick asnus,1
509993,銀河特急 ミルキー☆サブウェイ,1
597528,hard ball sucking,1
191404,semi real,1
111687,slim,1
151073,action taimanin,1
502147,milf style,1
517947,labia piercing,1
143808,shuumatsu no valkyrie,1
275261,gakuen idolm@ster,1
115769,hina,1
143436,innkeeper,1
136474,ayase eli,1
602217,eris no seihai,1
395459,asakura_otome,1
174851,plastic model,1
146124,makaino ririmu,1
610593,art of fighting 2,1
179938,dennis the menace,1
196438,positive embedding,1
126955,rio,1
2834,unreal,1
119756,armpits,1
2219,2000s,1
122376,cow girl,1
161373,consistent,1
154098,farting,1
161719,patrick fillion,1
237242,stasis tank,1
123264,shijou takane,1
173910,pvc style model,1
435159,happy baby,1
140335,turning red,1
322650,hatoba akane,1
117983,strike witches,1
493824,버튜버,1
117791,genderswap,1
118609,shiro,1
501301,evilheal,1
268295,flux gguf,1
2021,raptor,1
256068,shiori fuyutsuki,1
134,lara croft,1
124126,school swimsuit,1
173019,the princess and the frog,1
577878,nora atomic heart,1
385,gta,1
119254,kei,1
260907,flex,1
129469,body art,1
382200,theresia,1
269494,t5xxl,1
305143,dr graevling,1
565544,erika janome,1
138149,yandere simulator,1
4838,cyberpunk 2077,1
120829,redo of healer,1
614124,戦鬼キルスティン,1
117333,downblouse,1
155460,straight,1
259414,kuroma,1
117393,soulworker,1
529136,dollcore,1
510236,nano banana,1
506148,monster_musume,1
120806,explicit adult content,1
331928,mayonaka heart tune,1
318559,機動戦士ガンダムseed,1
118805,セクシー,1
227632,lineless,1
140915,ai model,1
121065,dragonite,1
123466,aika,1
2909,retro artstyle,1
572102,body weight,1
165256,wildeer,1
114652,mileena,1
123719,weight gain,1
127994,emma myers,1
135585,mayumi joutouguu,1
1454,cg,1
1463,ink,1
113123,blimp,1
3060,sci-fi,1
173589,harem girls,1
163084,under covers,1
356734,love letter from the future,1
120550,ol,1
111027,onimai,1
237557,shitpost,1
286007,monara,1
115075,oral sex,1
221486,bukkakke,1
247932,body bridge,1
145923,invader zim,1
332886,"akiyama_rinko,",1
589342,easygoing territory defense by the optimistic lord,1
357984,pantyhose stuffing,1
251373,異種族レビュアーズ,1
118471,llm,1
509147,5b,1
146147,fiend,1
49,space,1
2000,lgbt,1
164952,voyeurism,1
7240,miranda lawson,1
188384,movie perspective,1
176091,pants down,1
252410,slutty nun,1
368034,stealth masturbation,1
122951,nanatsu no taizai,1
427053,女部田郁子,1
7105,pokegirl,1
170456,regina mercedes,1
110958,power armor,1
117957,action pose,1
312585,tsukudani norio,1
326947,令和のダラさん,1
565370,the ant and aardvark,1
399747,"facial expression, nsfw",1
310148,vanya (black_survival),1
172929,nekoprara,1
4320,young man,1
144387,focus,1
561025,kakiharad,1
426920,gens,1
3409,grunge,1
423948,tasuku tsubakino,1
2473,glitch techs,1
215252,future fragments,1
320297,colorburst xl,1
207726,101 dalmatian street,1
432146,kimikiss pure rouge,1
212014,"the 100 girlfriends who really, really, really, really, really love you",1
112051,robin,1
610284,melvia,1
119501,paladins,1
291639,sunna,1
124039,buttcrack,1
270149,anythingxl,1
118235,cupless,1
199216,agnes claudel,1
292961,ralphie tennelli,1
141654,fire emblem: thracia 776,1
156861,son,1
118364,nekomusume,1
170270,screencap,1
196233,hyper ass,1
400357,handjobs,1
3796,yokai,1
172350,mamehinata,1
342398,finishher,1
2532,tank,1
170943,maria renard,1
201717,momosuzu nene,1
141590,adjusting clothes,1
156991,motion line,1
238934,himesaki rinami,1
572090,"yuusha party ni kawaii ko ga ita node, kokuhaku shitemita.",1
218242,凡人修仙传,1
614494,ザ・キング・オブ・ファイターズ'94,1
412278,specialite,1
116875,areola,1
218273,gmic,1
122819,sex pose,1
611264,anatomy fix,1
605425,lily lovebraids,1
162199,mouth mask,1
787,erotic horror,1
209655,linda belcher,1
486526,hyper dildo,1
158801,fresh precure,1
231857,handjob from behind,1
614493,the king of fighters '94,1
16580,art deco,1
144172,kyoka,1
349919,ryotsu,1
154716,casting,1
407284,edit video,1
436755,midnight paradise,1
480681,bkub okawa+,1
462998,famous toon,1
338045,super mario bros movie,1
192137,sniff,1
299170,leg lifted,1
281642,to be hero x,1
164528,anal fingering,1
575295,tachibana omina,1
549917,jojo`s bizarre adventure,1
129358,陰陽師,1
614126,hero for senki kirsten,1
111301,louise francoise le blanc de la valliere,1
4748,nun,1
438912,wan 1.3b,1
187464,sfgirls,1
229335,footdom,1
152602,the mask,1
5405,size,1
162438,stool,1
568162,advisor,1
186831,older women,1
582286,nsfw  workflows,1
221038,scrappy rex,1
283247,ayase seiko,1
272572,daiblos core,1
181728,asian female,1
519589,mouth cover,1
122095,hairy armpits,1
577214,far-off friends,1
271648,lingeries office,1
9757,bee,1
209619,fate kaleid,1
130563,masters of the universe,1
276775,genderbenderification,1
444806,水野友美,1
122001,eel,1
217123,swallowed,1
125435,hastur,1
288110,nubile,1
338193,ftv girls,1
214982,crosscore,1
222142,trixie,1
4763,minigts,1
242316,swallowing,1
123166,onarmor,1
7098,incase,1
235997,fatfur,1
225960,ui kozeki,1
184391,athletic body,1
172131,understanding of flirting,1
600226,地獄模式,1
598496,✨ checkpoint,1
120993,harvin,1
182310,flaaffy,1
111076,scylla,1
2892,unique,1
304917,life is trange,1
329012,kuwayama chiyuki,1
123699,the loud house,1
495329,merry nighmare,1
226039,sportswear girls,1
223193,object transformation,1
213885,the proud family,1
146478,getsuyoubi no tawawa,1
607148,tea body curvy swollen pawg,1
114497,sfw,1
419357,lunarspy,1
243157,kennycomix,1
181549,imprisoned,1
115561,i''s,1
509640,penis play,1
236646,indigo park,1
240308,spiral knights,1
136280,tv character,1
317647,usagi yuichi,1
571243,ochi mono rpg seikishi luvilia,1
578002,人物：东方美女模特   长相：脸庞清秀立体，眉眼分明，唇色淡粉，肤若凝脂   身材：身高适中偏高，体型匀称修长，胸部隆盈饱满有张力   发型：乌黑柔顺长发扎成低马尾，发梢略卷自然垂落背脊线   装扮：高级定制晚宴礼服造型，展现性感与典雅融合气质   服装：白色透视蕾丝拼接鱼尾长裙套装，含挂脖抹胸+腰腹链扣系统   裤子/裙子：完整一体式鱼尾长裙，裙摆延展长度达足跟以下约60厘米   鞋子：赤脚站立，不着任何形式鞋履（可见脚趾与足弓）   丝袜：未穿戴任何丝袜或打底裤类产品,1
152292,suburbs,1
524722,shin haru,1
229222,bubukka,1
133227,lilia,1
112901,nail,1
5601,firefly,1
118317,sakura miko,1
2368,akira toriyama,1
448931,alien priestess,1
523138,funny insertion,1
205806,image contest,1
276482,brave frontier,1
159718,yabuki kentarou,1
274429,tanya mousekewitz,1
360870,the boss baby,1
242182,mercenary enrollment,1
234344,i was reincarnated as the 7th prince so i can take my time perfecting my magical ability,1
366239,positing embedding,1
144712,wiping,1
3986,pvc,1
180567,sherry birkin,1
299355,saori otokawa,1
426036,carexplosion,1
144038,new game!!,1
157836,anime coloring,1
114709,goddess,1
435814,enkaboots,1
614429,探偵学園q,1
126227,reincarnated as a sword,1
332106,ロスト・ユニバース,1
257176,welcome to the ballroom,1
331038,cecilia de rafael,1
559007,欲望学院,1
114661,emote,1
114848,pokies,1
159373,pov sex,1
233650,mecha girls,1
271856,all insect,1
450073,vagina shape,1
155720,idolmaster shiny colors,1
598408,"suraimu taoshite sanbyaku-nen, shiranai uchi ni reberu makkusu ni nattemashita",1
121938,3d style,1
3552,teen,1
182340,areolas,1
380548,face2video,1
285023,xianzi,1
578953,naruto classics,1
172668,round breasts,1
239285,nerdy girl,1
153625,elda ballad,1
375545,invisible boy,1
149339,dumbbell nan kilo moteru?,1
194965,stepmother,1
123732,no balls,1
179124,dracu-riot!,1
591398,honey blade 2,1
155110,linework,1
599424,ace step 1.5,1
274111,aquiline nose,1
591288,ニーナ・アレクサンドロヴナ,1
599263,thingshappen style,1
235177,spindlesx,1
547148,clammy,1
115412,aftersex,1
5305,lynda carter,1
389411,curious cat,1
161915,english text,1
165927,shin cutie honey,1
216541,shin matai toshi,1
146130,kaifuku jutsushi no yarinaoshi,1
455055,multiple views sex,1
115751,robotic,1
3687,unicorn,1
238502,aaron,1
208127,new 52,1
253386,vaginal knot,1
238448,animated film,1
425945,boob physics,1
177582,designbuildingarchitecture,1
481979,cumhater,1
170841,txt2vid,1
138764,noob,1
444740,wrapped around,1
5247,project_sekai,1
169482,princess jasmine,1
271326,punishments for bad girls,1
128769,saturation,1
115229,closers,1
131441,80's cartoon,1
431983,mamoru yokota,1
229402,image upscale,1
129261,asterix & obelix,1
256061,jk to ero konbini tenchou,1
575523,z-image muscle lora,1
551231,robert robertson,1
173694,finger sucking,1
2948,lovecraftian,1
261000,bamboo cell,1
144050,idol costume,1
118904,converse,1
208563,darkened pussy,1
304588,old women,1
120669,gundam00,1
112843,crocodile,1
264878,mane mane nichi nichi,1
277916,asui,1
609527,聖なるかな・外伝 精霊天翔～壊れゆく世界の少女たち～,1
121220,sword swallowing position,1
174317,super danganronpa another 2,1
123821,sono bisque doll wa koi wo suru,1
284298,tinky winky,1
179602,honey badger,1
121461,rouge the bat,1
540572,yuriko okada,1
141509,megami tensei,1
147088,invokeai,1
117248,cheek bulge,1
139998,green heart,1
226139,toei,1
237728,penis growth,1
264036,lacey games,1
587202,holes in clothes,1
601678,魔物ハンター妖子,1
326117,同級生2,1
125540,ryuuou no oshigoto!,1
115781,clothed,1
117953,deep,1
220478,serie,1
144037,new game,1
121784,jk uniform,1
161159,manhwa character,1
565972,flux.2 dev,1
239927,dronification,1
299292,shinkansen henkei robo shinkalion,1
6470,bocchi the rock!,1
152122,minami-ke,1
111052,kotobukiya,1
129692,venusbody,1
8211,blade,1
213955,clip,1
6991,soviet union,1
3793,ace attorney,1
16598,男の娘,1
291165,danganronpa another,1
581904,yuusha party wo oidasareta kiyoubinbou,1
336664,passive,1
3935,brazilian,1
136374,sex toys,1
165159,clochette,1
203847,squaresoft,1
116824,chelsea,1
287506,pseudo blowjob,1
609068,mario's madness,1
164809,ripped clothes,1
40301,team fortress 2,1
120657,hobby,1
117510,kid icarus,1
189497,cherrymousestreet,1
159347,arthur pencilgon,1
436110,inner pussy,1
473128,upright missionary,1
206871,nebel geisterjäger,1
224714,hikyou tanken fam & ihrlie,1
125241,reverse upright straddle,1
590397,precise head swap,1
148060,pachinko,1
115248,caucasian,1
119163,fatal frame,1
151899,riding dildo,1
183236,asian women,1
570154,zimage breasts,1
210108,flash game,1
147799,record of ragnarok,1
143305,stablediffusion xl,1
126692,sleep,1
166233,the pit,1
577742,atziri,1
140063,infection,1
181468,push-up,1
132979,ruined,1
593978,amara primal,1
36078,german,1
175285,summertimesaga,1
324929,bound to animal,1
610679,gender bender sequences,1
222086,isekai apocalypse mynoghra,1
614252,inma nemu no chuchu seieki tankenki,1
185698,mochizuki momiji,1
528736,radiant rabbit,1
111833,sports car,1
597175,qwen 3 tts,1
192198,huge cleavage,1
233999,fred flintstone,1
264218,monster scrappy doo,1
347741,hyper gigantic breasts,1
344379,syncope,1
122182,towa higurashi,1
2593,1970s,1
277660,mochizuki honami,1
585212,retargeting,1
196146,wings of fire,1
135604,guilty,1
118503,high school of the dead,1
146324,bwc,1
377103,photorealistic pony,1
222677,vat,1
576442,whatamass,1
129038,fleshlight,1
114447,taiwan girl,1
509603,wrong hole,1
231047,zoro roronoa,1
132385,casting couch,1
525374,bitch outfit,1
370059,"annemarie reiter - bernd und das rätsel um unteralterbach, unteralterbach, uab, bernd and the mystery of underagecreek, ベルントとウンターアルターバッハの謎",1
369294,yuzhou,1
112958,stomach,1
293185,atelierryza,1
369433,resist,1
114965,office lady,1
501791,naked dogeza,1
301462,plump pussy,1
320572,fake breast,1
118046,robot girl,1
151023,gym shorts,1
251592,penguins of madagascar,1
140446,hyperdimension neptunia,1
267689,class de 2-ban me ni kawaii onna no ko to tomodachi ni natta,1
253087,socks over leggings,1
8688,cape,1
138252,analplug,1
304370,selma,1
2248,traditional,1
177737,duckman,1
135338,taki,1
258253,bedinvite,1
148215,jabcomix,1
3570,all fours,1
533116,crisp lines,1
594753,z-image gguf,1
448170,onlyfans pornsuit,1
273136,hanabi hyuga,1
263440,j-fashion,1
426257,faginal,1
166058,knitted,1
2003,androgyny,1
124771,hanman,1
217726,worflow,1
285674,neyukidou,1
113803,vietnamese dress,1
127753,all saints street,1
230130,"love, chunibyo & other delusions!",1
134013,nezha,1
299835,ginrei,1
111051,free!,1
203672,spider gag,1
124014,pacifica,1
186594,wives,1
213350,handgag,1
515984,over knee socks,1
229336,stepping on,1
126137,western anime,1
131132,cow costume,1
289040,the seven heroes,1
126079,ホロライブ,1
491060,hitman: blood money,1
5304,pool,1
306796,mmaudio,1
264040,faceslap,1
265932,grilled chicken,1
118908,european woman,1
371707,female combat,1
508825,bauer twins,1
144341,takamiya rion,1
132279,ochaco uraraka,1
112708,gas station,1
156286,sdxl anime,1
466416,茶啊二中,1
160588,from_below,1
184461,wantanbe,1
113559,warehouse,1
109290,egypt,1
149067,punching,1
119927,cccp,1
146535,paranormal,1
4854,equine,1
439832,rosemary winters,1
168,gorillaz,1
402492,apocalypse hotel,1
6616,korean girl,1
359727,fate serie,1
420257,spread-eagled,1
371809,shiny swimsuit,1
396925,bend forward,1
140212,game style,1
1433,gym,1
159289,shangri-la frontier,1
297255,artiststyle,1
1440,moana,1
125484,oldman,1
125546,stuck,1
132680,my home hero,1
597109,dead account,1
512840,makina kurusu,1
132753,changing room,1
421703,愛する妻、真理子が隣室で抱かれるまで ～あなたが知らない事、彼がたくさん教えてくれました～,1
114547,saikyou onmyouji no isekai tenseiki,1
2559,jinx,1
285174,zoom out,1
3512,tv show,1
124415,symbols,1
5334,big boobs,1
597446,circlestone,1
134997,prone,1
418626,mother2,1
366251,ruined nurse,1
2826,comic art style,1
172449,face detail,1
6708,cinderella girls,1
366497,showergirls,1
119197,double penetration,1
139202,virgin killer cloth,1
382038,金田一少年の事件簿,1
578458,ryouki no ori dai,1
117369,body,1
273922,hentai game style,1
114673,3d渲染,1
597811,"yūsha party ni kawaii ko ga ita no de, kokuhaku shite mita)",1
143663,rts,1
339307,bbu,1
173269,food porn,1
446902,imagen 4,1
129898,aromasensei,1
312848,lilboots,1
364946,sideview blowjob,1
565543,hibana kagari,1
137761,duel monsters,1
610974,play! play! play!,1
118843,color,1
111354,bodywriting,1
191213,katia,1
421,sisters,1
571386,h-character,1
565892,phase_connect,1
153412,extreme fetish,1
123028,celestine lucullus,1
5644,wixoss,1
599327,witchriv,1
220375,rpg maker,1
2276,bad hands,1
119758,harem,1
154277,etching,1
407090,bodyshape,1
264586,oface,1
150117,yu-gi-oh! sevens,1
259913,merged model,1
123473,impregnation,1
111633,bouncing breasts,1
331927,真夜中ハートチューン,1
356,spaceship,1
466327,jared,1
546716,pokefur,1
148526,orenji,1
308131,wetspot,1
528302,tour_parrty,1
130590,cryptids,1
113461,beauty salon,1
281956,パワードール,1
307229,crisisbeat,1
121585,mulan,1
119334,erection,1
307,dick,1
145208,minamoto,1
272323,krystal novaty,1
186156,character lora,1
159487,"sdxl 1,0",1
488804,okasare yuusha,1
270500,breast sizes,1
149931,the melancholy of haruhi suzumiya,1
4925,sewayaki kitsune no senko-san,1
137645,joe,1
1826,red,1
183203,quadruped,1
125486,chiaroscuro,1
125453,nhatbinh,1
327469,riding sex,1
159842,martial peak,1
135512,tentacle pit,1
359932,pose estimation,1
2889,nanakusa nazuna,1
138613,leaning forward,1
369850,ntr legend,1
138413,colorful stage,1
577969,toner brush strokes,1
471429,latex cross-laced bodycon,1
112227,mouth,1
220360,noriko,1
165104,yinglet,1
123142,young justice,1
170699,motion lora,1
128886,grab breast,1
182311,western comics,1
137933,street fighter6,1
200985,personality excretion,1
603775,avatar : the way of water,1
247647,"tensei kizoku, kantei skill de nariagaru",1
605201,fire red image edit,1
112663,museum,1
2041,night elf,1
456,french,1
120834,hyrule warriors,1
261978,reinhardtzar,1
429799,pull down pants,1
236339,over the edge,1
137372,地下城与勇士,1
3491,hyperrealistic character portraits,1
2988,constricted pupils,1
573049,nano banana style,1
310798,code geass: rozé of the recapture,1
565686,nudist camp entrance,1
115691,exterior,1
579699,leigh-mary,1
6593,mechanized,1
410267,kanade otonose,1
314353,depixon style,1
117733,against glass,1
146328,marisa kirisame,1
560952,multi image to 3d,1
229712,go! princess precure,1
3741,the testament of sister new devil,1
243797,supernatural academy,1
550019,尿道プレイ,1
567853,macromastia breasts,1
279007,hippolyta,1
217253,accidental,1
336,hucow,1
5367,watamote,1
141612,solatorobo,1
5177,beautiful,1
114760,goth girl,1
126417,chloe,1
300388,ltxv,1
110514,+18,1
141793,no lineart,1
525760,leaning_forward,1
316743,brown dust2,1
124546,public use,1
121114,bible black,1
2152,dnd,1
375317,yu-gi-oh! rush duel,1
2534,bar,1
585233,魔王の娘は優しすぎる!!,1
108537,boots,1
3045,gagged,1
110366,draenei,1
122299,kurisu makise,1
609009,kubo art style,1
190618,little tail bronx,1
324060,small top,1
160130,teen girl,1
184755,alopex,1
130308,pastel colors,1
110957,eyewear,1
1424,vibrant colors,1
125895,aijo karen,1
135558,shocked,1
110792,lovelive,1
614253,weathered nordic city gate,1
5169,armor,1
226943,dance in the vampire bund,1
129170,children's book,1
2912,velma,1
138260,mesh,1
6150,asuka,1
6014,va-11 hall-a,1
373642,naruto style,1
557470,qwen rapid,1
111595,naked woman,1
186134,magic user's club,1
433640,母さんじゃなきゃダメなんだっ,1
602418,ドキドキ！プリキュア,1
538253,big barda from justice league unlimited,1
131244,tit,1
596516,h-charecter,1
407073,necromorph,1
232849,sockjob,1
2653,rule 34,1
666,water,1
5314,folded,1
122114,thigh boots,1
113029,scuba diving,1
158312,size fetish,1
114928,film grain,1
131058,john singer sargent,1
120945,soifon,1
169131,tiny penis,1
383906,tainaka ritsu,1
119103,granbluefantasy,1
289,noir,1
138751,movie poster,1
128043,cross dressing,1
236825,tensor art,1
212561,flared pants,1
344113,雨月しのぶ,1
608040,セネルヴァ,1
563984,micro bikini outfit,1
371144,friends to lovers from today,1
2544,power,1
165579,transfemme,1
426465,acestep,1
124774,seamless,1
310758,game lora,1
179031,mf ghost,1
457519,saki hanami,1
230708,josou seme,1
141261,submissive_pose,1
112536,stitch,1
606487,kandima,1
110521,low poly,1
145597,arknight,1
6517,anubis,1
146542,zoom,1
196600,comfui,1
185358,shock,1
495432,testiclebra_base,1
252002,淫梦,1
132754,fitting room,1
2512,bubble butt,1
374728,bigger sub,1
228350,lyrical nanoha,1
257172,兵藤 マリサ,1
341738,aqworlds,1
591287,ひなろじ ～from luck & logic～,1
15902,poster,1
116819,garfield,1
355192,text rendering,1
137235,project qt,1
610137,nangong yu,1
320573,boltedontits,1
119350,depth image,1
111363,light novel,1
548984,勇者パーティーを追放された白魔導師,1
455390,レナリス,1
147716,death march to the parallel world rhapsody,1
3597,braless,1
3957,helper,1
110558,cartoonish,1
136865,facehugger,1
114410,against wall,1
3043,gaping pussy,1
206027,langrisser mobile,1
437765,mibu natsuki,1
601473,bbq大好き,1
110363,lycoris,1
147927,autopaizuri,1
165664,vpred,1
119750,sister,1
359463,clhoting,1
264211,kelly bundy,1
343996,fatima betrorum,1
322492,undercarriage,1
185365,rena erindel,1
397265,virtual babe,1
132190,hong meiling,1
132707,yumekui merry,1
552878,baby boomer,1
173030,milk bath,1
586180,佐和子,1
214738,castle town dandelion,1
129385,fpov,1
167063,lololowka,1
257040,black dog,1
178616,hung,1
162225,stubble,1
2926,games,1
2241,logo,1
114515,pixiv,1
183128,prompt generator,1
180591,kurumi noah,1
221547,sayaka isoyama,1
970,gun,1
133142,gtm,1
124902,brutal,1
193934,lcm-sd1.5,1
111845,neck,1
187684,a kite,1
260085,anal toy,1
127956,ripped,1
7404,gesture,1
177607,hentai character,1
263347,blonde female,1
208833,tomose shunsaku,1
142121,asaka karin,1
117249,:>=,1
1659,goblin,1
115283,terminator,1
135366,fulgrim,1
127023,musclegut,1
221446,rhinestone,1
134486,assjob,1
339609,tamamonomae,1
117889,flash,1
486434,tntacles,1
309694,sexual coaching,1
118299,demon hunter,1
309924,ユニコーンオーバーロード,1
279378,mother-son island survival,1
287524,ディスガイア,1
544406,xj6,1
112758,astronaut,1
564000,lennie ai,1
112369,goat,1
3220,khyle,1
122790,tae takemi,1
196834,o-face,1
131275,mimic,1
161921,spaghetti strap,1
172028,mewto,1
353453,hentai art,1
2386,character sheet,1
169141,angel blade,1
369104,wobbly ass,1
410959,pippi långstrump,1
188651,immersive,1
243886,batman the animated series,1
111202,pokemon scarlet and violet,1
304355,realistic embedding,1
283951,bigger,1
593002,klein 9b,1
269495,textencoder,1
143812,juggernaut,1
442083,lootbox,1
1280,gynoid,1
114435,elsa,1
186029,intruder,1
129958,lucario,1
122544,stripping,1
411183,waifu academy,1
150579,shiori novella,1
346131,dmd2 workflow,1
272571,cross core,1
334710,dress up darling,1
572854,"dad is a hero, mom is a spirit, i'm a reincarnator",1
200902,thedisastrouslifeofsaikik,1
188261,warlock and boobs,1
174654,bartok the magnificent,1
121147,oil,1
2697,pastel,1
114750,asian girl,1
318558,"go, dog. go!",1
240190,short girl,1
437172,二叶好奏,1
267089,君影 唯,1
3765,kink,1
3579,neco-arc,1
2508,dakimakura,1
126456,bird girl,1
136106,emsemble stars,1
121499,small tits,1
264029,unionism quartet,1
129575,trials of mana,1
138902,gakusen toshi asterisk,1
612062,tequila and boom boom,1
431883,the age of bhaarat,1
376980,御樱禀,1
345935,erotic dancing,1
247275,penis monster,1
252391,image-to-image,1
141145,sounding,1
208595,dark anus,1
226614,base models,1
78432,mecha_musume,1
169474,dunmer,1
264591,fuckplant,1
458168,perverted expression,1
530795,qwen image edit 2509,1
163434,eldritch abomination,1
232486,ドラえもん,1
133293,fire emblem echoes: shadows of valentia,1
611018,angel blade punish,1
189681,sentimental graffiti,1
189231,808,1
128288,thot,1
1906,tutorial,1
120607,cinderella,1
132256,nudify,1
140714,the last blade,1
556270,birth counter,1
305404,a song of ice and fire,1
576489,moriaaa,1
124099,toki,1
124538,oiled skin,1
236593,realistic horror,1
124882,cel shading,1
168440,the modifyers,1
135833,lala satalin deviluke,1
492110,明星志愿3,1
553460,草津てるにょ,1
273178,uba,1
303623,buster,1
116903,merlin,1
568839,teasing grin,1
142766,car interior,1
246847,sex positions,1
115895,solo leveling,1
549038,multipe girls,1
209867,multiple men,1
157960,water pokemon,1
123760,fire emblem awakening,1
425310,永倉 えみる,1
607506,amiusa,1
145736,hairstyles,1
401,spanish,1
109808,nina,1
286650,gfl 2,1
300762,brush tentacle,1
576930,eternal city,1
113921,car design,1
111055,hand in panties,1
400988,colored manga style,1
506403,トリッカル,1
16129,ice,1
129568,god eater,1
176813,monstrosity,1
110869,ejaculation,1
1903,funny,1
283678,booty royale,1
573792,花海咲季,1
544174,toujima tanzaburou wa kamen rider ni naritai,1
5528,cinematic lighting,1
4090,serafuku_(sailor_uniform),1
141650,dmd,1
159251,titsjob,1
470503,real-life,1
348315,plumhopper,1
606378,harem fantasy,1
224556,absorption,1
114358,semi-realism,1
112469,military uniform,1
307581,snail shell,1
441725,concealed brests,1
135416,public indecency,1
573329,longcat-image,1
522699,henshin!!!  pantsu ni natte kunkun peropero,1
116334,美杜莎,1
167504,henshin,1
170912,restraints,1
156020,my style,1
592754,tao fa,1
159501,cnxl,1
160774,sexual content,1
110857,bang dream,1
239069,shinosawa hiro,1
502251,zeta gundam 1985,1
129548,x-cross,1
202806,cum play,1
342869,game dev,1
148116,marathon,1
613784,hexenhaus,1
126272,bodycam,1
134558,latin,1
112594,cabin,1
228352,double vaginal,1
223702,magia magenta,1
232921,flesh toys,1
382523,extreme insertions,1
385473,power pro kun pocket3,1
128526,nhk,1
158383,r-mk,1
227514,milkers,1
207339,bontage,1
187508,triboob,1
179879,samurai rabbit,1
143993,slave clothes,1
170377,seong mina,1
613441,サキガケ⇒ジェネレーション！,1
516886,kyokugen chikan tokuiten,1
157404,覇王大系リューナイト,1
326386,tech control,1
110937,nose,1
112445,track and field,1
115309,extra arms,1
545724,slow twerk,1
5742,detailed face,1
559247,qwen-image-edit nsfw anime,1
182542,the land before time,1
2531,xenoblade,1
113614,mirror,1
111756,motorcycle,1
209708,onamor,1
154149,subnautica,1
361,samurai,1
272842,artistic sense,1
117432,rail wars!,1
116079,japanese idol,1
118920,micro bikini,1
3227,shield hero,1
2841,bravely default,1
506058,dungeons and dragons 2024,1
115129,re4,1
179615,psycho-pass,1
261045,tupu,1
132184,headless,1
211749,renee,1
132357,cum shot,1
117757,pilot suit,1
262372,men's urinal,1
115405,yu-gi-oh gx,1
119343,nabiki tendo,1
218167,image enhancer,1
247261,monster penis,1
233711,ぶいすぽっ！,1
130724,erabi_,1
142457,selfcest,1
152,black and white,1
159129,hailey's on it!,1
343989,tojothethief,1
194035,huge muscles,1
121310,russian woman,1
129686,cross fire,1
585234,the demon king's daughter is too kind!!,1
213518,"reborn as a vending machine, i now wander the dungeon",1
482250,same face,1
196541,enhance,1
129961,destruction,1
417849,marcomastia,1
168324,cum on cloth\,1
579337,chihaya rindo,1
191709,abriel lafiel,1
145483,fucking machine,1
5982,bondage gear,1
150089,iino miko,1
119703,quality,1
375198,fused,1
114769,stockings,1
2472,nickelodeon,1
167533,vierra,1
27176,milkingmachine,1
466419,love and sex,1
567032,flux 2 workflow,1
230155,alien force,1
454223,yadorishi otome no chikai to mahou,1
342711,adventurequest worlds,1
140560,nagatiti,1
128234,flat art,1
133708,whipping,1
371684,partial ctf,1
464727,vagina detailed,1
129156,queen's stallion,1
608039,勇者刑に処す,1
7219,tower of fantasy,1
151468,lanteveldt,1
117375,carol,1
277800,asoiaf,1
117363,guardian tales,1
292647,basic workflow,1
257072,school slut,1
4280,cosmic horror,1
551268,momokari mei,1
133421,megami magazine,1
282825,dan da dan,1
181947,packaging design,1
368878,livewallpaper,1
141822,サクラノ刻,1
158739,tristana,1
162184,bra pull,1
458169,lewd grin,1
356870,ltxv lora,1
437922,paint lab,1
136318,ladyboy,1
110645,marks,1
3380,malenia,1
220137,finger pussy,1
7154,the witcher,1
138906,trixie tang,1
207632,lilminindahouse,1
449637,mary appleton,1
228305,bravely default ii,1
405229,草隐文子,1
110963,tenten,1
120402,miss heed,1
5415,lillie,1
152794,eleceed,1
110972,vector art,1
129150,perfect boobs,1
130663,elphelt valentine,1
127221,horror art,1
235806,fat roll grab,1
612739,gakuen shinshoku xx of the dead,1
158725,high-rise invasion,1
585210,wumbo,1
122753,card game,1
181946,2d design,1
277606,joy caption,1
614503,アトム,1
135328,fire emblem: genealogy of the holy war,1
331814,neko para,1
130181,effects,1
130723,wlsdnjs950,1
577693,constricted,1
125553,policewoman,1
504756,qwen edit,1
135137,ohogao,1
161925,toeless footwear,1
340416,demon x angel,1
181099,aroma sensei,1
111889,kangaroo,1
155048,front view,1
416531,咲-saki-,1
156256,low twintails,1
354672,h games,1
186492,machamp,1
219438,my landlady noona,1
231625,wall·e,1
121003,emotion,1
4768,scrotum,1
547634,midoh tsukasa,1
549403,czn,1
614468,fatal frame 2,1
235481,ringo hanamaru,1
128617,hard nipples,1
230252,penis tattoo,1
586790,yuusha no kuzu,1
191003,captain fall,1
117327,emperor of mankind,1
116544,slap mark,1
112531,inflatable,1
441724,unexposed breasts,1
150225,wide angle,1
119973,small nipples,1
564407,サンドバック,1
257413,負けヒロインが多すぎる！,1
328415,explicit sexual content,1
124072,highheels,1
253,hyperass,1
155864,shirtpull,1
258126,nenena,1
168420,armored core,1
209880,water stream,1
147967,mai sakurajima,1
259248,rio rainbow gate,1
19,boy,1
122205,maiden,1
7659,beard,1
118594,iori yoshizuki,1
139193,naruto shippuden,1
415582,train strap,1
148306,mouth play,1
591289,hina logic from luck & logic,1
466415,沈思琪,1
598768,奴隷の剣,1
118680,venus,1
155080,umemaro,1
429,race,1
430994,rnd futa,1
168639,speed,1
539943,demyra,1
173813,satono diamond,1
3536,chinese dress,1
577283,19 centure,1
155225,nanbara chizuru,1
497198,cartoon man,1
263837,"sokushi cheat ga saikyou sugite, isekai no yatsura ga marude aite ni naranai n desu ga",1
142488,kuroneko,1
21333,ruins,1
234985,forsaken,1
462997,drawn hentai,1
235938,dungeon keeper,1
146561,dragon quest vi,1
506,valorant,1
286856,public nude,1
219857,ovary prolapse,1
112056,grenade,1
254634,nyakumi,1
376467,alternate double paizuri,1
5494,mesugaki,1
111951,shorts,1
165195,spooning,1
135238,gems,1
406949,sleeping dogs,1
267842,lying on lap,1
589765,holding sex,1
530419,digimon beatbreak,1
111961,refrigerator,1
2957,spitroast,1
25,archer,1
169499,pig girl,1
595363,emotion changes,1
566152,my nerd boy,1
259229,index finger,1
383059,jackie oakes,1
132637,hinata sakaguchi,1
601650,daydream-scope,1
256601,glass of cum,1
3652,cleavage cutout,1
162698,holding another's wrist,1
224452,kingdom hearts 2,1
614136,3 piece the animation,1
585331,the case book of arne,1
149769,sex acts,1
212967,guinaifan,1
3281,splash,1
119330,melusine,1
3665,metal,1
137739,17th century,1
572780,minecraft machine,1
510454,wan video 2.2 i2v-a14b,1
123214,chaika,1
390586,wanfun,1
123824,id photo,1
123970,ahsoka,1
227054,realistic skin,1
1354,textual inversion,1
247464,small woman,1
194381,tenka izumo,1
131712,mobile legends,1
240373,wutheringwaves,1
143121,being a dik,1
121725,gamedev,1
138251,buttplug,1
214006,helldivers,1
120605,league,1
163371,wuzzle,1
114417,thigh highs,1
138743,japanese art,1
126757,mamako oosuki,1
113360,adult toys,1
256269,the grim adventures of billy and mandy,1
567946,blue archive hikari,1
470663,welcome to the outcast's restaurant!,1
451016,ncs,1
112279,tape,1
254721,malzeno,1
141560,clawdeen,1
361343,restraining,1
126303,tekken 8,1
271488,taz-mania,1
210101,scarlett ann,1
179097,endministrator,1
575522,zit muscle lora,1
133308,summertime saga,1
201574,squall meusel,1
143827,anal object insertion,1
131486,merryweather media,1
112573,handwriting,1
112466,suburb,1
471683,m k,1
2343,mech,1
257714,wossarem,1
269482,rainwing,1
167062,lololoshka,1
111374,tribadism,1
191125,tsireya,1
127634,witchblade,1
230318,7ds grand cross,1
3405,hunter x hunter,1
152169,紫苑寺有子,1
5543,艦隊これくしょん,1
147565,fate kaleid liner prisma illya,1
135571,nasu suketaka yoichi,1
459916,era of sèpia,1
5907,sapphire,1
162905,bra lift,1
133599,plus size,1
126122,drakengard,1
181074,high five,1
130118,thicc thigs,1
241229,manhua character,1
252133,tokai teio,1
145492,pen and ink,1
613353,ココロネ＝ペンデュラム！,1
571347,ekaterina nechayeva,1
477217,星光の殲滅者,1
130721,tales of androgyny,1
127052,spank,1
195903,realisic,1
234274,phausto,1
308802,nipple plug,1
134569,hyuuga hanabi,1
128372,ling xiaoyu,1
231695,realistic porn,1
505494,wan 2.2 images,1
143213,odin sphere,1
239002,masashi kishimoto,1
120988,akame ga kill!,1
155991,cum bath,1
129059,stocks,1
2095,nintendo,1
1978,russia,1
440137,sagattoru,1
584372,wet lens,1
5125,nessa,1
255132,ecmajor,1
256174,human chair,1
125834,stasis pod,1
314428,uncensored.com,1
170486,phantasy star online 2 new genesis,1
183131,possessed,1
143665,rts game,1
477283,si mei,1
182319,biomech,1
155564,spying,1
260173,body expansion,1
117124,resident evil 4,1
7243,kimetsu no yaiba,1
268576,boku to misaki-sensei,1
303317,elfaria alvis serfort,1
213540,auroraxl,1
452,victorian,1
169,punk,1
120880,body hair,1
552604,massefecct,1
270302,dmd2,1
241274,hymen,1
217130,evenicle,1
119621,mega man,1
444,water elemental,1
117379,test,1
146563,walkure romanze,1
262543,kyoko takatsuka,1
614393,"kon-kit, cherry queen, urakon",1
376979,樱之刻,1
497603,"99bsy99,   medium breasts, freckles, ,long hair,  black hair,  dark skin,   dark-skinned female,",1
606471,retro hcg,1
112539,slapping,1
363985,60fps,1
150822,otome,1
5351,child,1
149977,animatediff,1
230399,medarot,1
155358,accel world,1
543593,tragic beauty,1
145958,traffic cone,1
288210,under the bed,1
222,container,1
186398,reinbach,1
112907,sheep,1
114567,topless,1
256338,lascalae,1
250747,rockman exe,1
258785,date to die for,1
242920,mutual,1
139115,gator,1
112498,fist,1
143915,chav,1
111304,dragon quest xi,1
259369,少女前线,1
7005,cookie run kingdom,1
364063,bathroom photography,1
314538,five nights at freddy’s,1
580054,qwen-image-edit-2511,1
147289,nikki,1
598395,large sub,1
110625,inuyasha,1
6875,kakegurui,1
506983,minotaur hotel,1
335008,tickling feet,1
143822,checkpoint merge,1
141861,muscular anthro,1
239158,anal stretching,1
210239,period fashion,1
5221,instagram model,1
110875,tsuki uzaki,1
252628,hand over mouth,1
120376,fbb,1
156185,motherly,1
182448,skirk,1
116427,momiji,1
266277,jairou,1
134145,sarvente,1
186593,wive,1
130202,billie,1
364,infinite,1
5313,legs over head,1
2866,highschool dxd,1
145899,yoshi,1
527198,polydactyly,1
116457,straight hair,1
131537,dead space,1
274350,text to video,1
6563,uncloth,1
180455,virgin destroyer sweater,1
325386,dexters laboratory,1
459684,smoothmix,1
300162,kuromaru,1
118010,hairstyle,1
118211,mommy,1
120127,styl,1
160392,cumswap,1
143639,kintsugi,1
124863,beatiful face,1
613277,captain sikorsky,1
438367,ikizu live! love live! bluebird,1
153448,copaxrealisticxlsdxl1,1
288636,futanari transformation,1
130328,presenting,1
116087,beelzebub,1
242186,youkai watch,1
2419,princess zelda,1
571853,hyper_gigantic_tits,1
179672,pencil art,1
210599,cum on eyes,1
613595,"female, 1girl, detailed eyes, clear eyes, best quality, dynamic lighting,  green hair, green bangs, split bangs, mawile twintails, mawile hair, pigtails, twintails, twintails with teeth, mawile twintails, small eyebrows, green eyes, tsundere, snaggle tooth, tsundere fang, moe fang, dynamic pose,",1
214708,my mental choices are completely interfering with my school romantic comedy,1
115525,vid2vid,1
143312,fate/stay,1
219815,rhinoceros,1
168658,meatshield,1
220864,clipvision,1
143570,jewel,1
380896,rune adventure,1
237705,emmy the robot,1
148351,fictional character,1
259567,"i'm_not_calling_you_""good_boy""_(meme)",1
357318,enigma of sèpia,1
7387,babe,1
2364,anythingv4,1
269986,measuring,1
248236,mules,1
285443,trans girl,1
210279,hyuga hanabi,1
6052,nico robin,1
163609,dead island,1
182508,蕾絲蕾莉安娜的煉金工房,1
595496,ruined for marriage,1
417644,armored knight iris,1
114593,shy,1
138281,crotch,1
189143,haikyuu!!,1
597213,alienmyth64,1
349201,taimamiko,1
112129,sticker,1
117623,atom,1
608266,philly carpenter,1
152622,fighting stance,1
5250,required files,1
160477,anime lora,1
541828,love potion disaster,1
168091,booru,1
202164,enji,1
235168,spindles,1
119396,cumdump,1
265535,7 days to die,1
127571,grand theft auto 5,1
117154,gbf,1
5658,pretty,1
134148,narnia,1
123457,takagi,1
110835,fl chan,1
115462,viking,1
286775,yoshitaka tamaki,1
152038,sex position,1
338150,mouth pussy,1
411575,90s anime style,1
186621,ヨル・ブライア,1
209641,meicrackmon,1
5324,cow_girl,1
480,village,1
3201,afrobull,1
252551,older milfs,1
237635,kamihime project,1
179868,rope bondage,1
7352,kinomoto sakura,1
160331,kenichi sonoda,1
117229,cowgirl position,1
150358,uv,1
532381,tsk,1
119198,sandwiched,1
226369,mitosis,1
162706,egg vibrator,1
592554,cho kaguya-hime!,1
229066,milk money,1
120413,asuka langley,1
363005,video upscale,1
241203,pussyjob,1
557871,selvena,1
123105,bitchsuit,1
413811,the weirdo,1
121727,canine penis,1
123049,attire,1
121694,tentacle sex,1
604918,yvotoro,1
602442,flux2 klein 9b,1
120017,funny face,1
315119,thighighs,1
409752,透けている,1
114263,8k,1
604940,two-tone bell-bottom bodysuit,1
116935,five nights at freddy's,1
120485,xenoblade chronicles x,1
518207,majuu jouka shoujo utea,1
191708,crest of the stars,1
527730,pearlycc,1
157907,genitalia,1
109875,panty,1
6032,on bed,1
113452,figure skating,1
172156,blonde bombshell,1
2370,fairy tale,1
227093,slave girl,1
213668,max caulfield,1
510613,kakuriyo: bed & breakfast for spirits,1
179810,kusuriya no hitorigoto,1
587777,cursed forest quest,1
2457,sxz,1
146637,sex act,1
114434,frozen,1
200606,snapshot,1
613072,crochete,1
146588,average,1
512977,infinite talk,1
591182,flux.2 klein 9b,1
609495,toilet prostitution,1
314352,depixon,1
279886,okko,1
247148,distilled,1
258636,snake woman,1
161814,british empire,1
2374,map generator,1
238926,brother bear,1
133949,durandal,1
151904,blink,1
133,bloodborne,1
143012,stranger things,1
350071,flatline,1
168661,face detailer,1
376976,3d illustation,1
606298,textured penis,1
6218,asian man,1
180903,night photography,1
542323,av videography,1
6874,priestess,1
437697,ririka ichijou,1
247663,banner of the maid,1
123886,the rising of the shield hero,1
129204,the idolm@ster: shiny colors,1
403726,classical girly china ribbon dress,1
573519,florence-2,1
589654,prostate stimulation,1
116137,liquid,1
220775,shinkon gattai godannar,1
608996,clothed bukkake,1
599262,thingshappen_style,1
333924,serenity swimsuit,1
544295,yuzuki nanase,1
233375,quadruple amputee,1
115126,christian,1
2313,egirl,1
124769,nostalgic,1
435818,cunnyfunky,1
589867,evoll,1
606150,luster,1
146856,ponyplay,1
3841,grandpa,1
614068,masturbation club,1
614258,chaos rings iii,1
262392,hoshikawa yuzuha,1
496239,crotch punch,1
221271,the book of life,1
585232,maou no musume wa yasashisugiru!!,1
560551,chinese military dance meme,1
125156,multibreast,1
315810,huge anal,1
328731,fuckmachine,1
187,bloom,1
281329,booster,1
155556,yayoi,1
216924,nipple fetish,1
235979,atla fayon,1
230031,komaru naegi,1
240906,john persons,1
464313,inraku no kumotsu,1
349083,pressure,1
553043,horror queen,1
579222,hoarder house,1
154967,fate prototype,1
248792,breast shape,1
124280,denhijou niki,1
477568,sons of the forest,1
493826,스트리머,1
1051,yor briar,1
111806,desk,1
274476,upsidedown,1
183014,hypermuscle,1
379161,drv3,1
131687,papercraft,1
140790,messy,1
515876,video dubbing,1
476442,degraded bitch,1
4594,breast curtains,1
123887,tate no yuusha no nariagari,1
614504,鉄腕アトム,1
146531,medabots,1
5253,russian,1
5592,stardust,1
112321,sock,1
123244,huniepop,1
215985,virginia,1
293529,fat furry,1
136145,incredibles,1
130960,measure,1
114764,veiny cock,1
147513,wet panties,1
36081,helen parr,1
392177,whutering waves,1
189,psychedelic,1
117899,devil,1
2094,splatoon,1
6146,galaxy,1
111594,riding,1
235613,bouncing,1
111943,swimwear,1
5330,ballgag,1
219493,sanbun kyoden,1
239833,foot worship,1
375254,piledriver sex,1
577071,aizawa haruna,1
316833,magical girl lyrical nanoha vivid,1
519519,diverse space presentation,1
516,attractive,1
224601,sextoys,1
4773,Uncut,1
7619,rabbit,1
153524,shrinking,1
127447,lip bite,1
171435,splinter,1
112128,sign,1
183069,mirror maiden,1
482874,licking floor,1
382514,blowjob face,1
143283,celesphonia,1
58,futuristic,1
572113,kingdom come  deliverance,1
143349,この世の果てで恋を唄う少女yu-no,1
481423,nukitashi the animation,1
481885,milky galactic universe,1
