userId,viewCount
994880,4176
7076753,2680
7617770,1849
3399791,1640
1436826,1503
413815,1382
2819462,1193
14538,1182
1811453,1166
137532,1141
503296,1086
5890846,1030
3419729,1016
3920049,993
2339156,976
6520049,913
9136281,909
2515131,892
2841802,865
73783,818
7026904,797
1309948,763
289798,734
7658447,731
473101,712
4834969,696
31176,675
6357,653
1381280,646
6305054,632
5035015,625
195734,618
2430837,607
115157,597
2253457,597
8990772,585
170862,583
654585,573
9832676,571
6584928,556
6304323,552
602767,545
3300529,544
1472290,534
3646440,531
4856161,531
6931412,527
6325072,527
97208,527
2635878,526
2155925,512
3527209,511
1057201,503
2083965,500
2391347,494
5820527,464
2664027,456
3574188,452
9454219,450
5364841,447
4872151,442
3252245,440
10391948,434
584970,432
7526757,428
131273,424
10267803,417
5959706,412
8485329,412
2321907,411
5861440,410
6605278,407
6485327,404
1403363,404
2070592,403
5767556,398
7550568,395
1778709,393
6602895,384
2333656,383
60461,376
6328240,374
435764,371
10142613,369
1900830,357
347815,356
4241743,353
4957200,352
1495313,351
961207,350
4718748,344
6579132,343
4752203,338
131137,335
8620628,329
5072061,323
8404164,321
1281335,320
7364713,319
1247607,314
5376933,313
878985,311
133242,311
969089,311
7603079,308
7914637,306
203815,306
2491907,304
6488105,301
5828326,295
4592873,294
5849735,294
1336623,292
1884999,292
2515429,292
6993061,291
8904844,290
2657266,289
8107318,285
8576657,283
1199603,283
2043827,281
3014499,281
10454329,281
3494088,280
7405536,279
5148822,278
4863924,278
561447,277
3460591,274
7133957,272
1660422,267
7345002,266
2832460,266
3879899,265
4753801,265
8831418,265
963784,264
3182257,264
2802661,263
5266688,262
8002572,261
10752156,258
2479647,256
3513656,255
648777,253
5092855,252
2384014,252
1773949,252
9927911,252
2083861,250
8644319,249
3104386,248
6426806,247
4382971,246
3943180,244
3429179,244
2417231,243
778209,242
7695471,242
2388908,241
1248159,240
4207030,237
4620279,236
143956,236
6270605,236
9828277,234
5473401,234
11471015,234
618293,233
8661169,233
3803780,232
448048,230
374819,229
569205,227
2040954,225
733829,224
128655,223
1739124,223
4730001,223
4958664,223
4113619,222
4048294,222
3747791,221
1501507,218
9154488,216
1110914,216
2840745,216
9513174,212
403542,210
1569392,210
91396,209
1269491,208
4313379,208
7329184,208
11338132,207
3264922,206
8139,205
5617471,205
6280918,205
251669,202
8619213,200
1244881,200
9376970,199
6327768,198
766388,198
5324614,197
578996,197
110483,197
1975006,197
3139612,196
2667450,196
2867257,196
3478581,195
1533708,195
1027928,195
2510338,194
354355,192
1623169,192
9023356,192
5418,192
910606,191
2308686,190
2996140,190
1491803,190
9695772,190
5951391,190
7497404,189
2303810,189
9263414,189
3699775,188
1577646,188
678660,187
289216,186
2958424,186
2590287,184
8564921,184
9600616,183
1344367,183
11510293,182
4896888,181
5918215,180
11028328,180
2115897,179
9159020,179
5801130,178
4638301,178
6595900,177
6856725,177
9813558,176
1279061,176
9878901,176
10745600,176
6238212,175
2058324,175
2137890,173
4067188,173
2645490,171
11347132,171
5349250,171
1985021,170
10478471,170
3919983,170
3957478,170
107364,169
4999488,169
5703450,168
5298440,168
9421080,167
5490815,166
4452490,166
4944,166
11175084,166
363006,166
8806035,166
4395853,165
6264906,165
1920224,165
5096942,165
2603608,164
4645,164
4687484,163
10680775,163
1974608,163
620721,163
7479096,162
1621511,162
7433257,162
2703479,161
1530717,161
8108432,161
8922907,161
9068750,160
3637321,160
2906983,160
9472933,160
126310,159
4272785,159
3794499,159
8095703,159
7241967,159
6661915,158
999721,158
91395,158
5102107,158
1816750,157
10673386,157
3239149,157
2240823,157
2827622,156
3936856,155
3446224,155
4942893,155
458948,155
3000315,153
5456146,153
2591415,153
797839,153
550395,152
3037339,152
8990133,152
981825,152
118797,151
6757044,151
2605384,151
6227003,150
2654852,150
6773743,150
137281,150
837430,149
2677512,149
6922605,149
1944054,149
1985042,148
2203964,147
7294687,147
10331907,147
5104364,146
1696652,145
8739788,145
4219438,144
3557873,144
10209091,144
473382,144
6765207,143
7198190,143
3509904,143
151389,142
1850035,142
2123962,142
5769271,142
4044644,142
1355689,142
8337883,141
3356204,141
172111,141
6973479,140
431827,139
4729966,139
7087438,139
3449347,139
4942518,139
201081,138
8844536,138
9000793,138
5551025,137
11216744,137
10132642,137
6041414,137
4702209,136
1377768,136
8826946,136
179323,136
1275114,135
373277,134
4362125,134
1480665,134
8974417,134
444386,133
4060721,133
6296460,133
862911,133
6878180,133
184885,133
4031289,133
894473,133
2522668,132
6558043,132
4501804,132
4126333,132
4682393,131
4240200,131
7337497,131
421770,131
4318652,131
10715366,131
1037823,130
10195446,130
2115497,130
13782,129
2137066,129
878309,129
905040,129
734856,129
5396502,129
3671072,129
4022632,128
362634,128
7566833,127
4702919,127
442187,127
5312962,126
1087348,126
9443434,126
670412,126
4932921,126
10149220,126
11574564,126
5452012,126
11289394,126
3418848,125
5321557,125
1715964,125
9902619,125
6262066,125
765049,125
10411847,124
10431693,124
7277278,124
11429139,124
5537791,123
5105923,123
8180390,123
11000671,122
1296338,121
8946907,121
1483780,121
5795747,121
7033368,121
6146216,120
237212,120
4870314,120
6648477,120
2909130,120
914336,120
7204271,119
6790866,119
4857060,119
3493061,119
83132,119
2591481,118
220143,118
3624771,117
5246574,117
4622639,117
197443,117
5428542,117
3084589,117
5494298,117
5035236,115
966153,115
4613059,115
6578129,115
3454614,115
5129859,115
436875,115
348368,114
8910933,114
4461607,114
1416921,114
2931297,114
5426212,113
9756953,113
5015255,113
2770395,113
1932198,113
2961626,112
1708227,112
211184,112
953888,112
11402193,112
4113166,112
6902507,112
5770540,111
8799212,111
3310484,111
1168639,111
4596409,111
5253948,111
4201803,111
2493641,110
8021434,110
8414797,110
1408690,110
3641534,110
9560402,110
259901,110
91401,110
6918937,110
6029704,110
10504500,109
1201871,109
8377327,109
1308311,109
4563148,109
8634771,109
56180,109
4160255,109
7425566,109
6570761,108
3963848,108
7564319,108
2234380,108
5507,108
10748682,107
6075412,107
5944915,107
4011187,107
10138372,107
8697449,107
5361748,107
3384468,107
7185876,106
1951926,106
1428394,106
384531,106
2181090,106
7928098,106
10669443,106
2469191,105
9652490,105
9645622,105
91068,105
6454589,105
7758063,105
4645253,105
608076,105
8120233,105
342732,105
1068380,105
6312198,105
7273190,105
7203338,104
3518753,104
2281527,104
2270502,104
2363717,104
6871576,104
742709,104
10946910,104
1147671,104
9437348,104
728725,103
8838553,103
3061765,103
4690323,103
5490533,102
81430,102
1031695,102
7143987,102
53515,102
3392723,102
61617,101
927879,101
1909202,101
9391099,100
20708,100
1989905,99
6702984,99
530384,99
9476754,99
2926281,99
2038209,99
8117010,99
4681331,99
3430129,99
2115866,99
10973574,98
10541827,98
4338470,98
10836420,98
6932965,98
10829455,98
10455237,98
7528696,98
922640,98
5968560,98
4313929,98
8076021,98
3638494,98
3639737,98
6702442,98
7210770,98
3034662,97
3865,97
4913790,97
10576870,97
6206823,97
6980365,97
8096027,97
7859584,97
2787519,97
8777507,96
2252518,96
5409982,96
2286000,96
9102354,96
3119513,96
5952358,95
4093798,95
4518490,95
1185760,95
4838824,95
3429305,95
4962762,95
3263908,95
5974642,94
735148,94
7842740,94
11035464,94
254775,94
3876538,94
2303698,94
8806967,94
191944,94
2980970,94
4208476,94
3991202,94
7458943,94
461660,94
1396112,93
5479411,93
559264,93
6612313,93
442413,93
2204069,93
585160,93
351693,93
3138087,93
5144243,93
4840480,92
7634064,92
8560252,92
9683073,92
2988804,92
8244760,92
7281598,92
2349593,92
2619878,92
871727,92
5070315,92
6744459,92
3450125,92
8071659,92
4792173,91
7768071,91
1965756,91
1657307,91
3745055,91
7791,91
4478169,91
517500,91
9063523,91
10001009,91
1176227,90
4798244,90
2003642,90
3852938,90
10535603,90
8182370,90
7568351,90
8627724,90
747825,89
7399945,89
3655222,89
5323623,89
1681888,89
6416879,89
72924,89
5163409,89
2550450,89
39650,88
4653919,88
8847867,88
8894760,88
67449,88
70294,88
5545125,88
546560,88
10778638,88
1471115,88
9661500,88
7295920,88
4820994,87
8455729,87
5889319,87
2084888,87
2545264,87
9065210,87
8087217,87
2653493,87
1461362,87
40224,87
4149395,86
1416124,86
958671,86
9190895,85
6178925,85
2678583,85
8372436,85
4138,85
207568,85
1158844,85
10380519,85
6377600,85
8722450,85
10899511,84
1144558,84
9425714,84
11512493,84
5232172,84
4333829,84
3025821,84
2746271,84
2786872,83
2189494,83
3788839,83
9156411,83
8319364,83
5530781,83
7154640,83
267774,83
8553628,83
1953634,83
6975152,83
288965,83
2120812,83
178872,83
2506,83
6396587,82
5197056,82
1671339,82
3791743,82
68031,82
3033739,82
3612734,82
5533590,82
4470934,82
1578556,82
11310426,82
4151508,82
5106829,81
3528392,81
4702714,81
9932166,81
10823825,81
2593299,81
9885942,81
1632794,81
468234,81
5848052,81
11522218,81
1060330,81
8024397,80
353793,80
5002117,80
5003881,80
9959254,80
1620280,80
5325910,80
9979488,80
324375,80
6893044,80
2016543,80
10150612,80
8440831,79
10084711,79
33797,79
9425504,79
18016,79
6642730,79
4504153,79
985679,79
16901,79
6184797,79
6007877,79
1900112,79
6851600,79
7752226,79
2803278,79
4774202,79
1399300,79
4007402,78
10108797,78
5401038,78
1252973,78
4322372,78
8400823,78
3123590,78
5212401,78
3539472,77
3319660,77
5047202,77
8355175,77
3872023,77
2572449,77
3382330,77
6015855,77
7207877,77
686229,77
2412379,77
8691469,77
9799863,76
10591348,76
2527027,76
4393551,76
8108706,76
303404,76
2659625,76
5903776,76
4632982,76
6246089,76
4556057,76
4141819,76
7765833,76
5442154,76
3492125,75
4191383,75
1497612,75
4862946,75
6306939,75
10180035,75
3710903,75
10171016,75
861887,74
7039557,74
9840082,74
11406536,74
9023530,74
9686269,74
1781941,74
1301131,74
4237152,74
6140962,74
1351669,74
6112921,74
9898400,74
2442362,74
2529993,74
6334437,74
4324712,74
2156298,74
8871853,74
3622903,74
4250483,74
81744,74
5442799,74
11036,73
5354077,73
7604700,73
2357466,73
3550163,73
3697556,73
6382930,73
6142616,73
10811669,73
9933509,73
813105,73
8846306,73
11513098,73
3324364,73
4157454,73
1362178,72
7831831,72
310858,72
9178756,72
2499278,72
2775232,72
8440034,72
2952830,72
5116191,72
2811687,72
9961156,72
86234,71
3933745,71
2295262,71
566000,71
4117893,71
1660248,71
114378,71
11296303,71
7103079,71
4216951,71
7369919,71
4002768,71
5812415,71
2449337,71
6393967,71
253877,71
7149000,71
8402408,70
5082433,70
2108336,70
6427104,70
4979815,70
4436428,70
9938895,70
178325,70
2197446,70
4051323,70
4256666,70
3411580,70
6511999,70
5753142,70
1423163,70
2629780,69
1268013,69
7726909,69
9786143,69
1054737,69
4337489,69
4016310,69
10510392,69
5322998,69
7730504,69
4635378,69
9168996,69
11114228,69
1727041,69
9234618,69
431764,69
4241400,69
3730918,69
7140032,69
2794036,69
5195421,68
484260,68
6101774,68
2334153,68
7014186,68
7343019,68
9982236,68
7849762,68
3842165,68
8978728,68
9715192,68
447104,68
6978430,68
6098156,68
85656,68
4198140,68
1788361,68
3896025,68
9637837,68
5235323,68
4052405,67
2000507,67
8550060,67
1667441,67
6477482,67
581786,67
1728610,67
6507535,67
434884,67
6322349,67
202187,67
2167670,67
3444246,67
3823856,67
2842457,67
6251094,67
7623849,67
52753,66
9331228,66
6025138,66
101918,66
9424195,66
6979054,66
4703800,66
4843062,66
43458,66
7109258,66
3744469,66
2510886,66
2662240,66
9713357,66
7363106,66
952355,65
310138,65
3333739,65
3230816,65
4986546,65
3750441,65
7801146,65
7709036,65
176397,65
7042991,65
1711276,65
8805160,65
6404960,65
4247783,65
8667967,64
7448279,64
104089,64
7300812,64
2180620,64
4323573,64
764940,64
8831243,64
3919992,64
889604,64
2617621,64
3945440,64
9342872,64
9046448,64
2644514,64
5230715,64
1462110,64
822139,64
10138742,64
7154481,64
870154,64
767209,64
790082,63
8927403,63
6447204,63
7355695,63
8631487,63
6596459,63
3896981,63
1490212,63
2132892,63
2682617,63
6480088,63
6100728,63
1685556,63
2399837,63
4069494,63
3100235,63
10108330,63
6486109,63
11437209,62
3741874,62
1423490,62
6119180,62
5781708,62
10350731,62
3469465,62
11289074,62
4201600,62
4616094,62
7082868,62
4768839,62
490281,62
7695232,62
5467749,62
982905,62
7854667,62
10327147,62
3463369,62
4075978,61
3650625,61
2178958,61
551030,61
1315752,61
7710941,61
1164905,61
257842,61
8754075,61
2970606,61
11349489,61
6369535,61
10181448,61
3916904,61
10909104,61
3226634,61
1073391,61
9508107,61
5880389,61
175560,61
492754,61
1609185,61
7666307,61
6964455,60
3773719,60
541734,60
2493590,60
9044693,60
9875653,60
4097574,60
5866802,60
3921172,60
714146,60
8211115,60
4001022,60
2442022,60
115184,60
1026487,60
1569252,60
4408301,60
4488620,60
7539584,60
3352910,60
11066466,60
1861439,59
2696376,59
94845,59
841236,59
3243285,59
1308844,59
2277198,59
1967536,59
3165160,59
11444994,59
59622,59
9273752,59
9735990,59
5473023,59
815229,59
8056592,59
2763905,59
2994206,59
2765322,59
4023096,59
11004313,59
5107417,59
5519905,59
1782455,59
40328,59
1412957,59
48302,58
2983867,58
1228945,58
682101,58
729839,58
5041832,58
10230891,58
2483751,58
4428955,58
5978135,58
1244442,58
2823016,58
349177,58
4798796,58
26957,58
4384007,58
8183237,58
1956556,58
3315035,58
315564,58
7242229,58
7658639,58
1628258,57
11586,57
539093,57
3018115,57
6336308,57
218318,57
6587119,57
2446731,57
5935236,57
7581916,57
4995785,57
7731004,57
4734939,57
5040622,57
10698867,57
9168815,57
1177495,57
6806255,57
7840012,57
76340,57
261886,56
10030847,56
983375,56
324081,56
3367206,56
2979177,56
3118849,56
10355016,56
464051,56
2000228,56
2853815,56
5133753,56
8720120,56
3549302,56
445883,56
10795598,56
7566957,56
4289787,56
3510075,56
9038175,55
561112,55
1848627,55
1263887,55
2886120,55
562990,55
2061456,55
9861819,55
1856486,55
8890026,55
3203522,55
6849796,55
28979,55
5453042,55
11541848,55
149064,55
5386107,55
6552840,55
5456872,55
258131,55
942591,55
2241974,55
8593975,55
4690972,55
7404250,55
6139567,55
2851376,54
124387,54
2839179,54
4244183,54
4070943,54
10196089,54
7958334,54
3170950,54
14777,54
7847091,54
9462023,54
653719,54
579534,54
6130451,54
1395310,54
2037259,54
5823405,54
2443217,54
3863829,54
5059922,53
8020157,53
4496005,53
6978952,53
9666416,53
11056708,53
85443,53
2366507,53
8852385,53
52170,53
187557,53
4069447,53
10582693,53
9840815,53
2458699,53
2074227,53
7259921,53
3136090,53
4898942,53
128233,53
6331423,53
5025559,53
4193469,53
6298432,53
4164141,53
5161189,53
8741632,53
5257392,53
7723177,52
8020418,52
4850793,52
8124482,52
2733242,52
10510719,52
8235288,52
1480482,52
1671902,52
4798142,52
8553883,52
1042403,52
7699153,52
5536526,52
5782065,52
6123890,52
10064600,52
8286415,52
9501147,52
1874411,52
2235922,52
10584910,52
1283083,52
256438,52
9719302,52
3901260,52
6637573,52
26699,52
3193,51
2700350,51
1779737,51
303096,51
2206082,51
4183282,51
184182,51
1118415,51
7957183,51
16496,51
4168519,51
5177472,51
101512,51
3356886,51
8724111,51
2288520,51
4219140,51
11483764,51
35241,51
1536247,51
8281460,51
2189676,51
11522084,51
7547413,51
3040566,51
8799873,51
10304766,51
8404959,51
6825169,51
11304131,51
3222642,50
9975578,50
3801244,50
7994986,50
9181225,50
1610068,50
2252396,50
2663571,50
7618214,50
11476543,50
1860213,50
568963,50
3969177,50
996946,50
2273,50
4490912,50
10363938,50
4947193,50
2456872,50
499029,50
1460730,50
6897709,50
3875122,50
93266,50
10066897,50
6505598,50
9562987,50
5415459,50
11012357,50
3587779,50
6747171,50
6857915,50
4140234,50
11494836,49
592928,49
4466292,49
2697635,49
91125,49
3153961,49
9419936,49
9333948,49
7137814,49
4085890,49
1299244,49
5951175,49
6695614,49
11294221,49
7017889,49
8750838,49
3638070,49
7908,49
1353786,49
220490,49
7910163,49
16870,49
2141037,49
6331585,49
6348405,49
2755822,49
1731855,49
2647030,49
988123,49
6853720,49
2780963,49
3000199,49
3129836,49
4596737,49
1267595,49
3505669,49
1368043,49
6850039,49
7445037,48
3295972,48
481990,48
1112569,48
1027452,48
392451,48
6589955,48
3900882,48
10892426,48
7841614,48
3989646,48
10607056,48
7535644,48
116195,48
4698160,48
9258664,48
914095,48
10422915,48
2502806,48
6739907,48
10487225,48
6477835,48
4188030,48
369783,48
8305881,48
3442718,48
1854911,48
7017932,48
11494360,47
3824227,47
10397274,47
9655142,47
848203,47
745178,47
758036,47
3994955,47
6074698,47
5169293,47
7564717,47
6800703,47
3293681,47
3085056,47
3343899,47
2952140,47
3989885,47
2212976,47
2118788,47
9041472,47
3660150,47
1958551,47
2133440,47
31836,47
4687693,47
2854146,47
2841653,47
3440011,47
11146435,47
1981345,47
7721878,47
4696702,47
3274044,47
6583267,47
3623932,47
47334,47
2047587,46
103711,46
2398692,46
7452344,46
7822411,46
3646995,46
6676206,46
6791471,46
7897641,46
4015538,46
11033093,46
2343752,46
3585744,46
3053677,46
5827343,46
8318758,46
6135093,46
2600762,46
4138064,46
10721747,46
4587506,46
9912984,46
5253323,46
5117242,46
6383618,46
8591387,46
2989773,46
4166479,46
10282710,46
3391348,46
3306889,46
186789,46
3376830,46
7753422,46
9255009,46
5281604,46
3615974,46
9087078,46
6682091,46
1626788,45
2176009,45
3156190,45
1589296,45
4756039,45
2618001,45
9761695,45
3405182,45
4683384,45
5131020,45
9742,45
9611038,45
1595775,45
2707696,45
165470,45
6205672,45
5347741,45
4711684,45
1913851,45
8012885,45
1984872,45
2687852,45
7212362,45
6969453,45
3629395,45
1215696,45
7321547,45
10395975,45
5143850,45
10053926,45
504206,45
7965194,45
1975596,45
10527993,45
135925,45
714932,45
2979509,45
7004292,45
9362893,45
2656462,45
2245288,45
3355389,45
7933724,44
792293,44
6089434,44
3117639,44
6752758,44
5774699,44
3511632,44
155507,44
350164,44
1567913,44
8382149,44
10109798,44
6971205,44
16888,44
1384850,44
4676780,44
5066612,44
4019675,44
1079437,44
6230002,44
4901171,44
2668870,44
12632,44
5931,44
641711,44
5034236,44
15174,44
6197438,44
5488574,44
7097118,44
5831655,44
185915,44
1697186,44
3641772,44
4523226,44
234525,44
7313088,44
4482454,44
9912212,44
922094,44
4829570,44
4287641,44
7887471,44
7763097,44
38997,44
5006232,44
7305178,44
926633,44
7437852,44
4315532,44
4386977,44
3794421,43
10619412,43
4693880,43
1239724,43
1626034,43
3372507,43
5368571,43
11249130,43
2346792,43
567572,43
11239877,43
7065052,43
6236086,43
5544691,43
710132,43
3850379,43
7250665,43
3834438,43
6985988,43
5213961,43
7741272,43
3702325,43
3316621,43
11409566,43
413644,43
2474802,43
3127470,43
6084367,43
4760270,43
4517738,43
1569753,43
1058915,43
8740126,43
5863440,43
155552,43
8838665,43
4385592,43
1701833,43
5167415,43
10038777,43
9280807,43
10105843,43
7913895,43
10748507,43
10278571,43
1350276,43
7078260,43
1040101,43
475420,42
4176716,42
7291137,42
7696462,42
6274283,42
2313019,42
8850052,42
7570363,42
8768333,42
8649781,42
411633,42
3558380,42
8367141,42
3427554,42
3838067,42
5418168,42
4803996,42
1011628,42
9548591,42
4426013,42
704011,42
5050576,42
7150766,42
2573043,42
2810270,42
5990940,42
2181957,42
8887598,42
5754776,42
5880642,42
4256846,42
1419547,42
6696074,42
4423028,42
5948954,42
2406232,42
10699651,42
4970739,41
169501,41
1970933,41
5207516,41
3891661,41
9487509,41
6640917,41
656319,41
4089533,41
2653699,41
7156353,41
11444854,41
11253861,41
3750230,41
69887,41
10232301,41
808474,41
7821968,41
4437277,41
10316788,41
10775635,41
3557094,41
2603406,41
3786470,41
4379747,41
272034,41
75918,41
1132525,41
2648705,41
9234180,41
11113167,41
9097818,41
9168624,41
6087904,41
544616,41
3845860,41
5878085,41
10281912,41
8572718,41
11102278,41
8630966,41
34205,41
10152476,41
1136958,41
1603206,41
94867,41
5838092,40
3880374,40
1389245,40
4541127,40
992215,40
6050903,40
819642,40
10733970,40
7971073,40
6323156,40
1644938,40
2188244,40
3506876,40
6608728,40
1551234,40
7264588,40
9886524,40
463285,40
2843323,40
4097000,40
7036704,40
174699,40
5358513,40
5902750,40
2355415,40
443239,40
796990,40
7035916,40
5563416,40
6717937,40
10467453,40
5120999,40
5934249,40
8098780,40
10550773,40
8927938,40
4823437,40
3681513,40
11194755,40
11092594,40
5085098,40
9804327,40
1120820,40
1262461,40
2019536,39
2790087,39
5364770,39
525337,39
3434237,39
3119606,39
6284288,39
5934560,39
388832,39
360087,39
7282675,39
8660454,39
4915590,39
4951386,39
4595311,39
1163922,39
779639,39
2166619,39
5432917,39
7353414,39
122842,39
11346,39
4381241,39
8381502,39
5089894,39
1685593,39
1455819,39
9465554,39
606136,39
9098490,39
10888492,39
9304114,39
75244,39
9355255,39
1492556,39
7817251,39
4824291,39
3650460,39
8816442,39
6798368,39
6673058,39
9371870,39
11508416,39
3259004,39
8113695,39
11437807,39
2492597,38
7865489,38
8891224,38
6593649,38
9348382,38
1277929,38
6723509,38
24787,38
8557412,38
7909309,38
3000467,38
1416182,38
6729307,38
4229800,38
2179540,38
6147583,38
9777487,38
4707759,38
9247668,38
7138762,38
11482217,38
10326592,38
209337,38
5234542,38
2722911,38
2634908,38
550583,38
11028138,38
2457968,38
190237,38
2682162,38
378464,38
5887041,38
1404577,38
3432273,38
69059,38
3568714,38
1083737,38
6246309,38
4429664,38
2246285,38
296676,38
6252407,38
2203278,38
4310305,38
5540710,38
596066,38
6792294,38
4421846,38
1838855,38
10919947,38
251265,38
4524207,38
5262630,38
6914550,38
3281570,37
4185990,37
2270170,37
5101654,37
2133559,37
6248839,37
7895667,37
96,37
2418991,37
10455530,37
2086307,37
5793563,37
2489169,37
8371558,37
4891474,37
11022781,37
7572423,37
8465661,37
2545764,37
11377855,37
2521853,37
10343693,37
1779105,37
1502129,37
9856646,37
9180178,37
2313031,37
2879848,37
9938115,37
3138904,37
8107861,37
5269325,37
7940520,37
5423014,37
6444999,37
11083604,37
11312709,37
583956,37
5971420,37
9442257,37
11265815,37
1855684,37
2059716,37
887449,37
983662,37
1622461,37
343972,37
1000764,37
8441250,37
9167449,37
10991076,37
6587320,37
2396610,37
1256167,37
7850159,37
2061941,36
1614754,36
3651562,36
4492996,36
4991467,36
3304873,36
8667576,36
5769607,36
9728,36
2590525,36
10317025,36
5503480,36
8273693,36
7967,36
2284960,36
5110497,36
6740977,36
3727993,36
8729588,36
9184422,36
6207912,36
6995390,36
4312814,36
8957,36
3020545,36
6452730,36
6315019,36
6031920,36
4995439,36
25100,36
9453094,36
7274844,36
10935926,36
64416,36
934820,36
4912067,36
8681073,36
4031448,36
8944101,36
1589545,36
7344920,36
583055,36
2372252,36
9504344,36
4758366,36
4449523,36
10253,36
11242297,36
6619039,36
6392539,36
2966732,36
2298606,36
11326258,36
2776046,36
3870053,36
4427386,36
4403107,36
6921284,36
9170123,36
2322152,36
9653846,36
7212672,36
1522938,35
488177,35
7600669,35
4703164,35
7744523,35
6323922,35
555014,35
11382664,35
7088023,35
252214,35
1560399,35
2889963,35
2339183,35
2356510,35
5804103,35
67718,35
6585902,35
6812309,35
3949619,35
6341478,35
7736401,35
214370,35
10103509,35
847504,35
8738372,35
4589894,35
8541890,35
3588563,35
6887660,35
4527640,35
1827736,35
7347579,35
2275628,35
7001773,35
3335630,35
6040746,35
4555011,35
4097936,35
3536266,35
13261,35
1233803,35
1276645,35
1086378,35
4751095,35
4590258,35
5796414,35
11237176,35
5013250,35
204360,35
4766707,35
1419061,35
10284777,35
11413672,35
4449209,35
7121569,35
2060058,35
875731,35
7152425,35
4716994,35
3858593,35
2374835,35
2899823,35
159537,35
2336295,35
9222042,35
9265190,35
519155,35
4407604,35
7540922,35
3943070,34
1027010,34
1374185,34
1199324,34
6567444,34
4958286,34
7364929,34
10483707,34
4775342,34
5860955,34
7182172,34
5850921,34
492629,34
4548709,34
8005762,34
6689355,34
9411076,34
8308966,34
1921033,34
6873748,34
6326303,34
2202774,34
3413958,34
5209010,34
6480140,34
5049161,34
5749915,34
837122,34
10178759,34
8334549,34
2220688,34
4517133,34
748609,34
648804,34
131614,34
4692986,34
9010681,34
3902573,34
436231,34
348741,34
7055557,34
5314592,34
4263912,34
4967892,34
5078183,34
1340733,34
4646547,34
5899793,34
4940790,34
3633222,34
1187842,34
7099334,34
4794698,34
6108915,34
9948480,34
4070750,34
2550982,34
3839736,34
2334056,34
4457136,34
4415422,34
5463700,34
2065835,34
25984,34
2300171,34
2989793,34
637489,34
8874520,34
8807031,34
5701174,34
1131131,34
2205256,34
11461671,33
11378351,33
4095468,33
7898175,33
629814,33
7632389,33
9015940,33
945030,33
3073436,33
915935,33
4371944,33
9987914,33
5982384,33
1578403,33
4145287,33
2548649,33
2086766,33
2937931,33
7212957,33
10341469,33
536406,33
3405554,33
2120779,33
10923135,33
221332,33
3552532,33
270540,33
11280064,33
10755270,33
114587,33
3258053,33
11511959,33
6406316,33
1350814,33
4057025,33
4813034,33
196594,33
3812555,33
3997529,33
1506929,33
3077320,33
6137323,33
5441454,33
7419493,33
5233232,33
2615180,33
6485274,33
6680940,33
2628079,33
1165025,33
3789991,33
3799804,33
524752,33
1403640,33
933736,33
7988607,33
4520687,33
3792877,33
1797637,33
2787671,33
6106131,32
1800756,32
3735032,32
6416905,32
2282246,32
6948548,32
6300626,32
45164,32
1364151,32
4298812,32
4061633,32
1197796,32
2942155,32
1949844,32
4201880,32
1433342,32
3295049,32
5442442,32
9250914,32
4895741,32
6200590,32
4093045,32
6819720,32
164542,32
483404,32
9537613,32
7447297,32
9331120,32
3007915,32
1278973,32
9244606,32
10021401,32
6568368,32
11325186,32
2868348,32
82869,32
3167977,32
7692547,32
8158841,32
7806085,32
4930002,32
4968687,32
5335891,32
8426970,32
3901846,32
6412272,32
7439017,32
4430000,32
523936,32
9814611,32
3552515,32
5604912,32
593968,32
9935645,32
8193846,32
1623311,32
10623905,32
921935,32
2722000,32
5345682,32
2782920,32
2436156,32
7780955,32
4938598,32
703658,32
5192029,32
1129410,32
8645757,32
432291,32
3772511,32
5833527,32
5533545,31
3699047,31
3561245,31
4203498,31
149657,31
1230530,31
9369388,31
10806230,31
7602179,31
3684221,31
5848150,31
542619,31
3066627,31
2042691,31
237020,31
35716,31
4792279,31
8230041,31
8705585,31
562849,31
4124402,31
5009546,31
5909993,31
1778691,31
10781565,31
3820427,31
118125,31
11556950,31
1727182,31
8722679,31
5446348,31
262917,31
3667901,31
1879796,31
2721351,31
4235994,31
10126619,31
8275615,31
8912675,31
5907865,31
5275168,31
2874650,31
7702091,31
105010,31
115498,31
1213431,31
2231257,31
8552092,31
8848241,31
6138866,31
6212631,31
2655846,31
7228295,31
10267257,31
4275606,31
8466398,31
5199295,31
7166072,31
8622493,31
561920,31
2712950,31
10022791,31
5628,31
8221547,31
7988375,31
6712355,31
6597159,31
2839498,31
4101900,31
7140303,31
4673482,31
8539833,31
268155,31
4088683,31
4853639,31
2975724,31
4245246,31
2608951,31
103485,31
204680,31
6663412,30
4827819,30
6159550,30
4769319,30
4761204,30
3036629,30
9993856,30
844852,30
5174607,30
1261592,30
3978927,30
4075219,30
16873,30
11131868,30
6115847,30
4643127,30
3254872,30
4288617,30
6302501,30
53863,30
5834898,30
11432434,30
6622006,30
7315811,30
4039926,30
10839232,30
6942634,30
4716491,30
7118822,30
1257510,30
2375810,30
4608254,30
5169734,30
829561,30
5265373,30
9186132,30
3094824,30
4922837,30
2232464,30
138802,30
3248887,30
2282978,30
7240069,30
3732407,30
4911996,30
10828262,30
6744862,30
6498336,30
3611931,30
3580611,30
4739411,30
9077594,30
8646032,30
162367,30
1993500,30
659471,30
562098,30
7306529,30
1942318,30
6037901,30
1213015,30
1220375,30
8199127,30
4558798,30
2953027,30
2590175,30
10622962,30
2824968,30
3362977,30
5289080,30
3926208,30
3444969,30
175538,30
8272825,30
7916271,30
1356263,30
5841586,30
246789,29
3754921,29
7748126,29
9647710,29
4269069,29
5829694,29
7448677,29
6445865,29
6715947,29
3793488,29
4848741,29
565478,29
3583315,29
7988491,29
7747366,29
1476256,29
2689075,29
6207022,29
5440923,29
954352,29
7554372,29
2091690,29
4810193,29
10834255,29
8949416,29
5071285,29
11010631,29
1303891,29
2767186,29
5898736,29
4650349,29
6607102,29
10788525,29
10545348,29
5005489,29
8763629,29
3737820,29
2413611,29
6574397,29
9138785,29
4428984,29
10482953,29
8882160,29
11537814,29
10888805,29
6271607,29
8223377,29
2858064,29
6447344,29
8157236,29
6511634,29
350646,29
95982,29
3884058,29
9363046,29
4557788,29
3333824,29
6572988,29
4195175,29
425221,29
2367449,29
10066510,29
6377065,29
7369041,29
4701813,29
6046926,29
7724575,29
10869431,29
1697777,29
7144387,29
6553228,29
4847902,29
2879666,29
5022952,29
10603740,29
4818387,29
545757,29
2396841,29
2192532,29
7128990,29
590124,29
5519724,29
3897726,29
3320403,29
3208568,28
8013639,28
183043,28
3937059,28
6066235,28
1,28
5386286,28
7428129,28
6452510,28
1960811,28
3364296,28
7512582,28
10227382,28
2244495,28
2033207,28
6889319,28
8284197,28
8877276,28
6299750,28
4775101,28
5011218,28
1019053,28
10819281,28
9921138,28
9925839,28
4527766,28
600097,28
7094098,28
2979938,28
4092788,28
3945525,28
6702463,28
47801,28
7802516,28
2941459,28
2390190,28
2467350,28
2723135,28
1992971,28
6957125,28
2045858,28
957777,28
757286,28
685911,28
1476485,28
8701831,28
4847666,28
9463184,28
3059826,28
1796838,28
11339087,28
7527252,28
7004793,28
1452179,28
10847419,28
5919778,28
11435997,28
7304657,28
1205922,28
5791891,28
7048661,28
6955779,28
5435496,28
9863747,28
4746352,28
3630049,28
7910033,28
8799862,28
2437220,28
5917286,28
4592890,28
2684746,28
3850101,28
9905691,28
7512670,28
4252235,28
414352,28
3767163,28
3129626,28
3535274,28
5978054,28
9726457,28
6940135,28
2438362,28
6848240,28
1238718,28
3903755,28
4778854,28
11575718,27
8096370,27
4225265,27
8459601,27
5944085,27
8254480,27
8048070,27
6496587,27
2734644,27
4417499,27
6602830,27
6390500,27
2380271,27
2842198,27
2440047,27
9146073,27
366846,27
3513392,27
3901003,27
3240824,27
11538953,27
3860934,27
3482112,27
3581007,27
4000556,27
4068693,27
2939202,27
4711707,27
7845581,27
3476926,27
9086481,27
4019599,27
4291134,27
4281224,27
3763562,27
9728082,27
2963394,27
3483622,27
118039,27
3766611,27
5306880,27
9874492,27
11080402,27
4073805,27
11432976,27
5409879,27
6434105,27
192506,27
9630007,27
1386772,27
7889720,27
1237421,27
255439,27
7131202,27
1119785,27
11223109,27
4088638,27
1062156,27
3930824,27
3439507,27
2771808,27
965855,27
4821834,27
1500278,27
8173307,27
2128365,27
4339150,27
5342212,27
6831620,27
3870204,27
6231474,27
6876376,27
2312736,27
5266671,27
71806,27
5456466,27
1376611,27
4795415,27
1014144,27
2638101,27
4211167,27
3246361,27
9590651,27
4576191,27
402986,27
5012489,27
4590359,27
5169324,27
6719370,27
7453259,27
5163952,27
5413633,27
1427005,27
472824,27
4451778,27
10413408,27
3282362,27
4613165,27
9038210,27
5211628,27
7242842,27
3275665,27
7831811,27
6586816,27
1618640,27
7659730,26
12173,26
151394,26
970575,26
9106992,26
2377155,26
6991104,26
4373029,26
5233669,26
248061,26
6958068,26
157350,26
49433,26
792823,26
4076214,26
102362,26
2789903,26
3885406,26
8487714,26
6967563,26
2827643,26
3829065,26
8438097,26
9248464,26
3282625,26
802519,26
5086613,26
354244,26
9146606,26
4278152,26
6314434,26
1199205,26
6535769,26
89710,26
3804477,26
149676,26
776198,26
3733474,26
4726247,26
1495,26
5501919,26
8381154,26
9299613,26
5042283,26
8157590,26
10959550,26
1311367,26
1869157,26
3977323,26
4599047,26
5526541,26
6690778,26
6821360,26
3746412,26
2665251,26
5458453,26
7283561,26
9791205,26
6347663,26
1559338,26
5414980,26
4841766,26
63042,26
5053629,26
137737,26
9454627,26
108336,26
1735452,26
3860739,26
7915501,26
6137096,26
3230449,26
9891259,26
1188736,26
3150028,26
3226041,26
3845036,26
7455358,26
2675167,26
10880510,26
4235020,26
1567692,26
4809793,26
8496663,26
5091974,26
4123128,26
2476654,26
735976,26
3679422,26
8105,26
6291057,26
5531911,26
2839450,26
121451,26
4290389,26
4156866,26
107145,26
2218711,26
3371544,26
4679635,26
7632838,26
3884938,26
130542,26
5495709,26
11359276,26
9694525,25
4782441,25
4978505,25
7771343,25
10427895,25
4211961,25
5843700,25
9402377,25
9489692,25
7697764,25
93467,25
7156802,25
8035443,25
453458,25
6010566,25
6559971,25
642347,25
2582846,25
6235605,25
7222452,25
7606610,25
11423813,25
7272811,25
2456714,25
2693749,25
1280235,25
2468302,25
10344283,25
6110373,25
1657081,25
1416241,25
2913570,25
8551579,25
301616,25
249200,25
3387379,25
5520814,25
11318134,25
6632956,25
28524,25
644154,25
25771,25
2542417,25
243004,25
8266786,25
1238968,25
3355940,25
2785725,25
6925740,25
3586455,25
11347145,25
168577,25
2529574,25
4339405,25
5798216,25
7545312,25
3440094,25
4701127,25
10502978,25
5399998,25
9604919,25
9512265,25
155999,25
2575162,25
844074,25
4788059,25
6637459,25
10523281,25
11323080,25
6788611,25
5472015,25
1005643,25
4453604,25
2601323,25
3470254,25
3427801,25
9039669,25
11535134,25
11491771,25
2952918,25
5510493,25
147680,25
2023981,25
5065642,25
6450677,25
2122044,25
1284648,25
81568,25
154808,25
7826280,25
1110860,25
5167071,25
3238939,25
58980,25
4371718,25
3507498,25
4328139,25
4527608,25
5340614,25
9279819,25
4254704,25
3926882,25
3070066,25
995623,25
3422470,25
4731148,25
10297508,25
10626858,25
7625726,25
3918791,25
11588191,25
5477027,25
3179032,25
4630657,25
7944766,25
7760295,25
413819,25
4327067,25
1054338,25
10348546,25
2549320,24
5505742,24
2416133,24
4497783,24
501599,24
1647504,24
5044476,24
1861618,24
2191977,24
472754,24
2511971,24
10893530,24
7279187,24
5161800,24
4251616,24
1028804,24
6462890,24
8156253,24
933225,24
5938793,24
4058061,24
5417715,24
4852766,24
1815688,24
4232463,24
3390695,24
9609965,24
5933066,24
9142319,24
2078142,24
1711472,24
1901332,24
607726,24
5982909,24
3837940,24
2588979,24
1440045,24
4007231,24
390614,24
8317060,24
2681695,24
1181938,24
4182789,24
6969084,24
2163471,24
9970824,24
7382621,24
11470956,24
6334381,24
4531725,24
1394429,24
1899445,24
3294085,24
8611183,24
179019,24
11350967,24
994980,24
1542294,24
4843595,24
6507445,24
6626359,24
11291265,24
1299645,24
4870453,24
1857096,24
1588,24
7144327,24
4107316,24
7444772,24
5870743,24
4364416,24
2733809,24
3537787,24
7474520,24
5008451,24
7904999,24
4259619,24
9481641,24
11340265,24
9406383,24
1951439,24
3362262,24
1448755,24
4522514,24
6201834,24
5397328,24
2729508,24
10905927,24
2368700,24
2617286,24
2351914,24
7705593,24
7552724,24
135704,24
274554,24
2082769,24
7894244,24
7033880,24
3734115,24
9180928,24
4578442,24
4715062,24
8298557,24
4462622,24
7053444,24
4548680,24
3910733,24
11270757,24
1099817,24
77310,24
6276757,24
2996085,24
8717553,24
3634814,24
3849025,24
7819465,24
4980141,24
3592195,24
8124936,24
1980490,24
1544610,24
6380049,24
983232,24
4843153,24
4257365,24
8044141,24
9173040,24
6782586,24
2184579,24
5096495,24
1206119,24
10661359,24
4695882,24
11565789,24
1548920,24
6135993,24
4536383,24
5001926,23
4385909,23
10595070,23
2659826,23
7229545,23
896771,23
7663328,23
5134127,23
9942643,23
1455767,23
7635769,23
5399619,23
4490580,23
6997110,23
6539924,23
9238360,23
9994578,23
2831645,23
8722766,23
4513596,23
11088513,23
6513229,23
6581752,23
3870597,23
2681164,23
5786549,23
1714268,23
10470,23
5828620,23
2728082,23
4178678,23
6413548,23
6809996,23
2335520,23
7916878,23
6705596,23
2693613,23
4541377,23
10126566,23
10451887,23
4830311,23
2012766,23
174859,23
7732711,23
4643687,23
8729111,23
579890,23
8588302,23
4393679,23
2218472,23
2770379,23
8021550,23
11404659,23
10583350,23
11579685,23
11417389,23
7009826,23
303972,23
6333843,23
6591533,23
849874,23
3624923,23
4536708,23
11317956,23
5906539,23
1299590,23
5173269,23
523371,23
2411065,23
228021,23
4131928,23
6100952,23
4781827,23
8994588,23
2806989,23
123952,23
10185167,23
2882139,23
11560479,23
7331501,23
9110151,23
2092721,23
5188896,23
2897278,23
4161088,23
9868924,23
6725952,23
1268076,23
4968198,23
986946,23
5786623,23
2476492,23
3990997,23
4747462,23
6351426,23
5040971,23
1021926,23
2036868,23
7089513,23
10200675,23
5198632,23
6234384,23
2510296,23
19212,23
4359315,23
3922451,23
4644990,23
2288115,23
7527303,23
10377634,23
2717007,23
7883570,23
1566354,23
4242208,23
4818672,23
1512038,23
4603415,23
7332377,23
7791760,23
6634363,23
8891820,23
9141625,23
4851290,23
94216,22
794781,22
5351160,22
4209824,22
761169,22
162640,22
10920903,22
4817310,22
4976795,22
598283,22
3088920,22
8484131,22
2615229,22
10755510,22
10674121,22
8448024,22
518170,22
2676,22
4734864,22
3749545,22
11377504,22
9759397,22
5297157,22
4681615,22
6597975,22
2049755,22
2721243,22
4762707,22
781127,22
6587050,22
6635839,22
8446156,22
4918049,22
3134824,22
1774027,22
8936049,22
2806159,22
164020,22
9002362,22
4090301,22
2823159,22
9062842,22
3953427,22
4489869,22
2629840,22
6244980,22
6672236,22
3252746,22
1329498,22
3599263,22
2788898,22
881490,22
3596376,22
7602732,22
6613204,22
4646947,22
10726108,22
6299782,22
11586040,22
4107400,22
4602451,22
8548466,22
3189044,22
8096726,22
11589220,22
5840085,22
4423575,22
6941139,22
2310597,22
68198,22
9177055,22
11569032,22
5050973,22
4621837,22
5217698,22
8303980,22
2996101,22
2990811,22
4650,22
2220995,22
9340175,22
1358906,22
10831320,22
1072656,22
3050336,22
3165753,22
361684,22
9779461,22
6192519,22
2472531,22
7242099,22
8359050,22
116575,22
3609269,22
7542768,22
779589,22
28606,22
1475769,22
3706608,22
9336686,22
7829541,22
643745,22
9950460,22
84837,22
6018712,22
6711621,22
9055841,22
3364744,22
6189896,22
4098107,22
5817217,22
3283639,22
139465,22
6382802,22
11252158,22
1933359,22
1416038,22
7869533,22
2365248,22
197992,22
3825791,22
621801,22
54536,22
997233,22
2034345,22
11308238,22
5288866,22
4573495,22
3299934,22
5752680,22
8342040,22
2372270,22
2556728,21
4681550,21
5880366,21
3427889,21
59440,21
2488596,21
632188,21
5272455,21
730474,21
10284510,21
5258783,21
881374,21
6903283,21
2895,21
164821,21
11443166,21
3685545,21
4499649,21
430327,21
4430046,21
3696042,21
169497,21
7337472,21
4352313,21
4818753,21
11191309,21
4277151,21
4465370,21
4523813,21
7665867,21
2166122,21
2405454,21
5296505,21
5498441,21
237086,21
3338807,21
6770030,21
8097329,21
2153737,21
5547828,21
831390,21
1090426,21
6318612,21
6498038,21
4584287,21
5145180,21
6855586,21
2372262,21
5803952,21
4134845,21
9731905,21
215808,21
2487413,21
1049074,21
6083133,21
1479488,21
9622371,21
6913499,21
2363109,21
7133673,21
9843719,21
1027399,21
8252000,21
7387747,21
4967997,21
9267786,21
1958876,21
345800,21
3977042,21
514569,21
1964483,21
2522293,21
29163,21
2802006,21
490305,21
2783103,21
3653196,21
11462460,21
5228778,21
2267307,21
1767448,21
630778,21
7872351,21
1479508,21
10425008,21
5935139,21
5971869,21
935471,21
5346508,21
6924333,21
878242,21
4164548,21
10429918,21
192762,21
2664124,21
6163521,21
4459753,21
4848360,21
983784,21
8148864,21
816986,21
9921958,21
611440,21
10031477,21
5295261,21
10302864,21
2519326,21
6558770,21
8614292,21
1813941,21
4439206,21
7602372,21
7139912,21
7237234,21
4945314,21
1598183,21
2961220,21
10248212,21
693378,21
1690478,21
113885,21
1388268,21
6697094,21
1814077,21
7258507,21
7192137,21
5833003,21
3870912,21
6443772,21
8619068,21
2514152,21
11211159,20
3943446,20
107559,20
9526270,20
7822967,20
2321431,20
2856251,20
9279034,20
3358846,20
9469727,20
5310373,20
6421656,20
5784865,20
11099333,20
9801298,20
2614167,20
9125784,20
2088046,20
7219101,20
4693621,20
4743911,20
10321453,20
3597704,20
4562518,20
3583984,20
7121369,20
11449267,20
5982899,20
4566658,20
3254285,20
804282,20
2540879,20
4825379,20
4780093,20
5781149,20
77462,20
7106147,20
5021788,20
9542437,20
4811829,20
5896295,20
129384,20
2926358,20
2996288,20
9056211,20
1473787,20
11496013,20
3081438,20
4276896,20
11176826,20
417574,20
3752676,20
828719,20
9020235,20
3620010,20
36169,20
8780835,20
3557311,20
9211302,20
509308,20
132585,20
3114080,20
4363607,20
10109931,20
8228090,20
5503881,20
7156729,20
1533951,20
273395,20
2583380,20
230097,20
6209334,20
6082914,20
9150696,20
7006978,20
5398208,20
1572947,20
308625,20
6323319,20
1608333,20
7590013,20
3152582,20
7747005,20
2309968,20
6313614,20
2122471,20
5830615,20
5361598,20
2325818,20
48396,20
9831,20
1309935,20
2381924,20
8071858,20
4193319,20
9228478,20
2615149,20
2756497,20
9125856,20
3196074,20
46468,20
4258298,20
4441011,20
10309751,20
176954,20
6691172,20
4465193,20
967756,20
9376756,20
699106,20
4083365,20
10235150,20
1970561,20
3904281,20
110040,20
1743668,20
2306166,20
177216,20
10864,20
2136504,20
821535,20
1533700,20
9180348,20
128963,20
5925653,20
2758447,20
5870317,20
2550625,20
10399274,20
6980117,20
2265405,20
3675121,20
10696953,20
8156169,20
2743560,20
10582337,20
8521198,20
932547,20
920351,20
7429808,20
5053912,20
3117520,20
7395726,20
5989308,20
2476162,20
8169902,20
1492834,20
2669596,20
5359166,20
3837552,20
2684443,20
4037459,20
11274595,20
6198670,20
4184279,20
140156,20
4803362,20
223845,20
8067319,20
4511680,20
8450565,20
157116,20
6817339,20
2268271,19
474743,19
10964163,19
10549323,19
4551628,19
6611551,19
7856192,19
4097588,19
3151755,19
6682830,19
412601,19
10229254,19
3264247,19
2848498,19
91691,19
6445543,19
4505565,19
7378715,19
1009681,19
354143,19
4259147,19
9477684,19
4509376,19
2043692,19
8034012,19
3571271,19
5142510,19
4432120,19
4945115,19
212338,19
3589512,19
2488450,19
8983714,19
121523,19
2436396,19
10332203,19
8146,19
5233,19
6559553,19
1431113,19
9831530,19
3048970,19
5493858,19
5468550,19
834247,19
10139555,19
673914,19
1097039,19
1990228,19
4701122,19
3222311,19
782357,19
3457533,19
1434287,19
1382486,19
2580965,19
4468005,19
2117400,19
344774,19
7965492,19
11491740,19
10450456,19
5175667,19
11062644,19
4355143,19
3539323,19
6612233,19
8611899,19
6699690,19
7283779,19
4855301,19
7536281,19
13891,19
4868950,19
4091838,19
4988731,19
70837,19
169724,19
5117987,19
1549298,19
4014317,19
139510,19
8484907,19
2625142,19
2966626,19
3076332,19
4911433,19
2334959,19
9703795,19
4280811,19
5478284,19
4909860,19
1824734,19
351980,19
3873171,19
4456326,19
8291760,19
6892525,19
3256910,19
792632,19
3574144,19
4607336,19
9987876,19
1530602,19
776106,19
11588223,19
2563902,19
562336,19
4704494,19
5909032,19
82545,19
719943,19
11279504,19
7136469,19
8227978,19
5840366,19
4202504,19
4019351,19
4909752,19
3295849,19
3889492,19
6713305,19
12023,19
8000110,19
3095972,19
6207267,19
5028503,19
8618939,19
215117,19
9529192,19
8309116,19
1259039,19
6364127,19
10548785,19
119423,19
7461066,19
2191596,19
1745671,19
574457,19
1056377,19
9219295,19
3978479,19
5108488,19
7172515,19
2121142,19
6251816,19
81529,19
194700,19
1005647,19
3365106,19
5291731,19
8701,19
6754305,19
4783451,19
7551048,19
5999264,19
5079723,19
5073290,19
2543604,19
10409914,19
6067865,19
3157990,19
5938863,19
1492054,19
100166,19
2440945,19
6396294,19
3470577,19
8964109,19
1923807,19
3119060,19
9027879,19
9425121,19
543060,19
11505666,19
43040,19
210579,19
1662931,19
4183742,19
6486622,19
3552386,19
476124,19
4566419,18
6015856,18
1472772,18
1490120,18
3734037,18
2107024,18
4793587,18
8884381,18
3505388,18
2172312,18
1511793,18
7532183,18
2360605,18
83031,18
8215,18
4991339,18
2723618,18
7765193,18
5991195,18
8424140,18
4963121,18
10466218,18
8435899,18
1077077,18
273856,18
2142,18
1289038,18
6539322,18
4496333,18
5968243,18
4001212,18
32573,18
3170862,18
4190046,18
3595146,18
4683839,18
8694181,18
9861703,18
8764916,18
10629315,18
4337025,18
223692,18
1461,18
8731551,18
5462081,18
5056129,18
1198494,18
10448355,18
2708937,18
7865066,18
6207036,18
3529002,18
5970357,18
7228902,18
4420245,18
8227017,18
7157024,18
6762190,18
2833512,18
2800074,18
1633760,18
8868819,18
2282994,18
11216937,18
462778,18
7145325,18
5406464,18
279074,18
6800994,18
6306328,18
940731,18
6287,18
6831572,18
9079925,18
2425910,18
8622522,18
8370912,18
7344830,18
3693403,18
754930,18
1189067,18
2484288,18
4224090,18
9536492,18
6959968,18
10705675,18
4575133,18
62498,18
9287635,18
3074936,18
4349772,18
7524954,18
10912044,18
2640498,18
9864028,18
5227124,18
1386524,18
259963,18
569064,18
6887831,18
11575051,18
7889103,18
8794125,18
2551839,18
5392802,18
3698943,18
8179912,18
9638018,18
2221736,18
2986836,18
7480864,18
3884343,18
6984407,18
2088604,18
2224185,18
7016757,18
9225371,18
109630,18
4724702,18
9430837,18
1187036,18
1526363,18
1380321,18
6187233,18
2354445,18
4790417,18
6996257,18
848650,18
9657814,18
9734495,18
2253134,18
8156811,18
4811084,18
8232903,18
5833640,18
8118711,18
2106663,18
3000437,18
5930151,18
3047234,18
2619497,18
4397245,18
2765204,18
6712826,18
4567205,18
6768766,18
8357137,18
10347467,18
8096498,18
2216096,18
3787503,18
8090451,18
3843056,18
3899029,18
155992,18
4120416,18
9481354,18
5069187,18
4324698,18
935880,18
2563378,18
253213,18
5947769,18
9830894,18
7966853,18
4901480,18
1920408,18
4126512,18
10471946,18
931699,18
11591154,18
3408943,18
6107580,18
6972019,18
4689460,18
2205605,18
2520938,18
11301606,18
10128965,18
4205192,18
3097211,18
6737756,18
2214,18
107680,18
6559770,18
9645277,18
9187819,18
3606401,18
4170707,18
2941362,18
9177899,18
10045757,18
3276521,18
2864946,18
11364544,18
1549423,18
124924,18
2198991,18
9101100,18
10555429,18
8828898,18
3510,18
2525302,17
40113,17
525456,17
10365590,17
839674,17
10406074,17
2155580,17
3229082,17
186164,17
7424234,17
45027,17
9391021,17
2872319,17
10660772,17
9557864,17
3013073,17
2736681,17
8647225,17
4630826,17
6291491,17
5256837,17
545076,17
2666117,17
402585,17
743289,17
4134529,17
1728230,17
5398898,17
3024847,17
4677922,17
9399766,17
4374449,17
2720461,17
8423889,17
5443563,17
8183608,17
226526,17
5365817,17
6004624,17
11107642,17
8180428,17
2538047,17
1564475,17
10882341,17
2427101,17
75751,17
2841172,17
8170165,17
10057464,17
7422482,17
4463534,17
8390400,17
1343822,17
4050419,17
4472066,17
3007,17
3468492,17
381569,17
3878177,17
7463096,17
3738047,17
7350073,17
1122328,17
2469553,17
2209582,17
67414,17
2971893,17
4662658,17
382455,17
6230500,17
8810090,17
3962658,17
8238560,17
5499456,17
2534879,17
5375719,17
6534952,17
1136570,17
2719542,17
6878816,17
5223170,17
2876096,17
3394329,17
2418165,17
1815909,17
1350289,17
2830810,17
9282752,17
518529,17
5921255,17
7938989,17
5808606,17
11445514,17
6126836,17
102818,17
362575,17
8377810,17
8249217,17
5240665,17
842839,17
3745831,17
7187856,17
8996114,17
3364623,17
6544781,17
11027070,17
1191146,17
856359,17
6343544,17
7960659,17
6670327,17
7817805,17
164154,17
139245,17
448649,17
4846477,17
7383798,17
9682092,17
9329724,17
5059979,17
9201562,17
1706051,17
2152543,17
1141136,17
1113875,17
2740969,17
6711678,17
8066917,17
1013065,17
3582395,17
7053464,17
737146,17
2516046,17
5487070,17
4251070,17
8314317,17
4097750,17
6565885,17
7183228,17
1506530,17
5164344,17
11093592,17
7707323,17
746802,17
7754177,17
9667904,17
6194509,17
6198296,17
3129881,17
7938422,17
10037607,17
5794273,17
2842242,17
1369446,17
4293737,17
4629264,17
9391808,17
5702792,17
5897863,17
10854748,17
11270386,17
6139472,17
198081,17
4136945,17
9632801,17
1201448,17
5097404,17
8256944,17
1977434,17
1252341,17
4683966,17
1326607,17
4014951,17
8834749,17
199435,17
5131622,17
11481740,17
6910339,17
3935136,17
751495,17
8856385,17
4304791,17
7837809,17
98099,17
2021071,17
8303288,17
9371496,17
3471783,17
3283123,17
2823494,17
2507043,17
7036249,17
270006,17
4445094,17
7386760,17
203424,17
62823,17
771002,17
11241415,17
4599020,17
10365827,17
4417314,17
1495641,17
3449296,17
11522196,17
5028366,17
330285,17
8228606,17
2644401,17
4122065,17
5110870,17
6396284,17
1211887,17
9846793,17
34326,17
4724859,17
10419591,17
9025811,17
26968,17
3533987,17
10644923,17
5225035,17
11484964,17
5826475,17
9019332,17
6013970,17
1185664,17
9555086,17
6472487,17
5355889,17
7350938,17
4563117,17
4044821,17
9064025,16
8371693,16
9072877,16
216690,16
8602598,16
8245754,16
3281114,16
11575727,16
11592007,16
8803938,16
996929,16
542829,16
5297470,16
3249420,16
2648992,16
3536480,16
4062797,16
1687305,16
5114238,16
2104413,16
3857138,16
2954183,16
7564,16
11344785,16
9494480,16
9036362,16
6639739,16
49199,16
3775808,16
631957,16
10555163,16
5007981,16
2796745,16
8822463,16
8766234,16
429449,16
3020371,16
5172765,16
2811874,16
2402762,16
3412172,16
8629069,16
6702244,16
7761169,16
4078152,16
8118516,16
3811055,16
6508574,16
8862652,16
17543,16
561884,16
1201698,16
5375367,16
8296133,16
7024234,16
172686,16
5752505,16
2531886,16
8352285,16
5424347,16
7115955,16
1566528,16
4362430,16
5250571,16
5759172,16
2295610,16
6755160,16
4502165,16
68253,16
8399345,16
10182820,16
607133,16
4509390,16
11506137,16
4288760,16
6060931,16
7023434,16
1601285,16
1335342,16
1974632,16
8579526,16
2476735,16
6315658,16
2856241,16
1072443,16
6625571,16
321269,16
9961914,16
3811341,16
4494699,16
7326827,16
2276647,16
6989807,16
2672014,16
181621,16
9609614,16
165658,16
8790712,16
2616673,16
7380510,16
3877447,16
8911675,16
7333356,16
631509,16
1263964,16
5978748,16
2663224,16
8223547,16
11499416,16
6344860,16
7102396,16
6895526,16
181297,16
764635,16
7527163,16
6321187,16
4191575,16
7419998,16
709567,16
2373731,16
3239386,16
954697,16
2046669,16
1377481,16
1263221,16
583676,16
5497492,16
1183065,16
11586542,16
7895483,16
130970,16
698588,16
4781844,16
8543907,16
5201182,16
4634378,16
2739784,16
2841278,16
2614286,16
6597314,16
5425902,16
4733767,16
8932480,16
9457171,16
5572972,16
3745288,16
4456152,16
7388638,16
6109787,16
4249149,16
2371440,16
1085958,16
4410455,16
9381764,16
678218,16
186537,16
771146,16
11050480,16
886689,16
10213537,16
5835294,16
118608,16
222391,16
11457309,16
281552,16
837489,16
10603847,16
2611567,16
2830767,16
5224402,16
2552192,16
3639995,16
5010624,16
2374394,16
2472291,16
5395533,16
3038598,16
5876672,16
7557593,16
2979776,16
2354513,16
2335416,16
9815417,16
638177,16
3129086,16
6742253,16
4779572,16
2586737,16
529311,16
2097920,16
2241374,16
3378918,16
5541446,16
5025904,16
9718420,16
1096210,16
5527587,16
3203449,16
7541167,16
2097177,16
10742,16
2216186,16
18295,16
7834770,16
5177923,16
4819111,16
6191784,16
7611311,16
2823624,16
6260035,16
6039399,16
1278464,16
9338033,16
8598325,16
4555026,16
10709959,16
3309011,16
1893149,16
5827181,16
77044,16
8957868,16
8932041,16
9716286,16
1043606,16
8052035,16
1494003,16
2297508,16
2874242,16
90755,16
11130649,16
93148,16
2537132,16
4450752,16
1275329,16
96946,16
4166043,16
3593142,16
3950398,16
4429382,16
1840148,16
1173372,15
1943634,15
6764,15
4011390,15
11080876,15
3865690,15
193723,15
2662055,15
2698219,15
13068,15
8656372,15
3656109,15
234161,15
10647388,15
6622827,15
3702702,15
9118014,15
2857480,15
892425,15
8041728,15
5211909,15
8906237,15
2467738,15
6159988,15
2262979,15
11463175,15
2031512,15
875204,15
3454897,15
4489477,15
1430654,15
5380886,15
5163876,15
10771753,15
3212204,15
1597079,15
6378071,15
4628523,15
4854736,15
1929243,15
4526370,15
6833752,15
1763150,15
9266475,15
853486,15
1154214,15
3915079,15
275939,15
9053248,15
7856154,15
1339779,15
1193274,15
10598811,15
2579198,15
2554027,15
6589708,15
415402,15
2420622,15
4616062,15
5028972,15
5266091,15
4002255,15
1697543,15
27242,15
321576,15
4096859,15
73137,15
1637363,15
8541405,15
4629503,15
10493091,15
5441970,15
546565,15
8903239,15
5134056,15
946992,15
1557529,15
6951719,15
3934368,15
4922653,15
7219786,15
9870639,15
2525360,15
9187572,15
4199381,15
1824457,15
5300647,15
2529057,15
78344,15
6641867,15
2790468,15
723859,15
6805071,15
4401804,15
2805813,15
3733361,15
7941550,15
788894,15
6467033,15
4389582,15
1400222,15
642113,15
4124539,15
2376246,15
110233,15
4125398,15
3832379,15
14770,15
9379384,15
5085500,15
9536221,15
7312666,15
8687327,15
6097581,15
9839450,15
2076622,15
909120,15
5056105,15
1349325,15
8370479,15
4027094,15
8624165,15
5842611,15
3031954,15
4533920,15
5827604,15
2172927,15
1596408,15
2529048,15
2165433,15
7043733,15
2588159,15
8193970,15
9727742,15
8280850,15
7155777,15
1439485,15
5339581,15
50781,15
3006255,15
126842,15
7755929,15
3213131,15
4389787,15
9890990,15
2487262,15
182990,15
1303637,15
1072359,15
1244495,15
8230995,15
166539,15
1509891,15
9757380,15
4847080,15
2118182,15
70659,15
7989490,15
3630489,15
7130879,15
2153259,15
6847492,15
4459882,15
4391647,15
127658,15
4525734,15
6414358,15
5796385,15
2329370,15
2660648,15
7023215,15
1070813,15
5392941,15
3766438,15
2171443,15
4283552,15
5658110,15
11329149,15
403171,15
4719378,15
4086206,15
11293621,15
4003060,15
4814851,15
141871,15
6962128,15
2953888,15
5509707,15
5925662,15
9665129,15
11110234,15
7048977,15
1360637,15
7244209,15
10763581,15
7642999,15
150474,15
8044682,15
1386526,15
9828916,15
4239573,15
4033236,15
4477914,15
814906,15
8809920,15
7405622,15
764370,15
4181075,15
7920141,15
327546,15
319699,15
4132325,15
64935,15
9588198,15
3946775,15
1964390,15
9795926,15
2146779,15
4894,15
3236016,15
1718246,15
2319268,15
10780059,15
3192049,15
655523,15
6291282,15
3600809,15
125620,15
6643729,15
6510,15
602032,15
8730928,15
6832822,15
9026433,15
3621007,15
8556360,15
7016666,15
8385618,15
3443126,15
2194362,15
4040824,15
7622246,15
11564875,15
6765910,15
4918278,15
353076,15
5796714,15
6620236,15
1725462,15
11576910,15
6902777,15
2253481,15
731285,15
5190167,15
4683084,15
149513,15
9180577,15
1100017,15
6044938,15
9198784,15
131865,15
5344412,15
2261693,15
1714925,15
6670621,15
4333037,15
2900990,15
2197490,15
10834889,15
377538,15
4679373,15
237576,15
996736,15
4450366,15
8788032,15
3657797,15
10172317,15
3101290,15
332714,15
10537636,15
3829122,15
196553,15
2793091,15
1213012,15
7480904,15
96781,15
11109661,15
4647559,15
316523,15
49343,15
5470820,15
5086890,15
9855957,15
8619385,15
1407448,15
5947228,15
3678039,15
2786375,15
1760810,15
7013107,14
4090209,14
6638906,14
4447923,14
207632,14
121259,14
4361209,14
10716547,14
3991976,14
7544886,14
9087490,14
2788229,14
6682133,14
7791831,14
25734,14
1680123,14
765434,14
7897612,14
5352467,14
5460126,14
9982302,14
105182,14
3602881,14
7166530,14
3984682,14
9455594,14
9380877,14
7681972,14
5527271,14
827324,14
8179938,14
7768376,14
6622558,14
1260266,14
704021,14
7229232,14
4857041,14
2723848,14
5527175,14
7555556,14
120123,14
2232742,14
5175785,14
6057906,14
2459731,14
7431939,14
3382943,14
4704382,14
1426192,14
1185368,14
7237740,14
8376311,14
4622019,14
2157954,14
10599051,14
7775329,14
5988928,14
2252914,14
6502774,14
11564192,14
4266226,14
9933340,14
3914446,14
9909175,14
1438614,14
355673,14
9017636,14
9396203,14
4896767,14
1430955,14
6514220,14
11016754,14
3621692,14
465984,14
1213127,14
1429956,14
9883567,14
10675516,14
6226871,14
5171378,14
2695899,14
2159729,14
4579171,14
5968354,14
2498995,14
8979377,14
3680675,14
4295780,14
5113538,14
8131265,14
3005853,14
2095150,14
5829666,14
5157295,14
13488,14
1004402,14
9925290,14
10296,14
6413380,14
11258476,14
436806,14
2763806,14
12383,14
11458259,14
5036124,14
1920953,14
4959964,14
4972569,14
34585,14
4625734,14
844660,14
561962,14
4268900,14
3130679,14
1042281,14
8774280,14
327839,14
8881956,14
67221,14
3555907,14
9574630,14
1028432,14
830511,14
2811829,14
1434691,14
5819316,14
3911676,14
4653033,14
3016248,14
3490901,14
4436899,14
6396560,14
9699785,14
10716854,14
3179291,14
2236666,14
2391464,14
2060458,14
7400963,14
3784141,14
623402,14
6441289,14
7056959,14
979251,14
4203868,14
6379444,14
10930741,14
118929,14
3641820,14
16273,14
4132500,14
2485140,14
9136677,14
1738880,14
6286695,14
5305681,14
3696934,14
263558,14
3499489,14
4498304,14
811519,14
7491400,14
6111047,14
3800305,14
9683710,14
6994537,14
6986497,14
7805453,14
7555083,14
2888209,14
6162565,14
2220010,14
1846221,14
6269752,14
7573585,14
2792950,14
5783535,14
10177447,14
318995,14
6964105,14
9805466,14
6099799,14
1321104,14
3850811,14
6144876,14
2382726,14
5081692,14
8658226,14
10897403,14
4289879,14
742155,14
380931,14
5815051,14
6233664,14
4140010,14
1161465,14
2759951,14
163136,14
9308578,14
8747007,14
1462875,14
3407406,14
1472121,14
4335415,14
9858137,14
295067,14
5480574,14
898750,14
9747953,14
2576643,14
9577447,14
6446932,14
11491694,14
4636816,14
4863648,14
7183315,14
4388646,14
2931805,14
10510899,14
4507227,14
7690063,14
9398147,14
8587084,14
6029294,14
764691,14
4057264,14
5486190,14
930094,14
2480253,14
4938128,14
9239809,14
3849221,14
10284094,14
1849263,14
1155118,14
10913223,14
4167229,14
9903543,14
2430564,14
2496640,14
9965383,14
5312078,14
2419833,14
7425159,14
5284185,14
4002321,14
49098,14
11025056,14
1525433,14
4225721,14
8630056,14
10366903,14
10204519,14
3929620,14
4637775,14
1490406,14
966609,14
5922140,14
3665799,14
6562775,14
3980433,14
4580647,14
10493803,14
7735086,14
681929,14
4801414,14
3093105,14
1480171,14
6219676,14
8173147,14
2088592,14
3698053,14
3934546,14
1313746,14
6710584,14
5788228,14
8134697,14
6821437,14
4172575,14
4465980,14
931239,14
7393184,14
483775,14
7829488,14
4095739,14
118828,14
5863013,14
9226535,14
2959835,14
3777811,14
2787982,14
73153,14
4254769,14
4964360,14
9211070,14
5542095,14
495160,14
10070303,14
2300,14
2175387,14
446092,14
4635078,14
206231,14
10708250,13
3778139,13
2917796,13
83141,13
8428483,13
8214580,13
2881070,13
1008851,13
6578065,13
10346541,13
5056449,13
288692,13
462809,13
3625057,13
1922154,13
390679,13
10109216,13
9238370,13
2747720,13
1232483,13
8181681,13
4064422,13
5776777,13
11015963,13
1375388,13
8985283,13
4656510,13
2476974,13
2028922,13
8440608,13
6305952,13
365667,13
8418308,13
6446,13
1327957,13
7530842,13
1720435,13
6897764,13
11317641,13
4214268,13
3863062,13
7208228,13
336012,13
110125,13
1448678,13
826111,13
4390584,13
2578031,13
4938526,13
6006572,13
11172763,13
9735892,13
3975740,13
11198502,13
3297645,13
1664727,13
1551620,13
83951,13
560678,13
9214154,13
3339667,13
936902,13
173761,13
4564870,13
3491853,13
3728255,13
8240667,13
6722967,13
4803793,13
4584108,13
1399248,13
65600,13
7953174,13
11051748,13
1501222,13
5156858,13
4989310,13
4971671,13
572292,13
1611411,13
3960198,13
202477,13
2699161,13
2201140,13
5866219,13
1586923,13
9989393,13
6519862,13
11069205,13
2258834,13
744025,13
3994493,13
8683344,13
1007284,13
7336335,13
1772508,13
10546954,13
5231,13
7773284,13
7458046,13
6619111,13
914997,13
7874824,13
4107008,13
4818282,13
6982189,13
105298,13
1072121,13
3900901,13
1780071,13
6134857,13
1989501,13
3037306,13
1973447,13
7625967,13
3616326,13
7620642,13
11098443,13
8694663,13
106533,13
2181587,13
5884773,13
4876,13
1936028,13
958344,13
522807,13
5038850,13
33512,13
1424563,13
7521547,13
10435050,13
6044346,13
11586980,13
75577,13
7841833,13
6330970,13
5400082,13
6007388,13
3885555,13
9832372,13
3397103,13
6194237,13
200011,13
755260,13
2392110,13
231352,13
9239287,13
1198089,13
7047657,13
9535897,13
6678207,13
7235427,13
9945414,13
658692,13
311960,13
6466980,13
5081822,13
3013906,13
7798159,13
445875,13
5995214,13
2647790,13
5868716,13
5382094,13
6597246,13
7397161,13
8967639,13
4796866,13
3979021,13
2521924,13
7234151,13
4577887,13
18531,13
3974830,13
8127676,13
2743072,13
6344495,13
9260970,13
2706561,13
4390824,13
243804,13
9649096,13
6293225,13
4630803,13
10772339,13
3230070,13
7073979,13
7712066,13
7924715,13
11582942,13
9124319,13
6028739,13
127897,13
2991350,13
3819336,13
2506702,13
5472430,13
5913341,13
6801923,13
885689,13
5802899,13
7954515,13
6647643,13
7880300,13
3064787,13
8854573,13
2715261,13
5617504,13
2377179,13
4008987,13
10580073,13
7741431,13
7469739,13
6637503,13
9306661,13
199291,13
2171955,13
7350470,13
7710962,13
4769122,13
6653885,13
7917716,13
651964,13
5247068,13
49104,13
11025000,13
8209197,13
5978752,13
8769903,13
5611655,13
4656685,13
2788445,13
4690705,13
470774,13
3863008,13
10523630,13
7807460,13
6434184,13
4957254,13
125076,13
95911,13
8218109,13
529545,13
2523237,13
11478442,13
113274,13
3798280,13
3956228,13
5257065,13
7602120,13
10389900,13
1912026,13
1682792,13
6130603,13
4068062,13
4087095,13
2609303,13
1701819,13
2536717,13
8534266,13
750989,13
9225482,13
11583460,13
11393792,13
6631777,13
5885266,13
11300602,13
5293929,13
7756306,13
10215821,13
8640672,13
242535,13
3142698,13
9196888,13
3940725,13
1586141,13
4122556,13
7905856,13
8076506,13
4066759,13
3680460,13
8469263,13
8153869,13
2598525,13
9747256,13
1193614,13
6356457,13
1469708,13
710752,13
10640675,13
4884675,13
6813582,13
2656979,13
4898764,13
8379183,13
3863132,13
7418782,13
9146088,13
6821624,13
9736923,13
7456934,13
2605827,13
4004132,13
700791,13
7950581,13
6850754,13
3315022,13
6825039,13
2340323,13
8392491,13
9179184,13
7955174,13
11589237,13
8974794,13
2903740,13
1294694,13
7258265,13
8471430,13
4130458,13
5301093,13
92086,13
6075365,13
5395672,13
2156686,13
4977850,13
9563862,13
3864414,13
775657,13
3936037,13
1511000,13
9005899,13
5462974,13
3352098,13
6252226,13
9688809,13
1527113,13
15509,13
5749307,13
1068317,13
4248754,13
6849581,13
737918,13
4763511,13
9060971,13
1643229,13
10479347,13
5480454,13
2445868,13
2678729,13
9012190,13
70490,13
4881669,13
8471082,13
7565490,13
147469,13
4393305,13
10569802,13
7180934,13
3312346,13
11527029,13
8857221,13
8319482,12
1556605,12
107933,12
1994202,12
2587990,12
4426285,12
4449599,12
3485522,12
10676591,12
549401,12
2624648,12
7216335,12
3066928,12
7728091,12
7311397,12
1512773,12
6186220,12
7995905,12
11212227,12
4182765,12
2762495,12
8579123,12
3957434,12
10921790,12
9912585,12
7329219,12
11563766,12
7014740,12
5551421,12
3237614,12
3158155,12
68517,12
6260295,12
6738133,12
174377,12
6894528,12
4129769,12
575374,12
7008995,12
1571377,12
1384605,12
741203,12
3662347,12
6673480,12
1140877,12
1434300,12
2094054,12
128913,12
6460262,12
6177226,12
3663799,12
10017103,12
1343558,12
3272485,12
8574607,12
131157,12
1412326,12
8782798,12
7420223,12
4998217,12
5402280,12
2600476,12
2764866,12
4640761,12
187116,12
1268682,12
3258576,12
7299400,12
11079443,12
3744883,12
6322217,12
1085207,12
10888589,12
1492025,12
4418470,12
6095261,12
912943,12
3666500,12
65967,12
9861968,12
441835,12
921798,12
9102297,12
11150596,12
5833709,12
8672542,12
11494394,12
10311431,12
7082698,12
7384641,12
712913,12
9739706,12
1977429,12
9762135,12
8204156,12
9125,12
2568589,12
6610818,12
7069676,12
1380155,12
2180215,12
11561354,12
4005394,12
3681389,12
10072537,12
9659139,12
3215637,12
3652743,12
3279658,12
2849366,12
1154702,12
6273443,12
6090579,12
3077204,12
494988,12
10059179,12
6374718,12
4588769,12
1637915,12
1514256,12
6612734,12
7101653,12
6919034,12
3248747,12
4530161,12
4227903,12
7465557,12
1280816,12
1201598,12
3981650,12
1769303,12
2097056,12
3000888,12
7715016,12
5515039,12
5146434,12
10052157,12
2677195,12
6719386,12
10945195,12
7849026,12
4752953,12
386394,12
3340450,12
4569,12
1379063,12
2521931,12
11585328,12
5810401,12
1387863,12
2645103,12
5295867,12
7020935,12
5375412,12
153810,12
6190493,12
2701617,12
2616576,12
4075323,12
3801705,12
10843216,12
2397425,12
11349707,12
5532647,12
921775,12
1204566,12
11512673,12
1296204,12
1363212,12
1552833,12
10086908,12
5605503,12
7172140,12
8068101,12
10382838,12
5039934,12
4513314,12
275893,12
75293,12
5420386,12
4587564,12
6018002,12
6241876,12
690208,12
11095572,12
687456,12
8521331,12
8027607,12
1139146,12
4092792,12
7042672,12
4121333,12
8419924,12
4251967,12
11580375,12
5486331,12
2245165,12
7991125,12
10244017,12
6900075,12
969994,12
2910420,12
6977316,12
3409741,12
6361092,12
3500,12
2525868,12
459044,12
4982172,12
212162,12
1204304,12
3208892,12
5061075,12
2896350,12
9844579,12
72538,12
11517051,12
8561375,12
926363,12
10217578,12
348428,12
4184215,12
9275964,12
8774641,12
2237958,12
8101546,12
2737429,12
2311143,12
669898,12
8820136,12
3240124,12
7685817,12
6508880,12
8619440,12
371815,12
5069684,12
1552771,12
3593591,12
5949174,12
7201109,12
9359793,12
6829192,12
9042404,12
9342064,12
496629,12
3792772,12
9970923,12
4325441,12
5924172,12
1885277,12
7259825,12
4165679,12
2468829,12
58870,12
9056240,12
7520467,12
10361339,12
4288358,12
446591,12
4836650,12
3633526,12
1744713,12
9297262,12
6134582,12
7574246,12
8711385,12
417702,12
10810375,12
541667,12
4505300,12
2308471,12
8516904,12
1027585,12
2897345,12
1554459,12
2066781,12
10526420,12
4780750,12
8272447,12
9656288,12
6137112,12
2667295,12
509198,12
4583716,12
971048,12
4257034,12
3543799,12
11518952,12
2676191,12
3356664,12
4008943,12
8882611,12
3601820,12
2084886,12
4842037,12
6757505,12
11458315,12
3392928,12
6613554,12
93894,12
2716537,12
1563443,12
6347048,12
521515,12
5367935,12
443188,12
6444092,12
8220959,12
11172760,12
2802673,12
107326,12
49808,12
70587,12
8651376,12
157149,12
11035473,12
7303606,12
832746,12
9630853,12
9485578,12
2865713,12
4165564,12
5094687,12
1225098,12
11165215,12
1753922,12
6259342,12
1339256,12
3043264,12
6460214,12
7299473,12
6968184,12
4257340,12
9421623,12
5117764,12
9213219,12
1235202,12
3704620,12
7841171,12
2436235,12
4706133,12
442923,12
1684585,12
36034,12
4687751,12
1065757,12
6107076,12
11579351,12
992799,12
6622347,12
94269,12
8782255,12
2199241,12
2373499,12
6852758,12
2537983,12
9269039,12
6806689,12
3880277,12
234025,12
2034132,12
4181937,12
1500700,12
179554,12
3121016,12
275927,12
6653589,12
7264367,11
204497,11
7695695,11
749334,11
11035300,11
4349463,11
8405671,11
124914,11
3550739,11
8156533,11
7332195,11
1673582,11
6026496,11
459215,11
8531063,11
9826075,11
11283033,11
555335,11
834216,11
2697802,11
11025679,11
3869497,11
912498,11
3888481,11
2291693,11
1581460,11
633018,11
6952853,11
4519983,11
7306743,11
8215725,11
5036304,11
9883336,11
859181,11
4075741,11
2874052,11
4548006,11
238885,11
3944078,11
8236944,11
10062504,11
1646360,11
201644,11
4007120,11
98891,11
6202314,11
9756974,11
4317234,11
3433100,11
1395240,11
2637345,11
99083,11
1525066,11
4984362,11
10812380,11
6909676,11
3325142,11
2363694,11
1348532,11
626441,11
2815757,11
8088117,11
4384143,11
1980566,11
1955366,11
11433857,11
9776630,11
9997204,11
2909423,11
1123485,11
288975,11
70914,11
5322915,11
10350248,11
7311978,11
7579407,11
11442449,11
5543635,11
852825,11
6684610,11
4644671,11
3815340,11
2302,11
923338,11
11223363,11
11585547,11
348897,11
413744,11
7569774,11
10028184,11
1545072,11
8962042,11
1581100,11
5921482,11
8739141,11
41550,11
4532827,11
1901930,11
201735,11
8958913,11
6980418,11
1250267,11
5491610,11
1298350,11
62957,11
4066113,11
4088539,11
3403979,11
68764,11
4381468,11
7259759,11
11588447,11
2716090,11
2619014,11
1639552,11
10792230,11
4444873,11
3580375,11
324732,11
3164426,11
6262205,11
4574912,11
3307662,11
5868692,11
6355910,11
4036962,11
7513895,11
6426654,11
239418,11
67479,11
3137672,11
3136840,11
4091531,11
10175562,11
1384686,11
3671192,11
1591908,11
10273964,11
7810336,11
7918801,11
7571278,11
3349983,11
1387542,11
11539561,11
8414771,11
8626903,11
7971522,11
11268144,11
8526447,11
6487224,11
5508441,11
11252570,11
101195,11
4920026,11
6995831,11
2665314,11
255714,11
5238367,11
7619816,11
531922,11
5363872,11
2077294,11
11570776,11
7533257,11
1979216,11
3084775,11
8354075,11
4365118,11
8795519,11
2789413,11
8979264,11
1860860,11
5489905,11
3379114,11
782287,11
7783268,11
4804730,11
1759713,11
6973998,11
925156,11
3619287,11
7838159,11
5005596,11
1610501,11
6304975,11
7164427,11
8623743,11
1313514,11
4885848,11
9016556,11
3875130,11
163032,11
764530,11
4411195,11
4604296,11
404188,11
4710161,11
6781379,11
7006428,11
3370701,11
3849406,11
84382,11
9707996,11
986557,11
7397053,11
11350283,11
1934655,11
10800928,11
9835058,11
2217069,11
6810922,11
5797885,11
2186297,11
4425,11
10704387,11
6589390,11
13365,11
2654999,11
4219958,11
8037224,11
9104228,11
27977,11
4544,11
11433088,11
10020682,11
9268172,11
13543,11
7362817,11
2229820,11
478008,11
1472604,11
5873643,11
8185876,11
11357638,11
8324592,11
474886,11
10389365,11
6403609,11
5088926,11
7670953,11
4336739,11
9378546,11
4119360,11
3846087,11
4049133,11
4013576,11
91188,11
4315350,11
6995573,11
3730581,11
7816098,11
5343309,11
6375125,11
4594275,11
3714118,11
1362790,11
3205884,11
10726929,11
215152,11
7354610,11
9573738,11
3441349,11
8924223,11
367432,11
4871874,11
2912113,11
9559627,11
4912776,11
3410699,11
6474163,11
2139647,11
131155,11
6324523,11
4884623,11
1612902,11
8981706,11
4853658,11
1629372,11
9424289,11
2392619,11
740474,11
11587304,11
4012343,11
157757,11
6613336,11
2900101,11
155857,11
5249744,11
5796487,11
3728703,11
3427360,11
4662149,11
645177,11
2565996,11
9666326,11
3241017,11
2357382,11
312706,11
5912354,11
6438299,11
8364428,11
7991141,11
1289825,11
4622874,11
10997825,11
3473333,11
5103287,11
4164912,11
4773982,11
2643202,11
1668307,11
12909,11
2808247,11
4116904,11
9761802,11
7701033,11
11193445,11
9967565,11
4765581,11
784041,11
4808167,11
497557,11
8673458,11
1880411,11
10114080,11
61740,11
5781548,11
4287461,11
744717,11
6755506,11
8168344,11
5040661,11
2338172,11
898578,11
1754990,11
1661600,11
1638041,11
9821511,11
1508292,11
10012100,11
2798270,11
8035115,11
1362294,11
4115299,11
3507662,11
1956871,11
198182,11
5901079,11
5415952,11
6436986,11
460836,11
7742568,11
2140263,11
98861,11
8916165,11
5466336,11
8126443,11
6313019,11
11184784,11
3310715,11
4859128,11
7931203,11
6891125,11
2534561,11
2497440,11
2669706,11
2766101,11
3662591,11
7651308,11
2506414,11
5535432,11
197668,11
4741097,11
360694,11
6094112,11
4266385,11
5940718,11
10043458,11
5065095,11
4824394,11
952819,11
1120980,11
6179847,11
105304,11
6256392,11
2548588,11
5932996,11
128607,11
4262531,11
8339692,11
10352658,11
11591930,11
3373118,11
9186794,11
10538776,11
8323108,11
9802098,11
5801583,11
3262524,11
1291541,11
9486302,11
5414245,11
7138516,11
9310876,11
365879,11
11578215,11
2178636,11
6943287,11
1087080,11
1923927,11
9938004,11
10189654,11
6927258,11
4808794,11
4042445,11
5313446,11
4628737,11
2426853,11
7333041,11
3081967,11
4725552,11
4684777,11
4291914,10
3865715,10
2612175,10
6624290,10
7270317,10
6152757,10
1647536,10
10575191,10
9140904,10
6108335,10
4355766,10
8162289,10
9936886,10
5510709,10
4686818,10
5757777,10
1915658,10
5041198,10
7364638,10
6567,10
7182813,10
4925412,10
4266735,10
8333624,10
2768866,10
2969824,10
10312199,10
828227,10
7127589,10
449158,10
5841151,10
61405,10
1110228,10
4279763,10
2455753,10
1892628,10
7915463,10
4646634,10
4123355,10
1239133,10
3012036,10
6173885,10
2768761,10
1280600,10
3942321,10
9663249,10
9929376,10
2378329,10
3541438,10
5388693,10
10513760,10
10654577,10
443774,10
7118087,10
3024005,10
11542921,10
557135,10
211969,10
5243593,10
1877284,10
7573540,10
3955130,10
6107914,10
897711,10
154865,10
10596334,10
9392352,10
10256636,10
1437284,10
300165,10
7986823,10
4659764,10
140520,10
7843583,10
10829664,10
2196062,10
5164324,10
7567977,10
10167167,10
3452823,10
6757128,10
4847288,10
6137750,10
6189596,10
5928825,10
2176342,10
8074,10
2410896,10
586384,10
11098023,10
11125536,10
4530690,10
1301875,10
5123164,10
2426794,10
5125438,10
2370973,10
8466030,10
1203656,10
6022342,10
5128184,10
1471023,10
5573,10
11260124,10
478208,10
7152067,10
2399845,10
3576055,10
10256852,10
11582691,10
5202407,10
3537852,10
4691027,10
582294,10
6708465,10
248997,10
7993423,10
117475,10
2880645,10
4422055,10
26917,10
3374340,10
4782121,10
7830795,10
2918722,10
5053288,10
6936941,10
9979363,10
9117030,10
2638420,10
7226315,10
6634902,10
1881106,10
3399798,10
6193272,10
3062794,10
312884,10
1611976,10
8096045,10
10148613,10
560038,10
2800155,10
5119489,10
8107814,10
4573083,10
6069645,10
1559124,10
6546162,10
8749574,10
3362585,10
6589817,10
2226617,10
4111918,10
5429706,10
6042648,10
2544101,10
1564276,10
10308072,10
1801904,10
6873571,10
9326899,10
5427696,10
3975627,10
9273408,10
4713727,10
9172417,10
5755050,10
3923668,10
2177564,10
3735614,10
9225903,10
3950,10
6783751,10
3900,10
7569192,10
6231628,10
61647,10
5996245,10
2060392,10
2510527,10
4374634,10
9285848,10
174910,10
10880238,10
6592523,10
1885586,10
4009554,10
1744913,10
1616205,10
11349427,10
5043327,10
7195928,10
4001913,10
4498205,10
6304146,10
9582919,10
3696548,10
10837272,10
4812696,10
4265297,10
1968199,10
8594545,10
9009789,10
8842864,10
4784482,10
1355367,10
7531249,10
9353714,10
1057632,10
1599247,10
3492390,10
7848378,10
3477571,10
5276522,10
11452944,10
7933015,10
2989267,10
10774647,10
10779752,10
160597,10
5365948,10
6395389,10
6743146,10
3302751,10
84787,10
160133,10
8840847,10
10146461,10
8349378,10
2217650,10
6590402,10
8356083,10
4272029,10
1845087,10
8823365,10
1685906,10
165668,10
5863505,10
9308232,10
9501303,10
8996100,10
179187,10
9889609,10
875451,10
4741365,10
7034451,10
2518220,10
8276397,10
82113,10
10179744,10
7146356,10
2421090,10
7488386,10
5648683,10
8953288,10
624998,10
6513725,10
4535092,10
9264781,10
3054864,10
69895,10
116719,10
2568225,10
10508048,10
1810557,10
4373350,10
4100653,10
5828918,10
3730640,10
8626798,10
6590961,10
3312352,10
7277151,10
2784777,10
124952,10
308933,10
6662310,10
2509550,10
11034575,10
9135524,10
8024580,10
4059781,10
2806390,10
4422223,10
2294066,10
4145316,10
2372091,10
830778,10
3072965,10
3879925,10
4341055,10
7395599,10
4029414,10
2882680,10
8155445,10
8658394,10
2387159,10
11037262,10
4520293,10
3654751,10
1948956,10
2703095,10
8554722,10
7544705,10
82015,10
7847079,10
8748603,10
8008269,10
476882,10
4105811,10
951441,10
1336150,10
2736329,10
1459753,10
10435502,10
287921,10
3853822,10
2163592,10
110847,10
6662151,10
7365893,10
7133825,10
6704763,10
3994420,10
3662265,10
10526646,10
4174915,10
8002023,10
1653716,10
3814280,10
7156478,10
6790208,10
8621623,10
7968639,10
7437279,10
3428179,10
3353882,10
4699725,10
7611796,10
11145742,10
3378553,10
5942722,10
1159313,10
6067454,10
5144684,10
11107275,10
8097778,10
4957337,10
7858161,10
438091,10
2565433,10
10288978,10
9810128,10
68987,10
7036786,10
11574416,10
6974503,10
7669979,10
2729197,10
736186,10
8203917,10
5197157,10
8188769,10
3073600,10
3116636,10
15946,10
2103410,10
6653199,10
8608556,10
3271953,10
4785221,10
5869842,10
7648843,10
7780173,10
6850828,10
6767150,10
3049658,10
1979435,10
8043538,10
1258026,10
3131917,10
4698650,10
8875896,10
6083779,10
3782237,10
9970750,10
9484675,10
7535519,10
1676706,10
2759164,10
7615664,10
1777774,10
9197388,10
3975666,10
7675219,10
1633753,10
4030479,10
3136541,10
2386973,10
5299396,10
3300381,10
2112134,10
5828784,10
8994546,10
6701947,10
7078308,10
9734692,10
6090677,10
141255,10
6172030,10
10244532,10
6146501,10
4279134,10
9977601,10
9794301,10
77812,10
144270,10
1163994,10
2144486,10
4578173,10
9079463,10
1190158,10
2965825,10
2306956,10
2579690,10
6968427,10
79466,10
5431518,10
3566303,10
404307,10
704328,10
891343,10
5181923,10
1213048,10
4205921,10
4617020,10
10238295,10
339918,10
4000997,10
573009,10
2592641,10
601263,10
11278747,10
3125060,10
3257896,10
769463,10
10509260,10
8867933,10
9353322,10
3016232,10
4255263,10
3051617,10
7821500,10
3808684,10
7525136,10
5360153,10
12935,10
165514,10
1413121,10
9807013,10
2966641,10
7150239,10
3694372,10
205600,10
8065420,10
6282028,10
11574401,10
4350602,10
7946105,10
1460702,10
9168960,10
9489672,10
1856444,10
5186311,10
2328783,10
4579043,10
2303967,10
175533,10
4919479,10
1532125,10
4791807,10
2904010,10
7918878,10
3711664,10
6250145,10
11562404,10
67578,10
2601451,10
11443407,10
1567787,10
6969768,10
9381034,10
3938957,10
1644068,10
5084296,10
4101357,10
10165384,10
4321981,10
8982312,10
7776634,10
920025,10
9233548,10
3280617,10
637867,10
6367640,10
1050397,9
8994633,9
4060959,9
3933000,9
7367677,9
7046548,9
4647266,9
10996286,9
4646581,9
6241816,9
2919784,9
4016019,9
3450889,9
1510740,9
2111209,9
3486281,9
3311036,9
667531,9
3071576,9
6187958,9
4679013,9
4668633,9
10243873,9
948569,9
2990033,9
2744191,9
3994753,9
3784891,9
7910737,9
9087268,9
557053,9
11374276,9
4886904,9
11591964,9
10919709,9
5858671,9
3281334,9
9377950,9
949413,9
755394,9
2866217,9
5959067,9
1080285,9
5373498,9
8306859,9
6515735,9
1166500,9
4147705,9
8463250,9
11569843,9
4678624,9
1049380,9
845180,9
10307911,9
237257,9
10555715,9
872073,9
2960617,9
5508722,9
4273263,9
268250,9
3379365,9
88764,9
7873049,9
11406272,9
4320380,9
3318658,9
5168590,9
4139217,9
3325653,9
5773161,9
4098300,9
3454266,9
7429415,9
8153027,9
10715021,9
4376703,9
1188307,9
7487218,9
469191,9
10744640,9
4133621,9
11464111,9
3815777,9
2140347,9
3528511,9
9883432,9
262187,9
2628952,9
1224209,9
2494104,9
10184806,9
6247233,9
4100531,9
5953234,9
7849059,9
7585531,9
2948290,9
2866017,9
5348961,9
2757398,9
9911044,9
139099,9
4142930,9
7623091,9
11130082,9
8711029,9
2924651,9
1041244,9
2055758,9
9465952,9
10791649,9
4122864,9
5460483,9
8616098,9
1868043,9
9919528,9
8070439,9
4221685,9
5790088,9
19765,9
2668848,9
5837580,9
2041600,9
3488794,9
10507075,9
4463076,9
2080195,9
5158546,9
2320839,9
5853295,9
5315450,9
10675180,9
3614986,9
5258132,9
5918679,9
7667184,9
3728710,9
8280911,9
7040334,9
5873118,9
1023088,9
1620026,9
3505975,9
4311870,9
8114,9
1968009,9
6865262,9
9592130,9
952542,9
2448666,9
1377290,9
8116432,9
4432458,9
61970,9
406261,9
2821223,9
7859191,9
1133562,9
893968,9
1940149,9
11553545,9
9385624,9
5775280,9
6180524,9
11167590,9
565609,9
805303,9
1296683,9
115980,9
1609024,9
2518661,9
4768590,9
9177064,9
1841994,9
4457148,9
10564143,9
10087761,9
3325230,9
8859482,9
5945525,9
10668100,9
2906,9
4541810,9
9444874,9
2095458,9
608574,9
9964728,9
5274095,9
408527,9
4359507,9
4661275,9
4905234,9
711598,9
2351193,9
6782625,9
6339160,9
9660209,9
6268697,9
5327563,9
384603,9
8776883,9
1521173,9
1202193,9
3967804,9
798260,9
5476094,9
204302,9
5895473,9
6933503,9
7465431,9
9268845,9
1875068,9
2213160,9
764202,9
2805602,9
5331934,9
4303402,9
5137080,9
1192890,9
6487185,9
479314,9
9976204,9
796065,9
8582038,9
4747545,9
9208931,9
8777837,9
9954990,9
55455,9
3966215,9
8240317,9
1615638,9
8376619,9
3582824,9
5073025,9
6973011,9
9383800,9
6140,9
6259201,9
9717708,9
1077785,9
2208686,9
8701956,9
8073952,9
872250,9
1513158,9
6120151,9
9071753,9
4859865,9
5984134,9
11557631,9
3842180,9
9226085,9
11099081,9
3872518,9
4260826,9
4126095,9
901268,9
1895771,9
5137993,9
1118903,9
6765335,9
1570464,9
4230335,9
4671558,9
6779816,9
987686,9
8849947,9
6938615,9
2143112,9
7653421,9
1457451,9
3106218,9
8354002,9
10489423,9
8090711,9
7197458,9
925204,9
3376867,9
540133,9
8395955,9
2875942,9
4975120,9
3145232,9
2765749,9
7941960,9
9677233,9
10397364,9
1564568,9
5213266,9
123120,9
11208200,9
11569738,9
8358388,9
2278033,9
10945299,9
9230039,9
4654489,9
4450047,9
1180052,9
6873354,9
9621043,9
4341065,9
4516749,9
4802454,9
3495203,9
5360811,9
14138,9
6993844,9
2371494,9
10048725,9
2559283,9
10286220,9
10004501,9
11173369,9
897736,9
1328097,9
5144954,9
4804563,9
4037627,9
10664295,9
7395890,9
1555777,9
10415957,9
2452665,9
3062047,9
120549,9
4313566,9
7165578,9
1704430,9
1893351,9
5225912,9
10789088,9
3756826,9
4800303,9
9060920,9
8015203,9
8975031,9
3119894,9
3680245,9
9128121,9
4620786,9
1150251,9
9217342,9
10563239,9
10415637,9
11318454,9
1934629,9
9854891,9
595741,9
2437208,9
7049640,9
10151344,9
3911351,9
6010101,9
5206962,9
505637,9
60148,9
2628447,9
1873648,9
10940627,9
3123869,9
8761838,9
2582196,9
8078783,9
3763256,9
566091,9
1902391,9
4988997,9
6166353,9
58090,9
3579017,9
11533156,9
7571821,9
2634860,9
8230845,9
3248268,9
4034658,9
9141979,9
2391742,9
5448445,9
10609259,9
3705425,9
3417896,9
4858735,9
264710,9
1713540,9
2369328,9
4728335,9
154911,9
4535999,9
849129,9
7981923,9
7480396,9
3208185,9
2169526,9
153541,9
7762733,9
4580265,9
535855,9
4708199,9
1476104,9
2247031,9
7166894,9
7873839,9
1893523,9
1251006,9
5269711,9
2169765,9
10428262,9
4455535,9
9760196,9
6575961,9
3228896,9
9998011,9
6264177,9
5313887,9
11152997,9
2425951,9
11285224,9
3238115,9
11313634,9
9319163,9
3583586,9
11534302,9
9022895,9
8550782,9
695528,9
7888413,9
11363542,9
5323153,9
7849619,9
7666059,9
715320,9
8954828,9
6072841,9
10717438,9
3280904,9
6791587,9
3602391,9
3659324,9
394817,9
9336104,9
7333739,9
7694080,9
7833463,9
3869019,9
759182,9
167289,9
5278185,9
365437,9
257813,9
6481437,9
3449060,9
6153698,9
997313,9
1795823,9
3293855,9
759422,9
237499,9
9231073,9
8138166,9
5954915,9
184909,9
10510421,9
3665534,9
5173289,9
9238954,9
4051758,9
44893,9
4483,9
1132353,9
5657074,9
7813371,9
777496,9
3438302,9
5188997,9
4522639,9
7678699,9
1966365,9
8603550,9
9723829,9
9793823,9
7901961,9
2769445,9
10080482,9
3878510,9
4333709,9
11276020,9
11356598,9
5923827,9
4766227,9
2976146,9
2371770,9
5180213,9
11270195,9
3957693,9
5484960,9
4245996,9
11361370,9
7572724,9
6212900,9
3936387,9
9065243,9
4236180,9
452254,9
6054985,9
4855555,9
7568860,9
4768344,9
566062,9
4915158,9
10847574,9
2145593,9
60464,9
7197706,9
7245243,9
4961963,9
10097529,9
4063927,9
3862006,9
3890151,9
10265474,9
213701,9
9488074,9
5160351,9
847740,9
5538947,9
2515985,9
2938002,9
3965651,9
484021,9
6835569,9
446481,9
4904786,9
11181413,9
9876102,9
2436864,9
8070175,9
10040863,9
11398658,9
7419637,9
4971547,9
6191458,9
1326985,9
4425865,9
649755,9
2277148,9
1779579,9
4203364,9
387601,9
1902469,9
5313018,9
6906431,9
5335206,9
9341271,9
2290045,9
4484583,9
226576,9
9765415,9
4648057,9
3134519,9
223866,9
7446349,9
5552804,9
8575637,9
10152679,9
3873184,9
4356106,9
6270442,9
2678833,9
3010439,9
6652503,9
4368889,9
1089570,9
11287330,9
6783911,9
11031973,9
4717432,9
3305724,9
8811686,9
3245224,9
10948369,9
28459,9
3996490,9
6009583,9
2733408,9
1796310,9
100171,9
8083565,9
9205308,9
6103854,9
3463653,9
11218815,9
336262,9
4099616,9
2936888,9
9551076,9
2790270,9
3411867,9
7881298,9
5768958,9
223003,8
8296275,8
3141131,8
1723403,8
6017169,8
7594682,8
7401857,8
6530127,8
3382606,8
7007964,8
9323957,8
3253992,8
4293738,8
4008587,8
1334897,8
5094804,8
9984917,8
3893129,8
7604642,8
896484,8
674431,8
1241007,8
4605864,8
8644444,8
4520066,8
2955582,8
10854932,8
8460360,8
2784767,8
5195103,8
4030918,8
7364,8
9751521,8
5642206,8
6718446,8
1114302,8
3262171,8
9080971,8
5139791,8
675871,8
3641840,8
6952397,8
10646847,8
6579023,8
11254834,8
1601759,8
2058437,8
5013096,8
6390505,8
10592550,8
1372021,8
5990517,8
8968193,8
207544,8
619029,8
682878,8
966326,8
6731181,8
4786757,8
6421126,8
9942243,8
4610750,8
9503800,8
7867096,8
6604953,8
2031904,8
10999350,8
10481011,8
3871328,8
9088386,8
4910210,8
5127879,8
5656175,8
121090,8
2800077,8
5954955,8
5029242,8
4819938,8
2604316,8
2975669,8
7804840,8
5915045,8
5199331,8
2818867,8
3209863,8
5505976,8
11574062,8
6144448,8
2412157,8
2283008,8
10339313,8
2520964,8
6927178,8
2379657,8
11129019,8
68056,8
1536437,8
8422355,8
7271045,8
7827809,8
8010717,8
6039926,8
7469478,8
8610574,8
790533,8
4961387,8
11592851,8
8338123,8
4210402,8
2066876,8
1732715,8
2830228,8
9780195,8
2583727,8
9609019,8
3589498,8
7888497,8
10527108,8
4173308,8
6657377,8
4387799,8
6349319,8
6750349,8
8336368,8
4453706,8
2873896,8
9559522,8
10136941,8
8597388,8
6036417,8
9139496,8
820,8
11147292,8
2308356,8
4163069,8
7416393,8
2611233,8
7443776,8
7422710,8
5221757,8
2998450,8
6376057,8
2600961,8
2233420,8
3159577,8
1640382,8
9714642,8
2832521,8
129131,8
4039100,8
106137,8
8783981,8
6958669,8
4110194,8
737544,8
9324424,8
8819888,8
2931030,8
1445997,8
2121682,8
8488993,8
4123862,8
5457051,8
7149824,8
4271947,8
5659778,8
6966670,8
8581874,8
550756,8
2350422,8
4463473,8
10815817,8
3955046,8
10065357,8
8475489,8
4424323,8
86720,8
5273010,8
7576958,8
8966028,8
10647254,8
8454444,8
3374912,8
5459528,8
4746244,8
10665607,8
6726750,8
451925,8
4208435,8
5039222,8
9147205,8
10119527,8
818586,8
105373,8
1130580,8
3434162,8
6713193,8
10252903,8
8182049,8
11239936,8
156399,8
2792222,8
11282975,8
2332236,8
6708814,8
215490,8
5264218,8
6631747,8
4101253,8
1789159,8
5278802,8
3509620,8
969079,8
8533115,8
3393293,8
626921,8
2439313,8
3718431,8
6357200,8
8692181,8
1974090,8
1364868,8
10254491,8
2432529,8
5798254,8
11186070,8
72585,8
4263839,8
823671,8
5033335,8
8264957,8
5173396,8
6356826,8
9857853,8
4464583,8
1394173,8
3387955,8
5135248,8
8907028,8
11572475,8
4383863,8
1837040,8
2857316,8
9499049,8
420698,8
10488210,8
9723584,8
969069,8
8578188,8
10889100,8
272832,8
1869634,8
3455610,8
813076,8
7452980,8
2404858,8
878386,8
3956577,8
6225813,8
11247449,8
4303290,8
2834905,8
4293250,8
9131673,8
2075454,8
11282765,8
6215938,8
5048849,8
8687856,8
5002726,8
7638269,8
2302564,8
7258564,8
3611559,8
9773,8
1183675,8
88191,8
2368857,8
2935542,8
5862394,8
8453021,8
1660214,8
8579907,8
5025536,8
10102528,8
3057868,8
4156041,8
2902362,8
2797746,8
8366630,8
4541080,8
4396733,8
495447,8
2555259,8
3491461,8
303920,8
8981440,8
2147632,8
6256874,8
592909,8
2244833,8
3229515,8
7345936,8
1097269,8
9300341,8
1188367,8
1390988,8
428845,8
128916,8
5989100,8
6786926,8
10874883,8
5188804,8
2783196,8
6864026,8
8939678,8
10426403,8
1154682,8
6418306,8
8667426,8
3018283,8
11218909,8
9716040,8
5403190,8
2672954,8
8658278,8
2740135,8
156479,8
8272923,8
4003103,8
110317,8
4912898,8
6621327,8
218883,8
6237497,8
7259362,8
6186768,8
68140,8
3796334,8
3884947,8
10853977,8
12367,8
2661338,8
6208293,8
9426363,8
6542153,8
2370196,8
4112669,8
5538688,8
4242246,8
6875747,8
2016569,8
3260452,8
9093003,8
11589869,8
9920166,8
2874136,8
9757125,8
2243184,8
8338074,8
1296490,8
9630782,8
6890011,8
1793036,8
6283920,8
6658563,8
437103,8
4296865,8
7630465,8
7787222,8
7807676,8
175651,8
793822,8
7112965,8
1865572,8
4092301,8
5780960,8
14771,8
4118567,8
6922759,8
7871221,8
3148397,8
7394089,8
7494073,8
1977748,8
4176778,8
4877611,8
8829122,8
4174011,8
5875958,8
7139870,8
6623859,8
1429637,8
76178,8
4751070,8
6917691,8
164017,8
2351739,8
3951619,8
6787981,8
10611815,8
10104632,8
2486547,8
3917325,8
74152,8
3226881,8
4768633,8
3558643,8
3680142,8
11576497,8
3828505,8
12102,8
6243405,8
2915499,8
4362408,8
6106275,8
4049519,8
1922612,8
1960303,8
6935660,8
2513,8
651602,8
4145516,8
3143854,8
11579759,8
2886547,8
330583,8
5458295,8
4534381,8
11561773,8
8141459,8
2356263,8
3032927,8
61235,8
8487712,8
3421959,8
4023423,8
6615280,8
8350946,8
7067817,8
6519447,8
5173518,8
1923001,8
1298756,8
9748845,8
4116040,8
577692,8
1815947,8
212156,8
663495,8
158599,8
5965792,8
465098,8
10729758,8
5156871,8
6899746,8
3437663,8
2944476,8
4195286,8
7669799,8
4759441,8
10000737,8
9552451,8
7881003,8
2151765,8
9246496,8
1695668,8
8868230,8
7833628,8
10906567,8
1892741,8
7610583,8
11579905,8
5806366,8
6461328,8
653420,8
527921,8
4614128,8
7432581,8
17374,8
7392162,8
1316833,8
922154,8
4735441,8
1675895,8
7593377,8
5659294,8
8322515,8
2627074,8
3920827,8
2526163,8
1758795,8
4076369,8
3209456,8
11378284,8
4247005,8
6954310,8
10202716,8
9810244,8
4301947,8
4971973,8
2296381,8
9344610,8
5953855,8
1957965,8
1262618,8
8706,8
312601,8
11347875,8
2692674,8
1124892,8
6184412,8
4751170,8
6514837,8
6343718,8
7793928,8
1592552,8
7601465,8
4538444,8
8422968,8
3545662,8
2724082,8
9451332,8
3733193,8
2768829,8
11172112,8
7017134,8
2323248,8
4272053,8
11586753,8
4706768,8
7115122,8
2929318,8
7352326,8
5464704,8
10667573,8
1290385,8
9632387,8
3496919,8
10776881,8
1919936,8
7832643,8
5882902,8
10698140,8
3166029,8
9290141,8
5881438,8
5942139,8
1935710,8
8664897,8
622258,8
2000872,8
2474341,8
11575922,8
6013799,8
1009835,8
4498136,8
480304,8
4506737,8
11304211,8
1043202,8
6598402,8
435263,8
3177708,8
4806715,8
3765222,8
1225346,8
2985255,8
31475,8
10509900,8
6850302,8
2696805,8
6812040,8
6510412,8
3301514,8
4046714,8
8194759,8
6809424,8
1520137,8
3968061,8
35968,8
4316260,8
10651239,8
1518929,8
7974689,8
6658920,8
6936338,8
54871,8
4804762,8
1586962,8
1164255,8
1533208,8
8757203,8
5428979,8
9793901,8
8565452,8
4091915,8
6463058,8
9882995,8
7299852,8
1019117,8
282091,8
6473540,8
2586399,8
2943545,8
11107065,8
4591821,8
4488765,8
6747940,8
71285,8
936780,8
256911,8
4071677,8
2214331,8
664551,8
5204009,8
3009978,8
3545935,8
7636165,8
8626358,8
4381369,8
2254652,8
4094492,8
11591601,8
9952051,8
7359510,8
9403190,8
9043940,8
8387086,8
2790541,8
7942488,8
82997,8
4297820,8
52038,8
594605,8
595900,8
416591,8
194001,8
7718994,8
635663,8
9874522,8
8001840,8
143485,8
4620068,8
1974547,8
795002,8
315511,8
563032,8
6726313,8
6598532,8
10586330,8
278050,8
2410463,8
1879427,8
7056268,8
4518043,8
1922423,8
3757931,8
4787118,8
4547029,8
319422,8
10187373,8
1766604,8
119195,8
218168,8
11061525,8
2260708,8
5546394,8
3791728,8
4314811,8
4786882,8
4324739,8
3662817,8
6363790,8
8468771,8
3662739,8
4045305,8
3315124,8
5051641,8
8969097,8
7287268,8
7120135,8
1214061,8
7700040,8
3339417,8
9078079,8
669510,8
930617,8
2599791,8
11373334,8
6033040,8
10428899,8
2083758,8
49316,8
2351027,8
8918005,8
108418,8
8150426,8
9821938,8
7522843,8
103854,8
4903619,8
6254010,8
9796438,8
3986101,8
6861310,8
2993738,8
4342735,8
9005885,8
9156266,8
3311787,8
6924136,8
2879656,8
9872449,8
5353917,8
4011866,8
3981575,8
5085786,8
1936754,8
580434,8
82025,8
176478,8
2766373,8
6147286,8
8802286,8
8763121,8
4928522,8
5761849,8
10503224,8
10517157,8
4468246,8
3622811,8
4613978,7
6683268,7
5222758,7
1042085,7
5269648,7
5835067,7
4492991,7
2286560,7
8551348,7
11589121,7
2346802,7
1612292,7
1281979,7
598774,7
60594,7
5941027,7
71086,7
2799667,7
1523167,7
1126768,7
4915120,7
6122760,7
2628359,7
6363349,7
2085777,7
3206671,7
876658,7
11569665,7
9302548,7
9841878,7
7731543,7
2063560,7
1346313,7
5277459,7
8995817,7
30992,7
7745904,7
3588876,7
3084147,7
5344957,7
2461228,7
1043823,7
1981642,7
5317607,7
5829076,7
5257224,7
4362043,7
8858537,7
6086537,7
3175849,7
9741157,7
11451984,7
5478917,7
8461102,7
1497758,7
2054977,7
2916719,7
7866743,7
1478758,7
2421124,7
6200846,7
7838532,7
10653432,7
6468828,7
11584044,7
11526028,7
2474291,7
1128560,7
11415182,7
7387364,7
7822970,7
3569272,7
2261219,7
519311,7
9336451,7
3824669,7
8126577,7
3193196,7
11365727,7
6849351,7
8916512,7
129921,7
9758417,7
1703999,7
3774704,7
8257037,7
342655,7
1652715,7
5384370,7
4784044,7
1144747,7
6261371,7
11359512,7
3689008,7
2733580,7
3216814,7
7878946,7
11574749,7
8110392,7
3601710,7
2147708,7
3907433,7
2359557,7
965556,7
93798,7
21253,7
9413570,7
4789104,7
30070,7
6871512,7
7615014,7
4450902,7
1212230,7
2690310,7
9851250,7
471828,7
745886,7
11034868,7
2912168,7
5417122,7
997439,7
156003,7
6773399,7
4654554,7
9351138,7
6225762,7
6342468,7
9220362,7
734528,7
5118760,7
6900783,7
6650712,7
3008072,7
4475744,7
4929909,7
4876445,7
4462386,7
4921985,7
6570422,7
6781626,7
3202934,7
413904,7
10642897,7
5552502,7
9887899,7
2791964,7
9297453,7
10784573,7
5094087,7
10771218,7
851265,7
602593,7
3274662,7
3052127,7
5611246,7
6337906,7
197410,7
95809,7
1890230,7
812439,7
9818333,7
11401510,7
9031521,7
134670,7
318939,7
5134627,7
4590039,7
1762029,7
6019934,7
6257823,7
1852788,7
6367232,7
6485609,7
170315,7
1053152,7
447170,7
765160,7
3044829,7
3313048,7
856982,7
2965046,7
53516,7
882832,7
4632458,7
3198112,7
7686969,7
4710846,7
1659342,7
4548448,7
3924047,7
303272,7
2700698,7
11373762,7
205771,7
4614671,7
4635206,7
7940873,7
8159570,7
10049451,7
259534,7
11023814,7
251817,7
3962682,7
93224,7
5345313,7
4245478,7
6816944,7
7183217,7
2696685,7
166371,7
2947380,7
551514,7
7813823,7
4487356,7
9567382,7
4979937,7
6799023,7
3909740,7
4264387,7
649016,7
197316,7
11016048,7
7854298,7
7066958,7
6970186,7
5863675,7
4303999,7
7271001,7
10727356,7
9195201,7
5021116,7
1431785,7
5004082,7
5146072,7
4438306,7
6470495,7
10764064,7
4815678,7
1445824,7
5002238,7
3907625,7
5993540,7
7296883,7
6868384,7
6352733,7
3453579,7
10708369,7
5260305,7
1220185,7
3185196,7
2357280,7
4120203,7
1867968,7
8129159,7
3983394,7
10242784,7
7362327,7
7162548,7
752170,7
2843302,7
8932127,7
5328892,7
6128192,7
3075524,7
2251829,7
6404972,7
3355434,7
7170430,7
4786015,7
132601,7
9164331,7
6409451,7
6415434,7
332593,7
6312386,7
6394953,7
10731928,7
6308100,7
11199992,7
10108252,7
11079081,7
9471856,7
7826962,7
9605846,7
64096,7
4276061,7
3232025,7
1669849,7
2020057,7
1361130,7
6516480,7
4477978,7
99424,7
5162861,7
1931572,7
2590091,7
9386561,7
77155,7
11579875,7
2032275,7
4369619,7
4283994,7
6598410,7
169330,7
5393666,7
1692806,7
10742364,7
1362301,7
10176953,7
4376003,7
11589970,7
5030799,7
7131993,7
764704,7
3493364,7
8776773,7
11189661,7
3207624,7
5893872,7
5256322,7
6614098,7
4675583,7
2260971,7
4781887,7
9562173,7
1319397,7
6608862,7
4528537,7
6386285,7
3048555,7
11189230,7
2553853,7
6969168,7
7459238,7
5320,7
5498373,7
6065545,7
645070,7
3683429,7
1677665,7
904542,7
10256657,7
2696809,7
2506473,7
665766,7
8836020,7
5050007,7
1306822,7
2557503,7
7655563,7
2880005,7
8316465,7
3157804,7
11592972,7
9251434,7
2382086,7
1715370,7
7158289,7
2790585,7
7936828,7
11531930,7
4553267,7
1755652,7
8224037,7
1483271,7
496236,7
11365824,7
7194593,7
224056,7
4052189,7
3664342,7
9479858,7
9059499,7
1106822,7
8373583,7
11587675,7
1998674,7
10838402,7
8066713,7
9268561,7
1507436,7
7388445,7
11065692,7
3431480,7
10334485,7
3777743,7
5066101,7
203492,7
4059262,7
11171915,7
6603821,7
5904897,7
7269885,7
2902514,7
8858203,7
9252819,7
6635522,7
4338057,7
4433,7
6947495,7
6186790,7
4149986,7
3579953,7
1153582,7
870167,7
248940,7
2672510,7
4257769,7
7420782,7
4873971,7
11588203,7
4989900,7
8840115,7
642706,7
557952,7
306009,7
6304222,7
2433031,7
3781285,7
4556995,7
9112120,7
9972070,7
2798456,7
6341460,7
10304564,7
8938461,7
7891470,7
68699,7
4055,7
9824385,7
4539025,7
3047282,7
703602,7
845630,7
5297050,7
7123354,7
4352749,7
5819374,7
2458598,7
109172,7
8275653,7
9245769,7
3616614,7
6651788,7
6925022,7
435190,7
8365854,7
346968,7
10024078,7
2307506,7
8897299,7
6352469,7
8572550,7
3172367,7
9956391,7
1844765,7
1021116,7
2809365,7
6822824,7
9510600,7
5025953,7
6786379,7
9808798,7
906270,7
11483686,7
4183371,7
11296512,7
6499517,7
8932801,7
4323846,7
11518175,7
575144,7
88194,7
9984454,7
5041239,7
5403116,7
9590785,7
4110741,7
942385,7
10277503,7
11573166,7
6202408,7
6466516,7
8209092,7
6650604,7
8313975,7
8160320,7
4333532,7
1931178,7
6592290,7
1724120,7
11151114,7
828786,7
8789960,7
3303130,7
5374888,7
6312854,7
1075957,7
6558755,7
1330679,7
2682862,7
6114256,7
5995681,7
2634820,7
5866813,7
130931,7
5617408,7
1188791,7
2711222,7
4742638,7
3641917,7
2154556,7
8986543,7
2861222,7
264718,7
467382,7
2239372,7
3388424,7
1998,7
5075860,7
7687134,7
3537527,7
2975905,7
3752356,7
1805463,7
9986891,7
39446,7
9393987,7
3645496,7
1609286,7
4250145,7
5220657,7
864428,7
7302737,7
7396382,7
10453229,7
10513642,7
7995237,7
1650048,7
2349972,7
6349601,7
2452303,7
9992873,7
10081472,7
1126692,7
8508947,7
1561654,7
6044330,7
2861507,7
7142112,7
236269,7
4171714,7
1682999,7
4015631,7
22721,7
3850112,7
1063334,7
2687858,7
4825095,7
3778553,7
5154023,7
8364844,7
711266,7
10727575,7
10645276,7
11567974,7
5029273,7
91261,7
4522012,7
7861400,7
6170180,7
1233723,7
4718440,7
11539505,7
10023938,7
3706719,7
599678,7
4820793,7
10668880,7
10079605,7
2899826,7
7441549,7
6902730,7
6680181,7
4527239,7
3612698,7
8235686,7
4290158,7
8335902,7
1635106,7
7805619,7
3446280,7
6863181,7
2238741,7
1241268,7
2708843,7
5758960,7
5484694,7
8117917,7
1277047,7
1422403,7
9903395,7
3218522,7
10142808,7
3160385,7
9083997,7
8280999,7
2874823,7
11592303,7
864917,7
8193458,7
6713023,7
1067355,7
3115391,7
960178,7
4730863,7
8950550,7
5662404,7
1355681,7
5467632,7
11575957,7
8186201,7
3889678,7
8046343,7
11593516,7
3637148,7
2147868,7
36266,7
11481499,7
4896265,7
9904873,7
3966271,7
11491329,7
10246590,7
5440815,7
5274144,7
10887037,7
4985117,7
7958004,7
8408178,7
7845008,7
2499492,7
10434449,7
8047694,7
1909595,7
2684935,7
9236514,7
697,7
11034120,7
8840182,7
5338240,7
5206088,7
5779688,7
1918897,7
11254889,7
49978,7
4562257,7
2520865,7
8442734,7
478656,7
3907024,7
2657749,7
3679335,7
394942,7
1436213,7
6735661,7
4870335,7
4310985,7
446417,7
5898209,7
6016020,7
184954,7
713550,7
3463545,7
4425990,7
8648927,7
112889,7
4684068,7
3728264,7
1642708,7
3209867,7
2162421,7
11365271,7
6156463,7
1524368,7
2129983,7
1647070,7
1695578,7
4701581,7
3207432,7
2786267,7
7329007,7
50660,7
4788989,7
5810432,7
3802680,7
2820106,7
718176,7
3552218,7
7011453,7
194406,7
7334974,7
6320998,7
6886093,7
4538260,7
3987270,7
4581533,7
234250,7
671478,7
9305130,7
6161883,7
5886617,7
525358,7
3966728,7
1985573,7
6966484,7
4564732,7
9564131,7
5145623,7
1855530,7
3151719,7
1002362,7
6577179,7
1307119,7
5004280,7
1253429,7
5862267,7
10039668,7
7315262,7
11668,7
787030,7
8692235,7
2741099,7
1455667,7
2164552,7
6320879,7
9813699,7
1291158,7
10713312,7
5809823,7
1101998,7
6733248,7
6822089,7
7491089,7
8426360,7
468073,7
2385499,7
10274138,7
7392342,7
3031307,7
3318961,7
8017021,7
4581396,7
1488441,7
3017984,7
1186828,7
6621893,7
9412639,7
5114373,7
1046778,7
4711974,7
11153387,7
9150600,7
7914300,7
303749,7
5874255,7
11554270,7
3229038,7
177561,7
4414105,7
10845999,7
4405284,7
5918484,7
853707,7
10330924,7
2190757,7
6457843,7
4074302,7
5305359,7
4331778,7
1481763,7
330228,7
1846693,7
7694758,7
8175113,7
6252632,7
7427136,7
3078705,7
2686301,7
8600142,7
2533583,7
348343,7
960374,7
11533559,7
1900869,7
8004354,7
907398,7
2367988,7
6393173,7
11584701,7
10828794,7
4282766,7
11519202,7
5930453,7
1436014,7
1716984,7
3952599,7
863674,7
6252209,7
4014729,7
8788119,7
11548894,7
8085848,7
11590615,7
8932466,7
181884,7
2443373,7
10536062,7
8011998,7
3874908,7
10613581,7
289174,7
192048,7
10425230,7
1130862,7
8387214,7
3980665,7
11586808,7
89395,7
10325543,7
10679678,7
7491295,7
7561197,7
1760998,7
7415229,7
10197192,7
4809146,7
8006819,7
4280487,7
8805570,7
879720,7
113707,7
8167315,7
3632368,7
11582917,7
4429310,7
13085,7
5427944,7
11280297,7
11384991,7
19254,7
6518964,7
6082653,7
3617250,7
6921325,7
5958845,7
6075176,7
1702889,7
810901,7
4924918,7
2924444,7
4007531,7
3944775,7
7410430,7
132514,7
8838978,7
212135,7
2959757,7
1434381,7
2288875,7
5088184,7
8859507,7
5834061,7
4233305,7
2482902,7
7771340,7
4686030,7
7359008,7
5337666,7
1656624,7
18780,7
5323601,7
59639,7
9533850,7
2278549,7
6523707,7
5041809,7
2680164,7
7204992,7
6585834,7
3845927,7
536641,7
4042790,7
3534739,7
6599852,7
4115950,7
10389706,7
1865505,7
6550630,7
7219432,7
5136655,7
4651954,7
617286,7
472971,7
1606358,7
7309981,7
2892112,7
952512,7
8178675,7
4833543,7
7370999,7
5993183,7
4551171,7
7556945,7
11359670,7
8068017,7
11147475,7
8133170,7
1416226,7
43555,7
2699893,7
3981692,7
5154611,7
5411617,7
2620538,7
2317243,7
1536686,7
3419491,7
7019341,7
11388999,7
3889936,7
977625,7
5467374,7
11434661,7
249282,7
8050843,7
3776173,7
7424050,7
1057948,7
49039,7
11558076,7
85428,7
1234471,7
4933770,7
8541101,7
9909329,7
1992964,7
5103775,7
4191662,7
362793,7
3585634,7
602242,7
99603,7
844253,7
8771434,7
3171063,7
2622960,7
9331493,7
3259270,7
4544542,7
1760288,7
3029346,7
4327809,7
4077907,7
5075754,7
6548886,7
10676945,7
5306853,7
9824886,7
4525298,7
7654127,6
4501023,6
8044887,6
504025,6
6531741,6
10942932,6
93014,6
6171232,6
8787226,6
562525,6
3897259,6
9560013,6
7609748,6
2300668,6
2836482,6
22415,6
2976535,6
5309853,6
2594867,6
11545482,6
10547526,6
11586789,6
4500148,6
8059745,6
11223625,6
7244583,6
679597,6
3606755,6
762789,6
4394857,6
322855,6
2716933,6
5909844,6
2473890,6
10131393,6
7781988,6
1178772,6
8840659,6
5415821,6
7132705,6
7846643,6
11584922,6
6403980,6
5177088,6
8061884,6
8342611,6
2750938,6
3506524,6
70685,6
1191317,6
7144745,6
3545665,6
3821144,6
1355180,6
4968712,6
3091256,6
4192014,6
2898669,6
8158635,6
6208798,6
333175,6
3913320,6
4113811,6
629094,6
4596975,6
6366588,6
10502084,6
3880956,6
161126,6
3694715,6
1623721,6
11592699,6
6685462,6
9933941,6
8643539,6
2376578,6
3603189,6
3722714,6
2728337,6
129027,6
1681026,6
10360325,6
2060876,6
915944,6
6105538,6
7879139,6
4310474,6
462407,6
3752290,6
2267582,6
7925432,6
5373810,6
7746848,6
4988887,6
3174703,6
6350718,6
6323798,6
2664077,6
4011062,6
386570,6
3808188,6
4041048,6
9144555,6
10584011,6
4277217,6
203538,6
29796,6
1017536,6
1857497,6
6658783,6
4758987,6
3306577,6
7873291,6
642642,6
2245082,6
10673295,6
4157359,6
557085,6
5414902,6
3314540,6
5961099,6
6710111,6
10353919,6
3856202,6
3068699,6
2694060,6
1471097,6
3808780,6
11578604,6
3426971,6
105612,6
5439701,6
10814522,6
6572274,6
7158253,6
4474078,6
1913437,6
11498747,6
6982988,6
4727245,6
1024073,6
4492486,6
10987932,6
7622034,6
6560723,6
5184949,6
8300907,6
4065916,6
7803939,6
2928644,6
10245467,6
2535021,6
7553972,6
1474304,6
2637862,6
2903403,6
3159272,6
1684046,6
6195584,6
3481828,6
7826398,6
6852324,6
3207860,6
11163787,6
1695203,6
82444,6
7178869,6
7995427,6
7546441,6
5507571,6
10890011,6
941582,6
6899151,6
3952623,6
8239886,6
11380827,6
11561492,6
4115488,6
6463131,6
11313068,6
4489215,6
5028562,6
11555217,6
11247743,6
10224252,6
11005075,6
4606493,6
347207,6
5462808,6
9686446,6
4596109,6
2155811,6
1862658,6
1690181,6
9883610,6
89355,6
1733911,6
4106911,6
6558943,6
182238,6
6028745,6
33800,6
9064772,6
10596142,6
3559427,6
4132400,6
10290541,6
9549462,6
837280,6
2684527,6
3659801,6
1331738,6
5909016,6
1628781,6
3356207,6
3464447,6
2065069,6
5436464,6
7354892,6
7029856,6
9071109,6
1689721,6
8088335,6
724556,6
3489854,6
2801987,6
5924124,6
3106885,6
8272955,6
9239219,6
11013502,6
6253976,6
10963965,6
9509554,6
8172941,6
8283945,6
4578853,6
5781079,6
71962,6
8317787,6
9959173,6
10328113,6
306871,6
9090876,6
9137424,6
8619691,6
376374,6
3707172,6
4853764,6
173347,6
4804001,6
9544958,6
1635552,6
5031437,6
2060030,6
2473107,6
2421302,6
583455,6
7341083,6
4570367,6
1080091,6
6822108,6
2498564,6
4997627,6
9894034,6
11550095,6
5003841,6
7287627,6
11585278,6
4147326,6
3005989,6
7524506,6
2720614,6
2551038,6
1127598,6
10880549,6
5756558,6
9595895,6
2349908,6
9186036,6
7353699,6
4927806,6
901680,6
9668412,6
5141355,6
1036794,6
6017439,6
4860343,6
1023735,6
6955762,6
3963446,6
10000690,6
6260325,6
3715463,6
4794828,6
2685497,6
332683,6
4126120,6
1026141,6
865892,6
4684993,6
8378355,6
4104,6
1944094,6
211135,6
10560083,6
2085195,6
2359627,6
8565667,6
2607619,6
6584879,6
8377072,6
4036494,6
3205088,6
11398272,6
501980,6
5100192,6
3995115,6
8838266,6
5362212,6
2378526,6
1178436,6
8888922,6
4255765,6
3418987,6
4389716,6
10504949,6
4817181,6
4192726,6
1063069,6
5028413,6
4645781,6
3793360,6
693787,6
10388876,6
4588606,6
2248212,6
4598158,6
52266,6
3408464,6
2172133,6
4941175,6
4535274,6
2757437,6
3564435,6
3967780,6
1188181,6
11591388,6
2527847,6
10131942,6
123128,6
9245114,6
4549815,6
1175072,6
6302283,6
7942942,6
4145698,6
4799209,6
10426909,6
9054983,6
159295,6
5780762,6
4839391,6
3874160,6
3062813,6
5113734,6
6438857,6
6179683,6
4897001,6
9094051,6
1338876,6
9192795,6
10410320,6
5957219,6
1758467,6
2912408,6
901773,6
3213939,6
5823254,6
323906,6
6626346,6
5548529,6
5543652,6
5754709,6
1499092,6
1654475,6
4889740,6
2109995,6
2605077,6
4175869,6
10249950,6
1203929,6
2644487,6
128668,6
2494389,6
3732732,6
5819061,6
2638019,6
317799,6
10939810,6
9390435,6
379216,6
8407474,6
3442340,6
6947847,6
9614849,6
5051198,6
6227248,6
6508540,6
3593390,6
4718874,6
11441852,6
7806083,6
10811081,6
5703424,6
8441436,6
4198758,6
10861769,6
6643047,6
1992761,6
3379625,6
8713178,6
5793283,6
6656525,6
7691883,6
2991334,6
7931326,6
10216298,6
2370580,6
65959,6
3738430,6
5370336,6
10407993,6
2768774,6
9595222,6
6145287,6
3954899,6
2443343,6
2643421,6
8976435,6
6199132,6
3622198,6
5479148,6
786263,6
7417475,6
10106309,6
4428168,6
8399613,6
1681776,6
4906336,6
8606778,6
7510,6
4398703,6
2747771,6
5104282,6
6640742,6
250135,6
4190007,6
235927,6
10125059,6
7423783,6
6015825,6
5181209,6
10590767,6
9186,6
7323489,6
11575909,6
2112016,6
1826361,6
8761471,6
9594966,6
7475378,6
3942506,6
141205,6
2717890,6
3862042,6
5062057,6
2872703,6
610105,6
5987101,6
534098,6
11577461,6
5860344,6
6705084,6
8664148,6
4210130,6
7129733,6
10595205,6
7369503,6
7908963,6
2948561,6
3628635,6
11588430,6
9431295,6
2560497,6
1353487,6
6519026,6
7097425,6
10900509,6
209480,6
6074269,6
8899008,6
1698458,6
1689014,6
939009,6
11577113,6
1725508,6
10407028,6
7356981,6
6325510,6
7589432,6
3731465,6
183380,6
10248452,6
4364946,6
2456262,6
5490437,6
137453,6
11240290,6
11485967,6
5965107,6
1474491,6
5335379,6
3194372,6
1397156,6
3312069,6
11276205,6
6184521,6
11592002,6
8430907,6
3670052,6
4809953,6
4616239,6
4811429,6
4508590,6
8820056,6
8729197,6
6783430,6
186580,6
8294063,6
6772685,6
4693996,6
1877496,6
10856853,6
197644,6
7480117,6
10406477,6
11586242,6
1627299,6
2792296,6
6815253,6
1661352,6
4627282,6
2605371,6
11175757,6
840523,6
1804276,6
2161146,6
8927186,6
10092839,6
2715243,6
1597654,6
6274580,6
11585754,6
956340,6
8917885,6
9788068,6
8769017,6
10108521,6
3066364,6
10210929,6
4868548,6
2296275,6
4523687,6
3710727,6
5270915,6
9273407,6
352982,6
3405457,6
1733432,6
3221772,6
4361165,6
806811,6
108253,6
2005274,6
2296465,6
5935439,6
4530071,6
8069297,6
5471843,6
4581594,6
7735100,6
2236601,6
1689822,6
3638469,6
3687863,6
5148333,6
81960,6
3671287,6
3560817,6
4570928,6
665982,6
8792569,6
156267,6
1194487,6
8397907,6
596923,6
8918032,6
3029071,6
1430588,6
9656792,6
6207774,6
5704471,6
11512059,6
11006810,6
9383243,6
10714790,6
4895066,6
1445223,6
9462144,6
3922132,6
1439493,6
3483072,6
6531256,6
4820528,6
10256105,6
972496,6
1725255,6
3942213,6
212627,6
1798160,6
6210113,6
9600548,6
2966247,6
4569910,6
2195984,6
4520215,6
4623545,6
2198940,6
2832207,6
11065298,6
11394421,6
7203721,6
4986089,6
2018719,6
2264038,6
7293230,6
1479229,6
4390706,6
4198132,6
1338020,6
7618319,6
9837512,6
6291310,6
6924351,6
7894154,6
7303259,6
3196851,6
7744328,6
7169162,6
4517229,6
1266779,6
1770108,6
9702860,6
1510559,6
6093722,6
9321840,6
7417126,6
155858,6
4732808,6
8260758,6
6603116,6
322971,6
3077518,6
2907766,6
7906435,6
3081812,6
5454059,6
6557323,6
9334039,6
3898734,6
10854461,6
5701406,6
2851386,6
139142,6
4619516,6
4744164,6
766847,6
1252411,6
7226268,6
4092204,6
4124447,6
7246805,6
4214195,6
5106805,6
79327,6
1783677,6
11559124,6
10407358,6
7098381,6
6600445,6
663367,6
10888238,6
306869,6
4115164,6
2796078,6
6586761,6
8794919,6
4736013,6
9247357,6
2081246,6
10850326,6
660644,6
114643,6
8400459,6
3111761,6
661048,6
7641789,6
2035298,6
1086507,6
4203437,6
11586580,6
5398804,6
7936831,6
6666827,6
792610,6
1275265,6
10846488,6
1397376,6
906894,6
1031274,6
10514088,6
6191375,6
6136184,6
2281717,6
9493634,6
10437343,6
4533598,6
158987,6
95589,6
6229334,6
3270666,6
5497843,6
7683845,6
4329867,6
140457,6
1848513,6
2281450,6
668054,6
1718201,6
3766908,6
1487164,6
3331971,6
3638293,6
699143,6
10064473,6
10866372,6
1012764,6
2176332,6
6677744,6
3157187,6
7805763,6
1124659,6
1268770,6
247099,6
5780344,6
7147339,6
1708960,6
2227175,6
6658861,6
2669696,6
5357427,6
7262653,6
1605071,6
7389392,6
2147913,6
6993644,6
2229456,6
3484,6
5919405,6
4195445,6
5027467,6
10030296,6
5759706,6
5026945,6
2703478,6
9331632,6
7512260,6
11424523,6
1265956,6
818269,6
2235493,6
3232852,6
10062083,6
2090990,6
9871455,6
10444223,6
7875041,6
1332371,6
4630091,6
11584776,6
1166559,6
1442422,6
3418200,6
4346780,6
8206169,6
9761525,6
2449068,6
11013577,6
3705567,6
1857899,6
4011379,6
11589132,6
3805937,6
1613592,6
3711720,6
7688700,6
11368416,6
4110693,6
4062005,6
2726855,6
1706267,6
7761031,6
6124047,6
4009786,6
5932026,6
8019835,6
6930216,6
10152276,6
11519535,6
714683,6
4565240,6
2608023,6
7552944,6
4853974,6
4114254,6
16424,6
6953563,6
8377536,6
6731793,6
2889428,6
2912303,6
11526843,6
10016917,6
211107,6
3937975,6
1758644,6
3498163,6
3032058,6
1336643,6
1857611,6
1065537,6
4699950,6
11588336,6
3600780,6
7267633,6
6151790,6
2331378,6
7038845,6
5286755,6
3905918,6
497543,6
8599669,6
1852932,6
2674101,6
7500008,6
6066195,6
11199743,6
6199051,6
98252,6
4480490,6
4168972,6
11327067,6
6773915,6
2749745,6
582271,6
7329765,6
33312,6
7913421,6
3906972,6
5238101,6
249455,6
2902708,6
5387232,6
1270193,6
2698735,6
4831453,6
416638,6
5892035,6
9754358,6
5138075,6
8121271,6
5451335,6
3645301,6
3468258,6
3144391,6
1661250,6
5984093,6
3563981,6
79120,6
18079,6
4360311,6
4289095,6
6695653,6
5315486,6
7643204,6
497635,6
531742,6
176744,6
3532037,6
10876899,6
1164050,6
4634930,6
3073878,6
4869890,6
1694427,6
7231298,6
6107703,6
6051602,6
2653630,6
10086719,6
11236435,6
9089466,6
3688285,6
1385706,6
5868646,6
67304,6
2391086,6
89037,6
2284006,6
380890,6
1456565,6
10270243,6
6388875,6
7547075,6
1385518,6
2789352,6
6076117,6
3911915,6
8493183,6
6272597,6
7738004,6
6916013,6
314782,6
10803665,6
4260989,6
6758417,6
6636721,6
10198352,6
8757531,6
1745197,6
224879,6
2066331,6
5149985,6
4526313,6
6698877,6
11193561,6
11591762,6
6092349,6
8799824,6
6828061,6
1140949,6
6377651,6
3252728,6
2804273,6
5359232,6
5819095,6
2488713,6
1409790,6
7192657,6
10067081,6
6761975,6
8722003,6
2767381,6
6664788,6
4628117,6
3474647,6
8162788,6
10719387,6
8904956,6
2184334,6
2526600,6
